-- --------------------------------------------------------
-- Host:                         127.0.0.1
-- Server version:               10.4.32-MariaDB - mariadb.org binary distribution
-- Server OS:                    Win64
-- HeidiSQL Version:             12.10.0.7000
-- --------------------------------------------------------

/*!40101 SET @OLD_CHARACTER_SET_CLIENT=@@CHARACTER_SET_CLIENT */;
/*!40101 SET NAMES utf8 */;
/*!50503 SET NAMES utf8mb4 */;
/*!40103 SET @OLD_TIME_ZONE=@@TIME_ZONE */;
/*!40103 SET TIME_ZONE='+00:00' */;
/*!40014 SET @OLD_FOREIGN_KEY_CHECKS=@@FOREIGN_KEY_CHECKS, FOREIGN_KEY_CHECKS=0 */;
/*!40101 SET @OLD_SQL_MODE=@@SQL_MODE, SQL_MODE='NO_AUTO_VALUE_ON_ZERO' */;
/*!40111 SET @OLD_SQL_NOTES=@@SQL_NOTES, SQL_NOTES=0 */;

SET FOREIGN_KEY_CHECKS=0;

-- Dumping structure for table topcommerce.addresses
DROP TABLE IF EXISTS `addresses`;
CREATE TABLE IF NOT EXISTS `addresses` (
  `id` bigint(20) unsigned NOT NULL AUTO_INCREMENT,
  `user_id` bigint(20) unsigned DEFAULT NULL,
  `name` varchar(255) DEFAULT NULL,
  `email` varchar(255) DEFAULT NULL,
  `phone` varchar(255) DEFAULT NULL,
  `country_id` varchar(255) DEFAULT NULL,
  `state_id` varchar(255) DEFAULT NULL,
  `city_id` varchar(255) DEFAULT NULL,
  `zip_code` varchar(255) DEFAULT NULL,
  `address` varchar(255) DEFAULT NULL,
  `walk_in_customer` tinyint(1) DEFAULT NULL,
  `type` enum('home','office') NOT NULL DEFAULT 'home',
  `default` tinyint(1) DEFAULT NULL,
  `status` tinyint(1) NOT NULL DEFAULT 1,
  `created_at` timestamp NULL DEFAULT NULL,
  `updated_at` timestamp NULL DEFAULT NULL,
  PRIMARY KEY (`id`)
) ENGINE=InnoDB AUTO_INCREMENT=3 DEFAULT CHARSET=utf8mb4 COLLATE=utf8mb4_unicode_ci;

-- Dumping data for table topcommerce.addresses: ~2 rows (approximately)
DELETE FROM `addresses`;
INSERT INTO `addresses` (`id`, `user_id`, `name`, `email`, `phone`, `country_id`, `state_id`, `city_id`, `zip_code`, `address`, `walk_in_customer`, `type`, `default`, `status`, `created_at`, `updated_at`) VALUES
	(1, 1001, 'John Doe', 'user@gmail.com', '1-260-953-4711', '4', '19', '92', '60965', '1749 Jakubowski Mews\nNew Lora, ME 77555', 1, 'home', 1, 1, '2025-08-07 03:49:17', '2025-08-07 03:49:17'),
	(2, 1002, 'John Vendor', 'vendor@gmail.com', '985.546.4597', '4', '18', '87', '24405-9847', '5741 Armand Hills\nGleasonfort, MD 04639-8120', 1, 'home', 1, 1, '2025-08-07 03:49:17', '2025-08-07 03:49:17');

-- Dumping structure for table topcommerce.admins
DROP TABLE IF EXISTS `admins`;
CREATE TABLE IF NOT EXISTS `admins` (
  `id` bigint(20) unsigned NOT NULL AUTO_INCREMENT,
  `name` varchar(255) NOT NULL,
  `email` varchar(255) NOT NULL,
  `image` varchar(255) DEFAULT NULL,
  `password` varchar(255) NOT NULL,
  `is_super_admin` tinyint(1) NOT NULL DEFAULT 0,
  `status` varchar(255) NOT NULL DEFAULT 'active',
  `forget_password_token` varchar(255) DEFAULT NULL,
  `remember_token` varchar(100) DEFAULT NULL,
  `created_at` timestamp NULL DEFAULT NULL,
  `updated_at` timestamp NULL DEFAULT NULL,
  PRIMARY KEY (`id`),
  UNIQUE KEY `admins_email_unique` (`email`)
) ENGINE=InnoDB AUTO_INCREMENT=2 DEFAULT CHARSET=utf8mb4 COLLATE=utf8mb4_unicode_ci;

-- Dumping data for table topcommerce.admins: ~1 rows (approximately)
DELETE FROM `admins`;
INSERT INTO `admins` (`id`, `name`, `email`, `image`, `password`, `is_super_admin`, `status`, `forget_password_token`, `remember_token`, `created_at`, `updated_at`) VALUES
	(1, 'Admin', 'admin@gmail.com', 'website/images/admin.webp', '$2y$12$Zyj8zdngP9hyyMaXv0WxueffkUbK041CYjWT5BjIRddEj4ogBv29i', 1, 'active', NULL, NULL, '2025-08-07 03:49:17', '2025-08-07 03:51:32');

-- Dumping structure for table topcommerce.admin_notifications
DROP TABLE IF EXISTS `admin_notifications`;
CREATE TABLE IF NOT EXISTS `admin_notifications` (
  `id` bigint(20) unsigned NOT NULL AUTO_INCREMENT,
  `title` varchar(255) NOT NULL,
  `message` text NOT NULL,
  `link` varchar(255) DEFAULT NULL,
  `type` enum('info','success','danger','warning','order') NOT NULL DEFAULT 'info',
  `is_read` tinyint(1) NOT NULL DEFAULT 0,
  `created_at` timestamp NULL DEFAULT NULL,
  `updated_at` timestamp NULL DEFAULT NULL,
  PRIMARY KEY (`id`)
) ENGINE=InnoDB AUTO_INCREMENT=45 DEFAULT CHARSET=utf8mb4 COLLATE=utf8mb4_unicode_ci;

-- Dumping data for table topcommerce.admin_notifications: ~44 rows (approximately)
DELETE FROM `admin_notifications`;
INSERT INTO `admin_notifications` (`id`, `title`, `message`, `link`, `type`, `is_read`, `created_at`, `updated_at`) VALUES
	(1, 'Installed Successfully', 'Welcome to TopCommerce(3.0.0)', NULL, 'success', 0, '2025-08-07 03:49:14', '2025-08-07 03:49:14'),
	(2, 'New order placed #INV-00000001', 'New order placed by John Pierce', 'https://topcommerce.test/admin/order/INV-00000001', 'order', 0, '2025-08-07 04:18:47', '2025-08-07 04:18:47'),
	(3, 'New order placed #INV-00000002', 'New order placed by John Pierce', 'https://topcommerce.test/admin/order/INV-00000002', 'order', 0, '2025-08-07 04:18:55', '2025-08-07 04:18:55'),
	(4, 'New order placed #INV-00000003', 'New order placed by John Pierce', 'https://topcommerce.test/admin/order/INV-00000003', 'order', 0, '2025-08-07 04:19:02', '2025-08-07 04:19:02'),
	(5, 'New order placed #INV-00000005', 'New order placed by John Pierce', 'https://topcommerce.test/admin/order/INV-00000005', 'order', 0, '2025-08-07 04:24:32', '2025-08-07 04:24:32'),
	(6, 'New order placed #INV-00000006', 'New order placed by John Pierce', 'https://topcommerce.test/admin/order/INV-00000006', 'order', 0, '2025-08-07 04:24:35', '2025-08-07 04:24:35'),
	(7, 'New order placed #INV-00000007', 'New order placed by John Pierce', 'https://topcommerce.test/admin/order/INV-00000007', 'order', 0, '2025-08-07 04:24:38', '2025-08-07 04:24:38'),
	(8, 'New order placed #INV-00000008', 'New order placed by John Pierce', 'https://topcommerce.test/admin/order/INV-00000008', 'order', 0, '2025-08-07 04:24:42', '2025-08-07 04:24:42'),
	(9, 'New Balance Add Request', 'A new wallet amount add request added. Order ID: INV-00000008', 'https://topcommerce.test/admin/show-wallet-history/1', 'info', 0, '2025-08-07 04:25:16', '2025-08-07 04:25:16'),
	(10, 'Balance Added(Auto Accepted)', 'You added amount 522.68 to John Vendor wallet balance for order #INV-00000008', NULL, 'info', 0, '2025-08-07 04:25:24', '2025-08-07 04:25:24'),
	(11, 'Order #INV-00000008 Payment Confirmed.', 'Order #INV-00000008 has been successfully paid.', 'https://topcommerce.test/admin/order/INV-00000008', 'order', 0, '2025-08-07 04:25:27', '2025-08-07 04:25:27'),
	(12, 'New order placed #INV-00000009', 'New order placed by John Doe', 'https://topcommerce.test/admin/order/INV-00000009', 'order', 0, '2025-08-07 04:26:35', '2025-08-07 04:26:35'),
	(13, 'New order placed #INV-00000010', 'New order placed by John Doe', 'https://topcommerce.test/admin/order/INV-00000010', 'order', 0, '2025-08-07 04:26:38', '2025-08-07 04:26:38'),
	(14, 'New Balance Add Request', 'A new wallet amount add request added. Order ID: INV-00000010', 'https://topcommerce.test/admin/show-wallet-history/2', 'info', 0, '2025-08-07 04:26:52', '2025-08-07 04:26:52'),
	(15, 'Balance Added(Auto Accepted)', 'You added amount 479.50 to Faye Legros wallet balance for order #INV-00000010', NULL, 'info', 0, '2025-08-07 04:27:00', '2025-08-07 04:27:00'),
	(16, 'Order #INV-00000010 Payment Confirmed.', 'Order #INV-00000010 has been successfully paid.', 'https://topcommerce.test/admin/order/INV-00000010', 'order', 0, '2025-08-07 04:27:03', '2025-08-07 04:27:03'),
	(17, 'New order placed #INV-00000011', 'New order placed by John Doe', 'https://topcommerce.test/admin/order/INV-00000011', 'order', 0, '2025-08-07 04:50:40', '2025-08-07 04:50:40'),
	(18, 'New order placed #INV-00000012', 'New order placed by John Doe', 'https://topcommerce.test/admin/order/INV-00000012', 'order', 0, '2025-08-07 04:50:44', '2025-08-07 04:50:44'),
	(19, 'New order placed #INV-00000013', 'New order placed by John Doe', 'https://topcommerce.test/admin/order/INV-00000013', 'order', 0, '2025-08-07 04:50:47', '2025-08-07 04:50:47'),
	(20, 'New Balance Add Request', 'A new wallet amount add request added. Order ID: INV-00000011', 'https://topcommerce.test/admin/show-wallet-history/3', 'info', 0, '2025-08-07 04:51:03', '2025-08-07 04:51:03'),
	(21, 'Balance Added(Auto Accepted)', 'You added amount 522.68 to John Vendor wallet balance for order #INV-00000011', NULL, 'info', 0, '2025-08-07 04:51:10', '2025-08-07 04:51:10'),
	(22, 'Order #INV-00000011 Payment Confirmed.', 'Order #INV-00000011 has been successfully paid.', 'https://topcommerce.test/admin/order/INV-00000011', 'order', 0, '2025-08-07 04:51:13', '2025-08-07 04:51:13'),
	(23, 'New Balance Add Request', 'A new wallet amount add request added. Order ID: INV-00000012', 'https://topcommerce.test/admin/show-wallet-history/4', 'info', 0, '2025-08-07 04:51:13', '2025-08-07 04:51:13'),
	(24, 'Balance Added(Auto Accepted)', 'You added amount 1474.69 to Chesley Luettgen wallet balance for order #INV-00000012', NULL, 'info', 0, '2025-08-07 04:51:16', '2025-08-07 04:51:16'),
	(25, 'Order #INV-00000012 Payment Confirmed.', 'Order #INV-00000012 has been successfully paid.', 'https://topcommerce.test/admin/order/INV-00000012', 'order', 0, '2025-08-07 04:51:20', '2025-08-07 04:51:20'),
	(26, 'New Balance Add Request', 'A new wallet amount add request added. Order ID: INV-00000013', 'https://topcommerce.test/admin/show-wallet-history/5', 'info', 0, '2025-08-07 04:51:20', '2025-08-07 04:51:20'),
	(27, 'Balance Added(Auto Accepted)', 'You added amount 1081.33 to Ciara Carter I wallet balance for order #INV-00000013', NULL, 'info', 0, '2025-08-07 04:51:24', '2025-08-07 04:51:24'),
	(28, 'Order #INV-00000013 Payment Confirmed.', 'Order #INV-00000013 has been successfully paid.', 'https://topcommerce.test/admin/order/INV-00000013', 'order', 0, '2025-08-07 04:51:27', '2025-08-07 04:51:27'),
	(29, 'Order #INV-00000009 Payment Status Updated.', 'Order #INV-00000009 payment status has been updated to Processing.', 'https://topcommerce.test/admin/order/INV-00000009', 'order', 0, '2025-08-07 04:54:01', '2025-08-07 04:54:01'),
	(30, 'New Balance Add Request', 'A new wallet amount add request added. Order ID: INV-00000009', 'https://topcommerce.test/admin/show-wallet-history/6', 'info', 0, '2025-08-07 04:54:12', '2025-08-07 04:54:12'),
	(31, 'Balance Added(Auto Accepted)', 'You added amount 57.34 to Bart Wehner wallet balance for order #INV-00000009', NULL, 'info', 0, '2025-08-07 04:54:15', '2025-08-07 04:54:15'),
	(32, 'Duplicate Wallet Request', 'You tried to add amount to the wallet of ujaskolski@example.com which was already added at 2025-08-07 - 04:54 PM', 'https://topcommerce.test/admin/show-wallet-history/6', 'info', 0, '2025-08-07 04:54:19', '2025-08-07 04:54:19'),
	(33, 'Order #INV-00000009 Payment Status Updated.', 'Order #INV-00000009 payment status has been updated to Completed.', 'https://topcommerce.test/admin/order/INV-00000009', 'order', 0, '2025-08-07 04:54:19', '2025-08-07 04:54:19'),
	(34, 'Withdraw Request Received', 'A new withdraw request has been received from John Vendor (vendor@gmail.com). Please check the details.', 'https://topcommerce.test/admin/show-withdraw/1', 'info', 0, '2025-08-07 04:55:28', '2025-08-07 04:55:28'),
	(35, 'Withdraw request approval', 'A withdraw request has been approved for John Vendor (vendor@gmail.com). Please check the details.', 'https://topcommerce.test/admin/show-withdraw/1', 'success', 0, '2025-08-07 04:55:49', '2025-08-07 04:55:49'),
	(36, 'Withdraw Request Received', 'A new withdraw request has been received from John Vendor (vendor@gmail.com). Please check the details.', 'https://topcommerce.test/admin/show-withdraw/2', 'info', 0, '2025-08-07 04:56:26', '2025-08-07 04:56:26'),
	(37, 'New order placed #INV-00000014', 'New order placed by John Vendor', 'https://topcommerce.test/admin/order/INV-00000014', 'order', 0, '2025-08-07 04:57:52', '2025-08-07 04:57:52'),
	(38, 'New order placed #INV-00000015', 'New order placed by John Vendor', 'https://topcommerce.test/admin/order/INV-00000015', 'order', 0, '2025-08-07 04:57:55', '2025-08-07 04:57:55'),
	(39, 'New Balance Add Request', 'A new wallet amount add request added. Order ID: INV-00000014', 'https://topcommerce.test/admin/show-wallet-history/8', 'info', 0, '2025-08-07 04:58:17', '2025-08-07 04:58:17'),
	(40, 'Balance Added(Auto Accepted)', 'You added amount 57.34 to Bart Wehner wallet balance for order #INV-00000014', NULL, 'info', 0, '2025-08-07 04:58:24', '2025-08-07 04:58:24'),
	(41, 'Order #INV-00000014 Payment Confirmed.', 'Order #INV-00000014 has been successfully paid.', 'https://topcommerce.test/admin/order/INV-00000014', 'order', 0, '2025-08-07 04:58:28', '2025-08-07 04:58:28'),
	(42, 'New Balance Add Request', 'A new wallet amount add request added. Order ID: INV-00000015', 'https://topcommerce.test/admin/show-wallet-history/9', 'info', 0, '2025-08-07 04:58:28', '2025-08-07 04:58:28'),
	(43, 'Balance Added(Auto Accepted)', 'You added amount 1771.13 to Chesley Luettgen wallet balance for order #INV-00000015', NULL, 'info', 0, '2025-08-07 04:58:31', '2025-08-07 04:58:31'),
	(44, 'Order #INV-00000015 Payment Confirmed.', 'Order #INV-00000015 has been successfully paid.', 'https://topcommerce.test/admin/order/INV-00000015', 'order', 0, '2025-08-07 04:58:35', '2025-08-07 04:58:35');

-- Dumping structure for table topcommerce.attributes
DROP TABLE IF EXISTS `attributes`;
CREATE TABLE IF NOT EXISTS `attributes` (
  `id` bigint(20) unsigned NOT NULL AUTO_INCREMENT,
  `slug` varchar(255) NOT NULL,
  `status` tinyint(1) NOT NULL DEFAULT 1,
  `created_at` timestamp NULL DEFAULT NULL,
  `updated_at` timestamp NULL DEFAULT NULL,
  `deleted_at` timestamp NULL DEFAULT NULL,
  PRIMARY KEY (`id`),
  UNIQUE KEY `attributes_slug_unique` (`slug`)
) ENGINE=InnoDB AUTO_INCREMENT=3 DEFAULT CHARSET=utf8mb4 COLLATE=utf8mb4_unicode_ci;

-- Dumping data for table topcommerce.attributes: ~2 rows (approximately)
DELETE FROM `attributes`;
INSERT INTO `attributes` (`id`, `slug`, `status`, `created_at`, `updated_at`, `deleted_at`) VALUES
	(1, 'size', 1, '2025-04-29 17:14:11', '2025-04-29 17:14:11', NULL),
	(2, 'color', 1, '2025-04-29 17:15:06', '2025-04-29 17:15:06', NULL);

-- Dumping structure for table topcommerce.attribute_images
DROP TABLE IF EXISTS `attribute_images`;
CREATE TABLE IF NOT EXISTS `attribute_images` (
  `id` bigint(20) unsigned NOT NULL AUTO_INCREMENT,
  `product_id` bigint(20) unsigned NOT NULL,
  `attribute_id` bigint(20) unsigned NOT NULL,
  `attribute_value_id` bigint(20) unsigned NOT NULL,
  `image` varchar(255) DEFAULT NULL,
  `created_at` timestamp NULL DEFAULT NULL,
  `updated_at` timestamp NULL DEFAULT NULL,
  PRIMARY KEY (`id`)
) ENGINE=InnoDB AUTO_INCREMENT=44 DEFAULT CHARSET=utf8mb4 COLLATE=utf8mb4_unicode_ci;

-- Dumping data for table topcommerce.attribute_images: ~43 rows (approximately)
DELETE FROM `attribute_images`;
INSERT INTO `attribute_images` (`id`, `product_id`, `attribute_id`, `attribute_value_id`, `image`, `created_at`, `updated_at`) VALUES
	(1, 3, 2, 15, 'website/images/products/product_4.webp', '2025-08-07 03:49:21', '2025-08-07 03:49:21'),
	(2, 3, 2, 8, 'website/images/products/product_15.webp', '2025-08-07 03:49:21', '2025-08-07 03:49:21'),
	(3, 4, 2, 16, 'website/images/products/product_18.webp', '2025-08-07 03:49:21', '2025-08-07 03:49:21'),
	(4, 4, 2, 8, 'website/images/products/product_3.webp', '2025-08-07 03:49:21', '2025-08-07 03:49:21'),
	(5, 4, 2, 14, 'website/images/products/product_38.webp', '2025-08-07 03:49:21', '2025-08-07 03:49:21'),
	(6, 6, 2, 16, 'website/images/products/product_11.webp', '2025-08-07 03:49:21', '2025-08-07 03:49:21'),
	(7, 6, 2, 14, 'website/images/products/product_40.webp', '2025-08-07 03:49:21', '2025-08-07 03:49:21'),
	(8, 7, 2, 9, 'website/images/products/product_48.webp', '2025-08-07 03:49:22', '2025-08-07 03:49:22'),
	(9, 7, 2, 12, 'website/images/products/product_38.webp', '2025-08-07 03:49:22', '2025-08-07 03:49:22'),
	(10, 7, 2, 14, 'website/images/products/product_43.webp', '2025-08-07 03:49:22', '2025-08-07 03:49:22'),
	(11, 10, 2, 16, 'website/images/products/product_52.webp', '2025-08-07 03:49:22', '2025-08-07 03:49:22'),
	(12, 10, 2, 14, 'website/images/products/product_58.webp', '2025-08-07 03:49:22', '2025-08-07 03:49:22'),
	(13, 11, 2, 11, 'website/images/products/product_49.webp', '2025-08-07 03:49:22', '2025-08-07 03:49:22'),
	(14, 11, 2, 13, 'website/images/products/product_19.webp', '2025-08-07 03:49:22', '2025-08-07 03:49:22'),
	(15, 23, 2, 13, 'website/images/products/product_31.webp', '2025-08-07 03:49:22', '2025-08-07 03:49:22'),
	(16, 26, 2, 14, 'website/images/products/product_10.webp', '2025-08-07 03:49:23', '2025-08-07 03:49:23'),
	(17, 29, 2, 13, 'website/images/products/product_44.webp', '2025-08-07 03:49:23', '2025-08-07 03:49:23'),
	(18, 32, 2, 16, 'website/images/products/product_57.webp', '2025-08-07 03:49:23', '2025-08-07 03:49:23'),
	(19, 32, 2, 12, 'website/images/products/product_13.webp', '2025-08-07 03:49:23', '2025-08-07 03:49:23'),
	(20, 32, 2, 10, 'website/images/products/product_41.webp', '2025-08-07 03:49:23', '2025-08-07 03:49:23'),
	(21, 35, 2, 15, 'website/images/products/product_51.webp', '2025-08-07 03:49:23', '2025-08-07 03:49:23'),
	(22, 35, 2, 9, 'website/images/products/product_8.webp', '2025-08-07 03:49:23', '2025-08-07 03:49:23'),
	(23, 36, 2, 8, 'website/images/products/product_49.webp', '2025-08-07 03:49:23', '2025-08-07 03:49:23'),
	(24, 36, 2, 11, 'website/images/products/product_53.webp', '2025-08-07 03:49:23', '2025-08-07 03:49:23'),
	(25, 37, 2, 14, 'website/images/products/product_5.webp', '2025-08-07 03:49:23', '2025-08-07 03:49:23'),
	(26, 39, 2, 8, 'website/images/products/product_16.webp', '2025-08-07 03:49:24', '2025-08-07 03:49:24'),
	(27, 42, 2, 8, 'website/images/products/product_14.webp', '2025-08-07 03:49:24', '2025-08-07 03:49:24'),
	(28, 45, 2, 10, 'website/images/products/product_41.webp', '2025-08-07 03:49:24', '2025-08-07 03:49:24'),
	(29, 45, 2, 14, 'website/images/products/product_51.webp', '2025-08-07 03:49:24', '2025-08-07 03:49:24'),
	(30, 55, 2, 9, 'website/images/products/product_8.webp', '2025-08-07 03:49:24', '2025-08-07 03:49:24'),
	(31, 55, 2, 8, 'website/images/products/product_43.webp', '2025-08-07 03:49:24', '2025-08-07 03:49:24'),
	(32, 57, 2, 10, 'website/images/products/product_11.webp', '2025-08-07 03:49:24', '2025-08-07 03:49:24'),
	(33, 57, 2, 12, 'website/images/products/product_50.webp', '2025-08-07 03:49:25', '2025-08-07 03:49:25'),
	(34, 57, 2, 14, 'website/images/products/product_57.webp', '2025-08-07 03:49:25', '2025-08-07 03:49:25'),
	(35, 59, 2, 14, 'website/images/products/product_35.webp', '2025-08-07 03:49:25', '2025-08-07 03:49:25'),
	(36, 59, 2, 11, 'website/images/products/product_32.webp', '2025-08-07 03:49:25', '2025-08-07 03:49:25'),
	(37, 62, 2, 8, 'website/images/products/product_51.webp', '2025-08-07 03:49:25', '2025-08-07 03:49:25'),
	(38, 62, 2, 14, 'website/images/products/product_56.webp', '2025-08-07 03:49:25', '2025-08-07 03:49:25'),
	(39, 64, 2, 10, 'website/images/products/product_43.webp', '2025-08-07 03:49:25', '2025-08-07 03:49:25'),
	(40, 64, 2, 8, 'website/images/products/product_57.webp', '2025-08-07 03:49:25', '2025-08-07 03:49:25'),
	(41, 64, 2, 16, 'website/images/products/product_37.webp', '2025-08-07 03:49:25', '2025-08-07 03:49:25'),
	(42, 64, 2, 15, 'website/images/products/product_46.webp', '2025-08-07 03:49:25', '2025-08-07 03:49:25'),
	(43, 80, 2, 16, 'website/images/products/product_16.webp', '2025-08-07 03:49:26', '2025-08-07 03:49:26');

-- Dumping structure for table topcommerce.attribute_translations
DROP TABLE IF EXISTS `attribute_translations`;
CREATE TABLE IF NOT EXISTS `attribute_translations` (
  `id` bigint(20) unsigned NOT NULL AUTO_INCREMENT,
  `attribute_id` bigint(20) unsigned NOT NULL,
  `name` varchar(255) NOT NULL,
  `lang_code` varchar(255) NOT NULL,
  `created_at` timestamp NULL DEFAULT NULL,
  `updated_at` timestamp NULL DEFAULT NULL,
  PRIMARY KEY (`id`),
  KEY `attribute_translations_attribute_id_foreign` (`attribute_id`),
  CONSTRAINT `attribute_translations_attribute_id_foreign` FOREIGN KEY (`attribute_id`) REFERENCES `attributes` (`id`) ON DELETE CASCADE
) ENGINE=InnoDB AUTO_INCREMENT=5 DEFAULT CHARSET=utf8mb4 COLLATE=utf8mb4_unicode_ci;

-- Dumping data for table topcommerce.attribute_translations: ~4 rows (approximately)
DELETE FROM `attribute_translations`;
INSERT INTO `attribute_translations` (`id`, `attribute_id`, `name`, `lang_code`, `created_at`, `updated_at`) VALUES
	(1, 1, 'Size', 'en', '2025-04-29 17:14:11', '2025-04-29 17:14:11'),
	(2, 1, 'Size', 'ar', '2025-04-29 17:14:11', '2025-04-29 17:14:11'),
	(3, 2, 'Color', 'en', '2025-04-29 17:15:06', '2025-04-29 17:15:06'),
	(4, 2, 'Color', 'ar', '2025-04-29 17:15:06', '2025-04-29 17:15:06');

-- Dumping structure for table topcommerce.attribute_values
DROP TABLE IF EXISTS `attribute_values`;
CREATE TABLE IF NOT EXISTS `attribute_values` (
  `id` bigint(20) unsigned NOT NULL AUTO_INCREMENT,
  `has_thumbnail` tinyint(1) DEFAULT 0,
  `thumbnail` varchar(255) DEFAULT NULL,
  `attribute_id` bigint(20) unsigned NOT NULL,
  `order` int(11) NOT NULL DEFAULT 1,
  `deleted_at` timestamp NULL DEFAULT NULL,
  `created_at` timestamp NULL DEFAULT NULL,
  `updated_at` timestamp NULL DEFAULT NULL,
  PRIMARY KEY (`id`),
  KEY `attribute_values_attribute_id_foreign` (`attribute_id`),
  CONSTRAINT `attribute_values_attribute_id_foreign` FOREIGN KEY (`attribute_id`) REFERENCES `attributes` (`id`) ON DELETE CASCADE
) ENGINE=InnoDB AUTO_INCREMENT=17 DEFAULT CHARSET=utf8mb4 COLLATE=utf8mb4_unicode_ci;

-- Dumping data for table topcommerce.attribute_values: ~15 rows (approximately)
DELETE FROM `attribute_values`;
INSERT INTO `attribute_values` (`id`, `has_thumbnail`, `thumbnail`, `attribute_id`, `order`, `deleted_at`, `created_at`, `updated_at`) VALUES
	(1, 0, NULL, 1, 1, NULL, '2025-04-29 17:14:20', '2025-04-29 17:14:20'),
	(3, 0, NULL, 1, 1, NULL, '2025-04-29 17:14:30', '2025-04-29 17:14:30'),
	(4, 0, NULL, 1, 1, NULL, '2025-04-29 17:14:37', '2025-04-29 17:14:37'),
	(5, 0, NULL, 1, 1, NULL, '2025-04-29 17:14:43', '2025-04-29 17:14:43'),
	(6, 0, NULL, 1, 1, NULL, '2025-04-29 17:14:48', '2025-04-29 17:14:48'),
	(7, 0, NULL, 1, 1, NULL, '2025-04-29 17:14:55', '2025-04-29 17:14:55'),
	(8, 0, NULL, 2, 1, NULL, '2025-04-29 17:15:17', '2025-04-29 17:15:17'),
	(9, 0, NULL, 2, 1, NULL, '2025-04-29 17:15:23', '2025-04-29 17:15:23'),
	(10, 0, NULL, 2, 1, NULL, '2025-04-29 17:15:28', '2025-04-29 17:15:28'),
	(11, 0, NULL, 2, 1, NULL, '2025-04-29 17:15:38', '2025-04-29 17:15:38'),
	(12, 0, NULL, 2, 1, NULL, '2025-04-29 17:15:48', '2025-04-29 17:15:48'),
	(13, 0, NULL, 2, 1, NULL, '2025-04-29 17:15:53', '2025-04-29 17:15:53'),
	(14, 0, NULL, 2, 1, NULL, '2025-04-29 17:15:58', '2025-04-29 17:15:58'),
	(15, 0, NULL, 2, 1, NULL, '2025-04-29 17:16:04', '2025-04-29 17:16:04'),
	(16, 0, NULL, 2, 1, NULL, '2025-04-29 17:16:10', '2025-04-29 17:16:10');

-- Dumping structure for table topcommerce.attribute_value_translations
DROP TABLE IF EXISTS `attribute_value_translations`;
CREATE TABLE IF NOT EXISTS `attribute_value_translations` (
  `id` bigint(20) unsigned NOT NULL AUTO_INCREMENT,
  `attribute_value_id` bigint(20) unsigned NOT NULL,
  `name` varchar(255) DEFAULT NULL,
  `lang_code` varchar(255) NOT NULL,
  `created_at` timestamp NULL DEFAULT NULL,
  `updated_at` timestamp NULL DEFAULT NULL,
  PRIMARY KEY (`id`),
  KEY `attribute_value_translations_attribute_value_id_foreign` (`attribute_value_id`),
  CONSTRAINT `attribute_value_translations_attribute_value_id_foreign` FOREIGN KEY (`attribute_value_id`) REFERENCES `attribute_values` (`id`) ON DELETE CASCADE
) ENGINE=InnoDB AUTO_INCREMENT=33 DEFAULT CHARSET=utf8mb4 COLLATE=utf8mb4_unicode_ci;

-- Dumping data for table topcommerce.attribute_value_translations: ~30 rows (approximately)
DELETE FROM `attribute_value_translations`;
INSERT INTO `attribute_value_translations` (`id`, `attribute_value_id`, `name`, `lang_code`, `created_at`, `updated_at`) VALUES
	(1, 1, 'S', 'en', '2025-04-29 17:14:20', '2025-04-29 17:14:20'),
	(2, 1, 'S', 'ar', '2025-04-29 17:14:20', '2025-04-29 17:14:20'),
	(5, 3, 'M', 'en', '2025-04-29 17:14:30', '2025-04-29 17:14:30'),
	(6, 3, 'M', 'ar', '2025-04-29 17:14:30', '2025-04-29 17:14:30'),
	(7, 4, 'X', 'en', '2025-04-29 17:14:37', '2025-04-29 17:14:37'),
	(8, 4, 'X', 'ar', '2025-04-29 17:14:37', '2025-04-29 17:14:37'),
	(9, 5, 'L', 'en', '2025-04-29 17:14:43', '2025-04-29 17:14:43'),
	(10, 5, 'L', 'ar', '2025-04-29 17:14:43', '2025-04-29 17:14:43'),
	(11, 6, 'XL', 'en', '2025-04-29 17:14:48', '2025-04-29 17:14:48'),
	(12, 6, 'XL', 'ar', '2025-04-29 17:14:48', '2025-04-29 17:14:48'),
	(13, 7, 'XXL', 'en', '2025-04-29 17:14:55', '2025-04-29 17:14:55'),
	(14, 7, 'XXL', 'ar', '2025-04-29 17:14:55', '2025-04-29 17:14:55'),
	(15, 8, 'Red', 'en', '2025-04-29 17:15:17', '2025-04-29 17:15:17'),
	(16, 8, 'Red', 'ar', '2025-04-29 17:15:17', '2025-04-29 17:15:17'),
	(17, 9, 'Green', 'en', '2025-04-29 17:15:23', '2025-04-29 17:15:23'),
	(18, 9, 'Green', 'ar', '2025-04-29 17:15:23', '2025-04-29 17:15:23'),
	(19, 10, 'Yellow', 'en', '2025-04-29 17:15:28', '2025-04-29 17:15:28'),
	(20, 10, 'Yellow', 'ar', '2025-04-29 17:15:28', '2025-04-29 17:15:28'),
	(21, 11, 'Violet', 'en', '2025-04-29 17:15:38', '2025-04-29 17:15:38'),
	(22, 11, 'Violet', 'ar', '2025-04-29 17:15:38', '2025-04-29 17:15:38'),
	(23, 12, 'Pink', 'en', '2025-04-29 17:15:48', '2025-04-29 17:15:48'),
	(24, 12, 'Pink', 'ar', '2025-04-29 17:15:48', '2025-04-29 17:15:48'),
	(25, 13, 'White', 'en', '2025-04-29 17:15:53', '2025-04-29 17:15:53'),
	(26, 13, 'White', 'ar', '2025-04-29 17:15:53', '2025-04-29 17:15:53'),
	(27, 14, 'Black', 'en', '2025-04-29 17:15:58', '2025-04-29 17:15:58'),
	(28, 14, 'Black', 'ar', '2025-04-29 17:15:58', '2025-04-29 17:15:58'),
	(29, 15, 'Dark Black', 'en', '2025-04-29 17:16:04', '2025-04-29 17:16:04'),
	(30, 15, 'Dark Black', 'ar', '2025-04-29 17:16:04', '2025-04-29 17:16:04'),
	(31, 16, 'Sky Blue', 'en', '2025-04-29 17:16:10', '2025-04-29 17:16:10'),
	(32, 16, 'Sky Blue', 'ar', '2025-04-29 17:16:10', '2025-04-29 17:16:10');

-- Dumping structure for table topcommerce.banned_histories
DROP TABLE IF EXISTS `banned_histories`;
CREATE TABLE IF NOT EXISTS `banned_histories` (
  `id` bigint(20) unsigned NOT NULL AUTO_INCREMENT,
  `user_id` int(11) NOT NULL,
  `subject` varchar(255) DEFAULT NULL,
  `reasone` varchar(255) DEFAULT NULL,
  `description` text DEFAULT NULL,
  `created_at` timestamp NULL DEFAULT NULL,
  `updated_at` timestamp NULL DEFAULT NULL,
  PRIMARY KEY (`id`)
) ENGINE=InnoDB DEFAULT CHARSET=utf8mb4 COLLATE=utf8mb4_unicode_ci;

-- Dumping data for table topcommerce.banned_histories: ~0 rows (approximately)
DELETE FROM `banned_histories`;

-- Dumping structure for table topcommerce.basic_payments
DROP TABLE IF EXISTS `basic_payments`;
CREATE TABLE IF NOT EXISTS `basic_payments` (
  `id` bigint(20) unsigned NOT NULL AUTO_INCREMENT,
  `key` varchar(255) NOT NULL,
  `value` text NOT NULL,
  `created_at` timestamp NULL DEFAULT NULL,
  `updated_at` timestamp NULL DEFAULT NULL,
  PRIMARY KEY (`id`)
) ENGINE=InnoDB AUTO_INCREMENT=25 DEFAULT CHARSET=utf8mb4 COLLATE=utf8mb4_unicode_ci;

-- Dumping data for table topcommerce.basic_payments: ~24 rows (approximately)
DELETE FROM `basic_payments`;
INSERT INTO `basic_payments` (`id`, `key`, `value`, `created_at`, `updated_at`) VALUES
	(1, 'stripe_key', 'pk_test_33mdngCLuLsmECXOe8mbde9f00pZGT4uu9', '2025-08-07 03:49:14', '2025-08-07 04:19:00'),
	(2, 'stripe_secret', 'sk_test_MroTZzRZRv2KJ9Hmaro73SE800UOR90Q9u', '2025-08-07 03:49:14', '2025-08-07 04:19:00'),
	(3, 'stripe_currency_id', '1', '2025-08-07 03:49:14', '2025-08-07 03:49:14'),
	(4, 'stripe_status', 'active', '2025-08-07 03:49:14', '2025-08-07 04:19:00'),
	(5, 'stripe_charge', '0', '2025-08-07 03:49:14', '2025-08-07 04:19:00'),
	(6, 'stripe_image', 'website/images/gateways/stripe.webp', '2025-08-07 03:49:14', '2025-08-07 03:49:14'),
	(7, 'paypal_app_id', 'APP-80W284485P519543T', '2025-08-07 03:49:14', '2025-08-07 03:49:14'),
	(8, 'paypal_client_id', 'paypal_client_id', '2025-08-07 03:49:14', '2025-08-07 03:49:14'),
	(9, 'paypal_secret_key', 'paypal_secret_key', '2025-08-07 03:49:14', '2025-08-07 03:49:14'),
	(10, 'paypal_account_mode', 'sandbox', '2025-08-07 03:49:14', '2025-08-07 03:49:14'),
	(11, 'paypal_currency_id', '1', '2025-08-07 03:49:14', '2025-08-07 03:49:14'),
	(12, 'paypal_charge', '0', '2025-08-07 03:49:14', '2025-08-07 03:49:14'),
	(13, 'paypal_status', 'active', '2025-08-07 03:49:14', '2025-08-07 03:49:14'),
	(14, 'paypal_image', 'website/images/gateways/paypal.webp', '2025-08-07 03:49:14', '2025-08-07 03:49:14'),
	(15, 'bank_information', 'Bank Name => Your bank name\r\nAccount Number =>  Your bank account number\r\nRouting Number => Your bank routing number\r\nBranch => Your bank branch name', '2025-08-07 03:49:14', '2025-08-07 03:49:14'),
	(16, 'bank_status', 'active', '2025-08-07 03:49:14', '2025-08-07 03:49:14'),
	(17, 'bank_image', 'website/images/gateways/bank-pay.webp', '2025-08-07 03:49:14', '2025-08-07 03:49:14'),
	(18, 'bank_charge', '0', '2025-08-07 03:49:14', '2025-08-07 03:49:14'),
	(19, 'bank_currency_id', '1', '2025-08-07 03:49:14', '2025-08-07 03:49:14'),
	(20, 'hand_cash_information', 'Hand Cash Information', '2025-08-07 03:49:14', '2025-08-07 03:49:14'),
	(21, 'hand_cash_image', 'website/images/gateways/cash-on-delivery.webp', '2025-08-07 03:49:14', '2025-08-07 03:49:14'),
	(22, 'hand_cash_charge', '0', '2025-08-07 03:49:14', '2025-08-07 03:49:14'),
	(23, 'hand_cash_status', 'active', '2025-08-07 03:49:14', '2025-08-07 03:49:14'),
	(24, 'hand_cash_currency_id', '1', '2025-08-07 03:49:14', '2025-08-07 03:49:14');

-- Dumping structure for table topcommerce.blogs
DROP TABLE IF EXISTS `blogs`;
CREATE TABLE IF NOT EXISTS `blogs` (
  `id` bigint(20) unsigned NOT NULL AUTO_INCREMENT,
  `admin_id` bigint(20) unsigned NOT NULL DEFAULT 0,
  `blog_category_id` bigint(20) unsigned NOT NULL,
  `slug` text NOT NULL,
  `image` varchar(255) DEFAULT NULL,
  `views` bigint(20) NOT NULL DEFAULT 0,
  `show_homepage` tinyint(1) NOT NULL DEFAULT 0,
  `is_popular` tinyint(1) NOT NULL DEFAULT 0,
  `tags` text DEFAULT NULL,
  `status` tinyint(1) NOT NULL DEFAULT 0,
  `created_at` timestamp NULL DEFAULT NULL,
  `updated_at` timestamp NULL DEFAULT NULL,
  PRIMARY KEY (`id`)
) ENGINE=InnoDB AUTO_INCREMENT=7 DEFAULT CHARSET=utf8mb4 COLLATE=utf8mb4_unicode_ci;

-- Dumping data for table topcommerce.blogs: ~6 rows (approximately)
DELETE FROM `blogs`;
INSERT INTO `blogs` (`id`, `admin_id`, `blog_category_id`, `slug`, `image`, `views`, `show_homepage`, `is_popular`, `tags`, `status`, `created_at`, `updated_at`) VALUES
	(1, 1, 4, 'cupiditate-adipisci-aut-eius-delectus', 'website/images/blog_img_1.webp', 19, 1, 1, '[{"value":"tag one"},{"value":"tag two"}]', 1, '2025-08-07 03:49:19', '2025-08-07 03:49:19'),
	(2, 1, 5, 'nisi-numquam-dignissimos', 'website/images/blog_img_2.webp', 200, 1, 1, '[{"value":"tag one"},{"value":"tag two"}]', 1, '2025-08-07 03:49:19', '2025-08-07 03:49:19'),
	(3, 1, 5, 'sed-ut-accusantium-dolore-perferendis', 'website/images/blog_img_3.webp', 254, 1, 0, '[{"value":"tag one"},{"value":"tag two"}]', 1, '2025-08-07 03:49:19', '2025-08-07 03:49:19'),
	(4, 1, 4, 'non-velit-dignissimos', 'website/images/blog_img_4.webp', 229, 1, 0, '[{"value":"tag one"},{"value":"tag two"}]', 1, '2025-08-07 03:49:19', '2025-08-07 03:49:19'),
	(5, 1, 4, 'eum-modi-vitae', 'website/images/blog_img_5.webp', 6, 1, 1, '[{"value":"tag one"},{"value":"tag two"}]', 1, '2025-08-07 03:49:19', '2025-08-07 03:49:19'),
	(6, 1, 5, 'quia-a-est-quos-praesentium', 'website/images/blog_img_6.webp', 203, 1, 0, '[{"value":"tag one"},{"value":"tag two"}]', 1, '2025-08-07 03:49:19', '2025-08-07 03:49:19');

-- Dumping structure for table topcommerce.blog_categories
DROP TABLE IF EXISTS `blog_categories`;
CREATE TABLE IF NOT EXISTS `blog_categories` (
  `id` bigint(20) unsigned NOT NULL AUTO_INCREMENT,
  `slug` varchar(255) NOT NULL,
  `position` int(11) NOT NULL DEFAULT 0,
  `parent_id` varchar(255) DEFAULT NULL,
  `status` tinyint(1) NOT NULL DEFAULT 1,
  `created_at` timestamp NULL DEFAULT NULL,
  `updated_at` timestamp NULL DEFAULT NULL,
  PRIMARY KEY (`id`),
  UNIQUE KEY `blog_categories_slug_unique` (`slug`)
) ENGINE=InnoDB AUTO_INCREMENT=6 DEFAULT CHARSET=utf8mb4 COLLATE=utf8mb4_unicode_ci;

-- Dumping data for table topcommerce.blog_categories: ~5 rows (approximately)
DELETE FROM `blog_categories`;
INSERT INTO `blog_categories` (`id`, `slug`, `position`, `parent_id`, `status`, `created_at`, `updated_at`) VALUES
	(1, 'ea-alias', 0, NULL, 1, '2025-08-07 03:49:19', '2025-08-07 03:49:19'),
	(2, 'quisquam', 0, NULL, 1, '2025-08-07 03:49:19', '2025-08-07 03:49:19'),
	(3, 'et-sit', 0, NULL, 1, '2025-08-07 03:49:19', '2025-08-07 03:49:19'),
	(4, 'molestias-libero', 0, NULL, 1, '2025-08-07 03:49:19', '2025-08-07 03:49:19'),
	(5, 'et', 0, NULL, 1, '2025-08-07 03:49:19', '2025-08-07 03:49:19');

-- Dumping structure for table topcommerce.blog_category_translations
DROP TABLE IF EXISTS `blog_category_translations`;
CREATE TABLE IF NOT EXISTS `blog_category_translations` (
  `id` bigint(20) unsigned NOT NULL AUTO_INCREMENT,
  `blog_category_id` bigint(20) unsigned NOT NULL,
  `lang_code` varchar(255) NOT NULL,
  `title` varchar(255) DEFAULT NULL,
  `short_description` varchar(255) DEFAULT NULL,
  `created_at` timestamp NULL DEFAULT NULL,
  `updated_at` timestamp NULL DEFAULT NULL,
  PRIMARY KEY (`id`),
  KEY `blog_category_translations_blog_category_id_foreign` (`blog_category_id`),
  CONSTRAINT `blog_category_translations_blog_category_id_foreign` FOREIGN KEY (`blog_category_id`) REFERENCES `blog_categories` (`id`)
) ENGINE=InnoDB AUTO_INCREMENT=11 DEFAULT CHARSET=utf8mb4 COLLATE=utf8mb4_unicode_ci;

-- Dumping data for table topcommerce.blog_category_translations: ~10 rows (approximately)
DELETE FROM `blog_category_translations`;
INSERT INTO `blog_category_translations` (`id`, `blog_category_id`, `lang_code`, `title`, `short_description`, `created_at`, `updated_at`) VALUES
	(1, 1, 'en', 'Ea Alias', NULL, '2025-08-07 03:49:19', '2025-08-07 03:49:19'),
	(2, 1, 'ar', 'Ea Alias', NULL, '2025-08-07 03:49:19', '2025-08-07 03:49:19'),
	(3, 2, 'en', 'Quisquam', NULL, '2025-08-07 03:49:19', '2025-08-07 03:49:19'),
	(4, 2, 'ar', 'Quisquam', NULL, '2025-08-07 03:49:19', '2025-08-07 03:49:19'),
	(5, 3, 'en', 'Et Sit', NULL, '2025-08-07 03:49:19', '2025-08-07 03:49:19'),
	(6, 3, 'ar', 'Et Sit', NULL, '2025-08-07 03:49:19', '2025-08-07 03:49:19'),
	(7, 4, 'en', 'Molestias Libero', NULL, '2025-08-07 03:49:19', '2025-08-07 03:49:19'),
	(8, 4, 'ar', 'Molestias Libero', NULL, '2025-08-07 03:49:19', '2025-08-07 03:49:19'),
	(9, 5, 'en', 'Et', NULL, '2025-08-07 03:49:19', '2025-08-07 03:49:19'),
	(10, 5, 'ar', 'Et', NULL, '2025-08-07 03:49:19', '2025-08-07 03:49:19');

-- Dumping structure for table topcommerce.blog_comments
DROP TABLE IF EXISTS `blog_comments`;
CREATE TABLE IF NOT EXISTS `blog_comments` (
  `id` bigint(20) unsigned NOT NULL AUTO_INCREMENT,
  `user_id` bigint(20) unsigned NOT NULL,
  `blog_id` bigint(20) unsigned NOT NULL,
  `parent_id` bigint(20) unsigned NOT NULL DEFAULT 0,
  `name` varchar(255) DEFAULT NULL,
  `email` varchar(255) DEFAULT NULL,
  `phone` varchar(255) DEFAULT NULL,
  `image` varchar(255) DEFAULT NULL,
  `comment` text NOT NULL,
  `is_admin` tinyint(1) NOT NULL DEFAULT 0,
  `status` tinyint(1) NOT NULL DEFAULT 0,
  `created_at` timestamp NULL DEFAULT NULL,
  `updated_at` timestamp NULL DEFAULT NULL,
  PRIMARY KEY (`id`)
) ENGINE=InnoDB AUTO_INCREMENT=19 DEFAULT CHARSET=utf8mb4 COLLATE=utf8mb4_unicode_ci;

-- Dumping data for table topcommerce.blog_comments: ~18 rows (approximately)
DELETE FROM `blog_comments`;
INSERT INTO `blog_comments` (`id`, `user_id`, `blog_id`, `parent_id`, `name`, `email`, `phone`, `image`, `comment`, `is_admin`, `status`, `created_at`, `updated_at`) VALUES
	(1, 1001, 1, 0, 'Dr. Hadley Streich', 'hintz.andreane@gmail.com', '309-510-7553', 'uploads/website-images/default-avatar.png', 'Sit qui rerum laboriosam et alias at sed rerum. Voluptate aliquam rerum voluptatibus dolore. Atque et modi et nesciunt.', 0, 1, '2025-08-07 03:49:19', '2025-08-07 03:49:19'),
	(2, 1007, 1, 0, 'Kianna Toy DVM', 'soledad41@yahoo.com', '+18034961373', 'uploads/website-images/default-avatar.png', 'Provident iste est quos ut. Quaerat tempore accusantium enim eum. Nostrum sint sint ducimus voluptates. Minus voluptas cum et est necessitatibus in.', 0, 1, '2025-08-07 03:49:19', '2025-08-07 03:49:19'),
	(3, 1008, 1, 0, 'Prof. Bobby Altenwerth', 'xklocko@yahoo.com', '+1-305-301-4873', 'uploads/website-images/default-avatar.png', 'Voluptates repellat est consequuntur porro. Tempore vero minima commodi quia. Sed asperiores illum aut atque quod.', 0, 1, '2025-08-07 03:49:19', '2025-08-07 03:49:19'),
	(4, 1001, 2, 0, 'Kieran Raynor', 'antwon06@mertz.net', '915-200-4009', 'uploads/website-images/default-avatar.png', 'Enim soluta molestiae explicabo nihil placeat necessitatibus quos. Dolorem ullam et sint est vero autem. Ab nihil ad ducimus autem.', 0, 1, '2025-08-07 03:49:19', '2025-08-07 03:49:19'),
	(5, 1007, 2, 0, 'Ms. Cathryn Hahn', 'sabrina27@osinski.com', '256.291.1811', 'uploads/website-images/default-avatar.png', 'Ut ab est culpa molestiae eaque repellat cumque. Tenetur quasi consequatur et eaque. Vel voluptas aut id et non odio. Repudiandae atque rem modi qui voluptatibus vel mollitia eligendi. Ut atque earum sed et.', 0, 1, '2025-08-07 03:49:19', '2025-08-07 03:49:19'),
	(6, 1003, 2, 0, 'Deanna Orn', 'wgerlach@hodkiewicz.com', '+1 (680) 344-5363', 'uploads/website-images/default-avatar.png', 'Culpa eos voluptatem qui. Quaerat et quis vero excepturi eius. Placeat repudiandae blanditiis sunt nihil aut. Repellendus autem officiis accusamus reiciendis nobis maxime fugit.', 0, 1, '2025-08-07 03:49:19', '2025-08-07 03:49:19'),
	(7, 1005, 3, 0, 'Myrna Mann', 'bweimann@klocko.com', '754.364.7262', 'uploads/website-images/default-avatar.png', 'Laborum cumque vero asperiores. Consequatur est eligendi ipsa ut deserunt est. Saepe asperiores possimus molestiae qui voluptatem. In consequatur quas voluptatem placeat rerum.', 0, 1, '2025-08-07 03:49:19', '2025-08-07 03:49:19'),
	(8, 1005, 3, 0, 'Mr. Payton Schamberger', 'effertz.margaretta@hotmail.com', '412.337.0144', 'uploads/website-images/default-avatar.png', 'Consequuntur sit quaerat sed velit quos dolor numquam. Quos rem illum occaecati ad. Ut laborum amet et ducimus ullam earum. Id placeat provident praesentium.', 0, 1, '2025-08-07 03:49:19', '2025-08-07 03:49:19'),
	(9, 1001, 3, 0, 'Jonathan Bode II', 'muriel75@carroll.org', '+1-414-589-1561', 'uploads/website-images/default-avatar.png', 'Velit hic enim in qui explicabo sit quia magni. Dignissimos placeat est velit expedita consequatur est vitae. In placeat vel dolor. Molestiae consequatur a et minus tempore voluptas in.', 0, 1, '2025-08-07 03:49:19', '2025-08-07 03:49:19'),
	(10, 1008, 4, 0, 'Jerad Mayert', 'hosea.gutkowski@yahoo.com', '1-434-643-6151', 'uploads/website-images/default-avatar.png', 'Quia maxime et non consequatur. Eius mollitia ut asperiores possimus inventore. Quas necessitatibus vel quo quae porro rerum veniam. Eligendi velit quibusdam earum natus quo voluptatem.', 0, 1, '2025-08-07 03:49:19', '2025-08-07 03:49:19'),
	(11, 1002, 4, 0, 'Lysanne Corwin', 'timothy57@yahoo.com', '1-380-445-5581', 'uploads/website-images/default-avatar.png', 'Quis deleniti unde pariatur tempora dolor iste. Sunt quia eum facere perferendis. Eius deleniti molestiae et in. Voluptas perspiciatis sequi dolor quis fuga et consequatur.', 0, 1, '2025-08-07 03:49:19', '2025-08-07 03:49:19'),
	(12, 1009, 4, 0, 'Prof. Camren Kunde MD', 'natasha.hettinger@hotmail.com', '(769) 760-5253', 'uploads/website-images/default-avatar.png', 'Deserunt quo aliquam quisquam neque. Voluptatem iure sint atque quia cum aut facilis. Rerum aut sit eveniet qui.', 0, 1, '2025-08-07 03:49:19', '2025-08-07 03:49:19'),
	(13, 1008, 5, 0, 'Arvilla Stroman II', 'keely87@yahoo.com', '+1 (878) 532-9946', 'uploads/website-images/default-avatar.png', 'Dolorem excepturi illo quam eius. Voluptatem inventore suscipit corrupti sapiente. Labore adipisci earum illo vel. Natus sint excepturi ut est non debitis.', 0, 1, '2025-08-07 03:49:19', '2025-08-07 03:49:19'),
	(14, 1006, 5, 0, 'Jeanette Altenwerth', 'jaydon.ward@gmail.com', '580.783.1000', 'uploads/website-images/default-avatar.png', 'Consequatur nihil velit praesentium quaerat. Qui natus ipsam saepe eaque rerum ipsa in. Aliquid fugiat consequatur odio est.', 0, 1, '2025-08-07 03:49:19', '2025-08-07 03:49:19'),
	(15, 1009, 5, 0, 'Ashly Quitzon', 'pattie.bartoletti@kilback.com', '423.560.8581', 'uploads/website-images/default-avatar.png', 'Id mollitia quia sit ad. Nemo maxime dolorem excepturi. Totam perferendis dolorem et ex.', 0, 1, '2025-08-07 03:49:19', '2025-08-07 03:49:19'),
	(16, 1007, 6, 0, 'Maureen Littel', 'gbergstrom@romaguera.info', '279-985-4963', 'uploads/website-images/default-avatar.png', 'Eveniet et incidunt adipisci eius. Enim dicta qui similique quia eum voluptatem. Ad quod dolores laboriosam eos ea eos.', 0, 1, '2025-08-07 03:49:19', '2025-08-07 03:49:19'),
	(17, 1009, 6, 0, 'Ernestina Durgan', 'runolfsson.billy@durgan.com', '(713) 557-2780', 'uploads/website-images/default-avatar.png', 'A assumenda quibusdam et quo aut. Error totam ratione velit sit fugit pariatur ut voluptatem. Delectus quos blanditiis sed dolor et et dolores optio.', 0, 1, '2025-08-07 03:49:19', '2025-08-07 03:49:19'),
	(18, 1002, 6, 0, 'Sarah Prosacco', 'alyce24@cummerata.biz', '573.831.1741', 'uploads/website-images/default-avatar.png', 'Et eum saepe possimus explicabo accusamus sunt sit. Voluptatem non ut distinctio in nemo consequatur maxime. Repudiandae natus ea in non.', 0, 1, '2025-08-07 03:49:19', '2025-08-07 03:49:19');

-- Dumping structure for table topcommerce.blog_translations
DROP TABLE IF EXISTS `blog_translations`;
CREATE TABLE IF NOT EXISTS `blog_translations` (
  `id` bigint(20) unsigned NOT NULL AUTO_INCREMENT,
  `blog_id` bigint(20) unsigned NOT NULL,
  `lang_code` varchar(255) NOT NULL,
  `title` varchar(255) NOT NULL,
  `description` longtext NOT NULL,
  `seo_title` text DEFAULT NULL,
  `seo_description` text DEFAULT NULL,
  `created_at` timestamp NULL DEFAULT NULL,
  `updated_at` timestamp NULL DEFAULT NULL,
  PRIMARY KEY (`id`)
) ENGINE=InnoDB AUTO_INCREMENT=13 DEFAULT CHARSET=utf8mb4 COLLATE=utf8mb4_unicode_ci;

-- Dumping data for table topcommerce.blog_translations: ~12 rows (approximately)
DELETE FROM `blog_translations`;
INSERT INTO `blog_translations` (`id`, `blog_id`, `lang_code`, `title`, `description`, `seo_title`, `seo_description`, `created_at`, `updated_at`) VALUES
	(1, 1, 'en', 'cupiditate adipisci aut eius delectus', 'Vitae perspiciatis aut quidem et illo quia. Et quia dolorem explicabo. Id eaque harum aperiam animi.\n\nUt illum voluptatem fugiat omnis. Esse quibusdam fugiat itaque et sed. Exercitationem aspernatur maiores id.\n\nNam vitae dicta animi error soluta. Voluptas voluptatem odio ut quidem. Voluptatem enim ipsam dicta labore non.\n\nOccaecati tenetur qui facere est qui. Accusantium eum optio est unde sit unde ut. Et voluptate qui aut numquam.\n\nQuia veniam dignissimos architecto possimus facere rerum. Inventore molestias ex commodi id non ipsa. Incidunt ea pariatur aut dolorem molestiae enim ea quis.\n\nRepellendus sit cupiditate et est ut. Sunt consequatur nam ipsam sint explicabo fugit. Perferendis at molestias commodi et iusto. Repudiandae vel neque et quia consequatur cupiditate.\n\nEum qui velit voluptate et suscipit et ab eius. Iste animi ea et. Placeat voluptates distinctio repudiandae. Est minus quas placeat ut.\n\nSunt aspernatur autem ut omnis ipsum sapiente consectetur. Quos dolorem consequatur dolores aspernatur voluptatem enim. Tenetur deleniti et sit magni qui incidunt. Mollitia similique voluptas error quo sed maiores.\n\nDistinctio eaque ab aut. Minus fugit porro necessitatibus dolorum saepe ut et quaerat. Et in quo magni deserunt mollitia. Aut sint quo non quo facilis nihil.\n\nRepellat ipsum soluta quia ex voluptatem hic. At dicta vitae illum saepe tenetur autem minus. Iure ad sed sequi fugiat consectetur reiciendis voluptatem.\n\nEt magni corporis illum sint accusamus id laboriosam. Expedita nemo explicabo corrupti et et.\n\nSuscipit culpa nemo doloribus excepturi consequatur alias. Labore tenetur provident ut pariatur officia totam modi voluptas. Architecto natus quo sequi iusto sed quae unde. Accusamus rem animi occaecati officia laboriosam labore saepe.\n\nSed veniam neque possimus numquam qui voluptatibus enim. Assumenda similique non ipsa autem sequi hic cum. Quia libero sint deleniti molestiae placeat quis.\n\nEst rerum rerum saepe adipisci veniam. Hic necessitatibus dolore quisquam eligendi et. Rerum accusamus possimus delectus fugiat sed. Accusamus sunt non laboriosam itaque sint et.\n\nAssumenda at veritatis eligendi mollitia. Aut vel qui dolorum libero asperiores ut ut consequatur. Nihil odio dolore recusandae hic voluptas in.\n\nQuia maxime fugiat omnis rerum eos id. Aliquam voluptatum quia quis voluptatem tempore. Accusamus perferendis harum praesentium dignissimos non. Commodi maiores qui sit ea.\n\nEligendi autem molestiae et facilis est. Delectus totam voluptate qui sed. Dolorum tempora error deleniti repudiandae consequuntur.\n\nIpsam iusto sapiente odit est. Expedita qui voluptate molestiae voluptas voluptates dolores suscipit cumque. Qui eligendi dolores voluptate quia. Repellendus qui ex omnis itaque autem unde vitae.\n\nRepellat aliquam est quod deleniti id ut omnis. Qui et eligendi quam facilis non. Tempore doloribus est et. Quia consequuntur harum nulla quia quia neque iste. Soluta dicta voluptatem aut iusto sunt omnis quidem.\n\nEa similique facilis voluptas ut est est rem. Nam a minus sit harum quia. At laboriosam ut enim. Nesciunt sint saepe et perspiciatis provident aut.\n\nNesciunt consectetur quas consequuntur praesentium quia numquam et velit. Ut corrupti expedita ut omnis. Quos molestiae ad fugit eligendi. Et ut et repellendus nam ab dicta et ut.\n\nNam impedit adipisci sunt voluptate dolor rerum quia. At eaque velit illum illum.\n\nExplicabo non ab esse perspiciatis. Ad sed quia aut officia voluptates error. Aut doloremque quos labore dolores.\n\nRecusandae asperiores voluptas nihil rem perspiciatis fuga culpa nihil. Et veritatis eligendi quis cumque velit fuga non similique. Laboriosam rem cumque id maiores vel. Excepturi ab dolores deleniti incidunt qui rerum aliquid.\n\nNumquam impedit enim ut dicta omnis quisquam. Adipisci similique et sit non corporis ut voluptatem. At molestiae quod et est molestiae dolorem sed sed. Suscipit eveniet asperiores cum modi.\n\nRem ut velit et sunt sapiente enim. Commodi eos est et error quia tempora molestiae et. Minima voluptate alias impedit delectus alias necessitatibus quia. Dolores aliquam impedit magni est ea.\n\nIn rem autem ea voluptatum. Voluptatum nihil dolor consequatur atque. Dignissimos quis ad et fuga est id praesentium.\n\nEt reprehenderit et beatae minus architecto. Eligendi consequatur rem eaque. Dolore sit a quo modi odit. Perferendis incidunt eum unde.\n\nVoluptas enim quia ut ut dolorem. Quo labore libero corrupti doloremque vitae dolore aut. Deleniti ipsum ipsam sunt labore laudantium.\n\nEt quibusdam itaque consequatur. Voluptatem atque et accusamus provident nostrum. Accusamus exercitationem suscipit fugit qui esse recusandae error.\n\nEt sit a maiores pariatur illo laboriosam. Fuga voluptatem cupiditate quos ipsum temporibus impedit. Quisquam voluptas doloremque quasi reiciendis neque quibusdam ea. Expedita sit asperiores suscipit eum consequatur non.\n\nQuia laboriosam provident expedita repudiandae qui molestiae non. Libero ab et blanditiis. Perspiciatis dolores quis quam ipsum eius. Et ut dignissimos blanditiis sint.\n\nMolestias quis eos repellat. Natus eligendi ratione autem libero. Tenetur earum et officia possimus qui.\n\nSed et deleniti id inventore. Occaecati optio voluptate a rerum placeat culpa culpa. Natus totam veritatis nostrum hic corporis voluptatibus.\n\nUllam officiis temporibus ex alias aut totam quia. Modi accusamus modi repudiandae ut eveniet aut. Rerum deserunt esse voluptatem consequatur. Et recusandae soluta eos nihil voluptatem nulla recusandae.\n\nEligendi est incidunt quidem asperiores laboriosam magnam. Et iusto vel temporibus consequatur ea nostrum deserunt. Sunt nulla nam molestiae. Quas rem blanditiis ad qui.\n\nIllum praesentium tempore doloremque. Et sit assumenda facere animi autem dolorem perferendis tempore. Molestiae rerum et deserunt quos alias. Impedit explicabo voluptatem beatae porro.\n\nAtque rerum ut nisi corrupti est consequatur nihil. Odio dolor reprehenderit maiores quaerat et qui tempora. Animi saepe minima cum numquam. Quia dolor autem fugit pariatur nemo.\n\nIllo delectus sit deleniti et. Consequatur unde deserunt rerum earum consequatur voluptatem. Magnam fugiat sit corporis alias totam consequatur. Autem aut et omnis iusto nam.\n\nTempora accusamus nesciunt et quia et maiores. Non libero dolorem facere commodi ipsam. Qui laudantium laudantium culpa quisquam est. Non quam sint sed ut incidunt.', 'cupiditate adipisci aut eius delectus', 'Ipsum temporibus maiores cumque dolor. Ex quia omnis in dolores corporis nulla. Autem sunt nobis est ducimus ut. Eos et rerum dolore qui.', '2025-08-07 03:49:19', '2025-08-07 03:49:19'),
	(2, 1, 'ar', 'cupiditate adipisci aut eius delectus', 'Mollitia dolorem et odio perferendis asperiores. Cumque asperiores qui eum ipsa maxime nihil culpa. Blanditiis inventore aliquam dignissimos repellendus voluptate. Harum illo unde ullam quia iusto omnis.\n\nDolorem aut eaque dolorem velit atque rerum ratione ad. Ut officia quidem pariatur pariatur ut temporibus. Atque nihil aliquam at eaque unde consequatur. Consequatur velit praesentium et vitae similique. Et doloribus in temporibus dolorum qui.\n\nHarum suscipit tenetur rerum eum cum asperiores dolores. Sequi ducimus dolores fugiat et corrupti suscipit aut. Tempora qui reiciendis reprehenderit numquam. Id ad delectus fugiat tempore et itaque quasi.\n\nFacere sed omnis et. Modi sunt perspiciatis enim praesentium nesciunt. Dolores magnam aut dolores. Iusto natus molestiae aut rerum hic modi sit.\n\nUllam dicta deserunt suscipit. Suscipit qui odio ratione voluptate ullam necessitatibus ab. Voluptas voluptatem modi cum odit aut et aut.\n\nQui est deserunt facere aut. Ut aut sunt ut quia voluptates optio consequatur. Unde ut id recusandae ut est aut ea. Voluptate et a facilis non ab.\n\nConsequatur culpa sint est repudiandae error. Voluptates quaerat quo tempore recusandae expedita et. Sunt sint et animi ut aliquam voluptas. Voluptatem quos ea quod officia natus harum velit ipsum.\n\nId ipsam ullam ut voluptas molestiae deleniti. Ipsa vel magnam similique omnis accusamus et aut. Enim et perspiciatis cumque. Dolor tenetur ut suscipit eligendi aspernatur incidunt.\n\nAnimi est eum atque voluptatem. Animi consequatur et animi ab similique quidem sint. Eligendi aut aut quia porro.\n\nEligendi in voluptatum asperiores veniam nesciunt in. Fuga rerum minus ea facere sed voluptatibus inventore. Repellat alias qui est quae.\n\nPorro consequatur libero sed velit voluptas molestiae illum. Sapiente et aspernatur soluta et unde voluptatem laborum necessitatibus. Voluptatem qui tenetur voluptatem tenetur.\n\nOfficia qui rem laborum minima accusamus. Hic rerum nihil aut voluptas unde. Accusamus omnis id provident omnis ex provident fugit.\n\nCumque omnis rerum ratione et. Hic nihil at excepturi in vitae. Rerum est expedita et repudiandae expedita. Enim et voluptates rem recusandae voluptatem ut unde.\n\nVoluptates possimus voluptas aperiam est ab. Praesentium odio expedita deleniti quia sed sit. Officia perspiciatis quo et tempore aliquid quia illum. Laborum possimus similique aut fuga possimus.\n\nLaudantium in inventore error. Repellendus nam rerum rem quisquam error possimus omnis. Dolorum numquam voluptas nesciunt et cupiditate magni. Ab eum omnis explicabo veritatis quia unde.\n\nExercitationem laboriosam maxime dolor aperiam rem omnis nesciunt. Est non amet culpa perferendis voluptatum quia enim. Quas ea mollitia nemo culpa veniam sit.\n\nConsequatur labore unde non qui. Eius aut nihil ut voluptas. Quas harum commodi rem molestias earum necessitatibus est. Quibusdam doloribus et sed cum nulla. Doloremque aut est minus.\n\nNon non sed nobis quo optio occaecati et labore. Quidem distinctio eum ea porro repellendus dolores. Quo repellat nihil rerum veniam modi corrupti. Dolores consectetur rerum tenetur et fuga qui.\n\nVoluptas eaque eveniet et asperiores. Consequatur nam porro quia provident. Laborum corporis quas est quas.\n\nEt eligendi ut quis at dolor modi occaecati. Aut perspiciatis voluptas sed corrupti dolorem repellendus necessitatibus vero. Ut accusamus aliquid dolor illum.\n\nId id qui doloribus et voluptatem est qui suscipit. Neque in eum adipisci unde. Aut ex fugit id magnam sed.\n\nNon libero et temporibus nisi dolores. Voluptate odit soluta dolor labore facere sint vero.\n\nUllam sed magni vero. Quod enim sit ullam sit velit incidunt magni. Odio dolore qui eos rem libero consequatur quia provident.\n\nUt voluptatem id nisi temporibus repellat. Ratione doloribus ea laborum voluptatibus accusamus eos. Deleniti saepe incidunt est. Similique quis est est ducimus molestiae dignissimos.\n\nDolor corrupti quia fuga quo. Est perspiciatis ratione et in modi placeat. Est magni rerum possimus exercitationem voluptatem. Nihil dolorem aspernatur sit est nesciunt.\n\nSit inventore est cum. Error sequi non adipisci recusandae nulla assumenda sit. Dolor repudiandae excepturi consequatur explicabo tenetur nemo. Fuga expedita ullam doloribus et ipsam.\n\nOfficiis asperiores est sint laborum minus aut delectus. Et vel alias adipisci dicta mollitia dolores et qui. Illum eum incidunt in suscipit corrupti beatae. Doloremque laboriosam sapiente et ea.\n\nAutem vitae commodi aut et maxime reiciendis aperiam tempore. Ex autem rerum eos impedit dolorem excepturi. Atque nulla voluptas delectus ea perspiciatis repellat molestiae soluta. Nihil accusamus aperiam hic omnis molestiae est.\n\nEt sint recusandae soluta perferendis. Quae error qui ipsam. Sit praesentium qui quae laboriosam voluptatibus.\n\nSint enim ipsam deserunt alias voluptatum et nulla quos. Aut voluptas quas quasi officia rem. Laboriosam impedit cupiditate omnis voluptates a.\n\nVoluptas quos soluta magnam esse accusamus ratione totam deserunt. Rerum error doloremque vitae sunt aliquam non et. Quidem expedita id modi praesentium aut omnis. Unde consequatur consequatur aliquam tenetur beatae.\n\nEt tempore eum voluptates omnis. Molestias alias nostrum aut quo distinctio repellat deleniti. Molestias perferendis perspiciatis aut nostrum velit occaecati. Ut saepe et nobis.\n\nQui voluptatum rerum dolore et velit tenetur repudiandae. Explicabo aspernatur iste esse est non illum nesciunt. Deserunt fugit adipisci beatae est consectetur iusto sit. Optio adipisci nesciunt ab consequatur.\n\nAutem voluptas praesentium ut. Adipisci aut provident totam deleniti. Mollitia a cumque dicta labore. Sequi impedit est nesciunt.\n\nConsectetur repellendus commodi numquam amet harum nemo. Laboriosam eum perferendis iste qui impedit. At tempore ab et velit consequuntur. Explicabo velit aspernatur sit ratione eos.\n\nSed rerum dolores ut et quia consequatur nam. Sapiente ipsam sequi reprehenderit earum. Nihil odio eos dolor ad fugiat. Ad illum enim accusantium nulla atque quo animi.\n\nTemporibus numquam similique fuga dolorem mollitia veniam. Qui et sit dolore debitis enim ratione. Incidunt dolorem facilis saepe necessitatibus qui rerum voluptatem. Quos officia qui est dicta incidunt molestiae corporis.\n\nIn illum est porro culpa voluptatem. Et illo quasi quia voluptatem in. Unde vero non dignissimos atque in delectus qui. Nobis nihil labore quos accusamus.\n\nEst quasi sit et quae quibusdam dolorum. Qui sed beatae et et aut. Labore aut officia rerum repellat aut.\n\nNon sint possimus earum non voluptas eos dolore voluptatem. Molestias ea veritatis temporibus nobis ipsa ipsam ut. Iure voluptas aut minima dolorum dolorum possimus eos et.', 'cupiditate adipisci aut eius delectus', 'Qui inventore sed distinctio voluptatum. Rerum similique ratione sunt omnis facilis aut. Beatae nihil ratione vel dolorem quia. Optio velit praesentium necessitatibus earum.', '2025-08-07 03:49:19', '2025-08-07 03:49:19'),
	(3, 2, 'en', 'nisi numquam dignissimos', 'Dolor vel veritatis commodi quo consequatur ut suscipit non. Et nam excepturi iure officia optio. Alias voluptate tempore voluptatem et omnis ipsa corrupti. Et deserunt numquam dolor.\n\nEt ex aspernatur autem quo veniam facere non. Aut sit quisquam eius quasi recusandae quisquam. Quae excepturi voluptatem in. Error quos asperiores aut unde.\n\nOdio voluptas neque non error officia commodi. Nam rerum necessitatibus doloremque autem. Laudantium consequuntur veniam eligendi eligendi et nihil corporis. Eum officia libero reprehenderit ullam.\n\nConsequuntur eos modi consequuntur ipsa. Tempora voluptas debitis nesciunt iusto. Eum recusandae dolore voluptas quis sed magnam qui voluptatibus.\n\nAlias facere rerum molestias voluptatem ea accusantium nam. Dolorem nemo labore ut labore eius. Et cum incidunt iusto magnam odio aspernatur. Vero voluptas omnis modi ut necessitatibus eveniet.\n\nIpsum accusantium officia qui ullam culpa. Adipisci recusandae et blanditiis deleniti odio. Recusandae libero nihil eligendi saepe. Blanditiis beatae ab omnis harum aut molestiae. Nisi quasi voluptatibus dolor.\n\nEt eos eum expedita. Aut nostrum occaecati voluptatibus tempore in. Qui debitis facere est cum quibusdam. Saepe sequi minus placeat exercitationem. Deserunt enim dolores magni qui.\n\nEst architecto consectetur sit similique. Expedita pariatur cupiditate aperiam ducimus dolores exercitationem et. Dolorem totam id ut sed qui incidunt.\n\nPerferendis officiis temporibus deserunt vero excepturi dicta odio. Soluta inventore ut ratione facilis eum et. Et veritatis enim quos sit illo voluptates inventore molestiae.\n\nAt qui fugiat laborum. Temporibus beatae odio ullam fugit quos odio consectetur sed. Cumque officia distinctio omnis impedit.\n\nEveniet est debitis iure perferendis rerum omnis. Laboriosam hic adipisci dicta quo distinctio eos fuga. Vel ducimus officia et neque placeat et.\n\nAut aut voluptatum rem quaerat autem. Ducimus amet sunt officia ullam mollitia hic sint. Voluptate quia amet et labore laborum qui. In laborum voluptatem aut non maxime ipsam.\n\nAd deleniti porro deserunt aspernatur dolores. Maiores quia doloremque accusamus neque assumenda animi. Eius magni aut sit quos atque nesciunt illum. Culpa dolorum repellendus sunt aut.\n\nSoluta beatae voluptatibus qui totam. Sit fugiat similique corporis mollitia et et. Sapiente et dolores eveniet quae. Libero nihil debitis saepe nam.\n\nQui numquam ipsam veniam earum quo. Ab repellat ut veritatis impedit distinctio inventore. Ut ut incidunt cupiditate labore. Quod illo vel repellat quia et. Delectus dolores blanditiis occaecati nemo cumque.\n\nConsequuntur voluptates animi expedita placeat adipisci quaerat reprehenderit. Ex odio praesentium sed laudantium iure neque. Recusandae eum omnis magni tempore autem sint rerum. Aliquid nihil eligendi fuga veritatis laborum assumenda eveniet exercitationem.\n\nDucimus velit voluptatem dolor odit. Aut aspernatur sint quos maxime debitis qui quia.\n\nDelectus autem ducimus quia asperiores molestias enim fugiat. Sed maxime omnis illum iure et praesentium amet. Reiciendis sint qui numquam id. Ex minus delectus sint fugiat quia. Non architecto voluptas suscipit.\n\nIpsa quia praesentium iusto est vel dolores. Quos et accusamus dolores optio. Voluptate voluptate harum unde eaque sit nisi libero voluptate. Eveniet reprehenderit ducimus nihil quis libero. Non ab rerum dolorem cumque.\n\nAsperiores dolor voluptatem provident totam unde. Nesciunt aspernatur iure accusamus sed in. Quis omnis non sed minus repellat. Nam ut placeat molestiae quas ratione nesciunt eligendi. Aut consequatur quia et architecto debitis ea qui.\n\nNisi fugiat qui et reiciendis qui vel perferendis et. Sit molestiae autem perspiciatis sit reiciendis eos dicta. Quibusdam quaerat et aliquam ut qui. Fugit assumenda sunt et dicta illum quo.\n\nDolores aut ducimus aliquid odit. Neque occaecati qui rerum voluptatibus error sint officia. Assumenda similique odio beatae itaque.\n\nPraesentium est nulla dicta ea ea animi dolores. Et deserunt dolor labore ut incidunt voluptates autem. Provident quos voluptate dolor. Totam repellat nulla quam eaque in facilis error.\n\nAutem ex dicta ut. Molestiae laboriosam eum optio culpa maiores quisquam. Qui veritatis dolorum magnam quia. Vel sed molestiae autem doloribus.\n\nEt consequatur optio odit explicabo aliquam quo qui. Quia non molestiae vero voluptatem eos officiis facere. Et iusto blanditiis ea rerum sapiente.\n\nAccusamus modi et ut non consequatur ipsam. Dolore quia non accusamus debitis ea sit. Atque sint omnis est. Ut veritatis voluptas tempora cupiditate qui aut quidem pariatur.\n\nSuscipit sequi dolorem aut temporibus maiores. Velit quis incidunt et ullam tempora qui nesciunt qui. Magni excepturi ut vel.\n\nQuasi distinctio excepturi cupiditate voluptas omnis impedit dolore excepturi. Aliquam vero voluptas sit ut debitis. Odio quo labore sint et ipsum quo.\n\nVoluptas excepturi repudiandae aut in. Animi aperiam necessitatibus voluptate possimus consequuntur. Veritatis eum vel officiis sed ad. Cum voluptatem fugiat quis hic in.\n\nVoluptas animi quis adipisci quia. Quisquam quis voluptatem odio ratione vel. Facilis ratione magnam qui quasi et voluptas distinctio. Omnis doloribus voluptates asperiores possimus.\n\nOfficia voluptas delectus sed ex rerum. Aut necessitatibus optio officiis animi in sequi ut. Delectus aut alias nobis non laborum vel aspernatur unde. Ea et quisquam odit quia voluptatem deserunt quae. Laudantium pariatur laudantium ut tempora.\n\nQuidem distinctio omnis qui fugit quas rerum. Qui excepturi a quia asperiores. At odit molestiae in officiis quae. Nisi laudantium cum a consectetur nam illum eos.\n\nDeleniti vel exercitationem ut cum mollitia facere. Velit in eius veritatis dolor laboriosam ut. Quisquam ut explicabo quia officiis repellat maxime itaque.\n\nEarum fuga iste beatae eius adipisci beatae est laborum. Quo animi quidem sit odit provident sed et. Quidem quae iste voluptatem dolorem nobis hic.\n\nUt pariatur quas dolores qui incidunt. Corporis velit accusantium totam eum. Qui dolore id ea accusamus fuga optio nihil. Consequuntur maiores in assumenda nam nemo sunt.\n\nAnimi qui aut repudiandae laudantium rem laudantium. Optio labore soluta harum. A molestias voluptas nihil sit numquam alias ullam. Blanditiis autem ducimus illum at. Delectus voluptatem unde quo sunt id vel laudantium.\n\nMaxime laboriosam soluta rerum nihil id quis sed dicta. Alias nobis non ullam repellat molestias ea. Saepe earum sequi deserunt qui tempore inventore earum voluptatem.\n\nIn minima illo minus quam deserunt quia voluptas neque. Laborum accusantium autem aut. Nam tenetur sed qui accusamus. Non accusamus praesentium odio quo iusto quia asperiores.\n\nBlanditiis consequatur quia velit voluptatem totam qui itaque. Cum aut non suscipit fugit ea. Voluptas ea assumenda iusto.\n\nIste molestiae est vel sed iste ex. Et voluptatum commodi non fugit. Eveniet qui quisquam dolor repellendus. Quis earum a similique occaecati eum a.', 'nisi numquam dignissimos', 'Dolores reiciendis voluptas consequatur ex quibusdam similique saepe dolor. Et et quia accusamus et. Expedita voluptatibus omnis quis nam et non. Pariatur ipsum rerum quaerat quia. Dolorem recusandae cum aut iure provident itaque.', '2025-08-07 03:49:19', '2025-08-07 03:49:19'),
	(4, 2, 'ar', 'nisi numquam dignissimos', 'Consequatur voluptas facere praesentium voluptas odio expedita atque. Est hic iusto cumque eaque possimus voluptatem. Voluptatibus et illum nihil veritatis quam et.\n\nEt nisi numquam distinctio ullam. Quod rerum quidem vero cum iure omnis animi. Autem repudiandae nihil praesentium recusandae tempora maxime. Itaque quam illo incidunt.\n\nDeleniti dolorem et rerum accusantium ab deserunt in. Odit repudiandae voluptatibus rerum qui.\n\nAb distinctio voluptatem saepe deserunt doloremque et. Magni aut voluptatibus non. Sit doloribus debitis rerum sunt odio atque.\n\nEt voluptas inventore illo sit hic dolor. Et minima dolore natus optio cumque qui quia. Ex esse esse mollitia architecto ipsam ab. Et accusamus perferendis non nemo asperiores eligendi.\n\nConsectetur possimus atque deleniti sed magni. Voluptatibus aut odit quia odio eaque qui perferendis.\n\nMaxime blanditiis itaque labore impedit in culpa dolores. Ipsum error laboriosam officia beatae suscipit eaque molestias. Autem beatae ducimus vitae iure minima.\n\nMaxime rerum mollitia minima blanditiis. Nihil quam dolore et eos eos iusto laboriosam. Qui ut numquam voluptas ut consequatur dolore. Dolor nihil nisi est quod saepe dignissimos qui.\n\nRecusandae commodi mollitia cupiditate totam. Rerum magni voluptate error est similique voluptate fuga officia. Tempore voluptate ad ratione praesentium.\n\nPerferendis ut illo omnis sed. Esse est ea ea nihil. Vel eos aut rerum. Dolorem et praesentium id quas et ipsa possimus.\n\nNon pariatur inventore quo vitae quis eum. Repudiandae optio in et. Molestiae dolores quia laborum molestiae adipisci nostrum qui.\n\nAliquam possimus provident molestiae rerum necessitatibus et culpa doloribus. Ad adipisci repudiandae dolorum alias voluptates et qui. Possimus qui enim est. Nihil omnis aliquam a est expedita eum quibusdam.\n\nQuo magni nihil autem voluptatem recusandae. Maxime aliquam dolor expedita sint harum tempora. Aspernatur nihil ipsum a expedita est. Et qui eos magni eum laborum dignissimos blanditiis modi.\n\nNon reprehenderit rem deleniti pariatur voluptate. Impedit id ducimus iure. Nihil alias quas animi officiis maiores tempore. Maiores commodi dolorum ratione voluptatem.\n\nEnim tempore minima quidem et. Quo dignissimos aperiam quaerat deserunt amet modi. Eius explicabo aut distinctio numquam sit omnis autem sed. Autem et et ea atque.\n\nDignissimos sed accusantium labore ab soluta architecto est. Est dicta dignissimos repellat voluptas sunt dolorem ipsa nemo. Porro dignissimos possimus voluptatem.\n\nLibero eaque magni ut blanditiis. Minima vel aut est suscipit. Ut assumenda ut architecto consequuntur nam sed dolorem. Eos officiis nobis consequatur ut libero temporibus veritatis veritatis.\n\nNihil non dolorem qui veritatis est. Et beatae neque ex dolores. Temporibus aut ea quis doloremque.\n\nDolores vel et est corporis voluptas. Doloribus ad mollitia voluptatibus laborum mollitia sed. Ut eligendi ut molestias dolor aut.\n\nAnimi omnis voluptas aliquid ex sint molestiae repellat. Porro corrupti veniam perferendis. Similique quisquam vel sequi et similique itaque eligendi. Est et a ut harum in non. Sit qui excepturi quia suscipit eos assumenda.\n\nIllo vel ab soluta. Placeat quas atque aut expedita harum.\n\nAtque fugit illo saepe non. Consequatur soluta nesciunt id molestiae eos. Ad dolor ex ullam et. Eos sed vel error aut est aut.\n\nQuos voluptatum eos voluptates. Esse rem molestias est voluptatibus at voluptatem. Sit et assumenda commodi praesentium neque velit adipisci quidem. Fugiat omnis vel ea magni totam fugit quos ut. Iste nihil minima officia a hic doloribus at.\n\nOmnis aperiam sed eum quod. Voluptate eveniet quos ut. Ad reprehenderit aspernatur velit est eum deleniti.\n\nConsequatur sint optio adipisci placeat dolorum aliquid numquam ipsa. Vel aut voluptatum a consequatur. Sed voluptatum quibusdam inventore autem. Mollitia quam quod excepturi reiciendis qui.\n\nEt minima nobis quo pariatur iste soluta. Modi possimus earum exercitationem voluptatem sunt. Corrupti impedit iusto dolor quae hic. Fugit explicabo harum ratione excepturi.\n\nAliquid sint voluptas corporis itaque voluptates quam aliquam. Voluptatum qui magnam eos sit quidem at suscipit. Dolore et aspernatur saepe odit ab eum. Facilis autem recusandae deleniti non et sed atque.\n\nNeque aut iure odit dolorum consequatur qui quod. Qui autem minus voluptas. Eaque in laboriosam repellendus deserunt ratione.\n\nAliquid deleniti debitis ut autem distinctio tenetur quia. Atque hic aperiam eaque. Libero iste voluptates architecto ad ea veniam et.\n\nDicta eos in cumque rerum excepturi accusamus architecto quia. Ipsa et necessitatibus ex cumque. Sit totam ut placeat quia.\n\nMolestiae dolorum sed cum. Aperiam nostrum saepe facere. Error corporis occaecati et laudantium natus natus. Eos in aliquid quis voluptas aut.\n\nNon saepe tempora impedit error laborum qui. Voluptas repellat iure aspernatur et consequuntur. Eum aut facere nisi excepturi soluta commodi.\n\nOmnis mollitia quam dignissimos asperiores. Aut recusandae quam totam ut. Unde fuga libero mollitia aliquid reiciendis quod qui.\n\nNecessitatibus dolores quis et voluptas quam et. Quidem aut vitae eligendi facilis omnis sunt quas ducimus. Accusamus eos commodi magni voluptates.\n\nSunt blanditiis necessitatibus hic. Quaerat dolores deleniti aliquid ut consequatur porro sint. Non ex et inventore sint quo vel. Illo et natus maxime ut eum vitae.\n\nEum et molestias facilis autem. Enim ab provident omnis sapiente. Officia voluptatum ut consequatur omnis corrupti sint. Sed modi soluta et eum saepe.\n\nEt non maxime voluptates ullam. Omnis rerum molestiae et molestiae. Cumque qui dolorem minus nemo eius accusamus.\n\nA asperiores voluptatum magnam blanditiis laborum voluptatem. Autem a minus sit vel omnis. Vitae fugiat et quis iusto repellendus quam. Voluptatibus consequatur accusantium earum aut ut qui tempore accusantium. Libero debitis doloribus et maxime.\n\nFuga veniam unde consequatur. Quia magnam qui dolorem quaerat aliquid aut facilis. Doloremque nihil porro non cum et earum tempore velit.\n\nVel dolor ducimus quia. Et numquam officia architecto qui ipsa quia. Non molestias non qui et quis saepe numquam. Placeat voluptatem facilis porro.', 'nisi numquam dignissimos', 'In dolor tempora et sit. Aut est laborum ut illo. Tempore eligendi a eveniet assumenda.', '2025-08-07 03:49:19', '2025-08-07 03:49:19'),
	(5, 3, 'en', 'sed ut accusantium dolore perferendis', 'Voluptatem est reprehenderit minus eum qui architecto illum sint. Reiciendis odio voluptatum sapiente. Impedit sit quia nihil nulla et. Ducimus necessitatibus veniam ex consequatur quae.\n\nError dolorem eius recusandae et totam. Possimus officiis beatae magni. Omnis commodi deleniti tempora adipisci non. Iure dicta est illum totam quas nemo nihil.\n\nQuas quas natus voluptate provident. Magni exercitationem modi facere exercitationem voluptatum optio et. Labore rerum natus voluptate voluptate incidunt nobis. Ipsa et est velit sit.\n\nDoloremque atque nisi beatae. Et perferendis accusamus qui ex. Maiores sunt et ut sit. Voluptatem temporibus sequi officia illo aspernatur assumenda delectus. Necessitatibus et architecto minus accusamus dicta.\n\nVel blanditiis magni unde. Eos occaecati sed animi est. Et aspernatur explicabo molestias numquam reprehenderit ea. Magnam veritatis mollitia atque aliquid voluptatem omnis iste.\n\nNecessitatibus dolores aut ducimus quis minus est aliquam. Quibusdam tenetur sunt recusandae. Quia explicabo earum voluptatibus minima voluptas laborum.\n\nAut ipsam voluptatem commodi ea ea. Pariatur quod cupiditate recusandae repudiandae. Beatae ratione odio animi. Architecto dolores minima amet omnis voluptate et et. Cupiditate placeat et pariatur aperiam.\n\nAnimi tenetur dolores quae quis. Optio dolorem dicta provident enim ex illum. Occaecati vero amet asperiores occaecati vel dolores fuga. Odit enim aut voluptatibus ut.\n\nQuia ut ut aut corporis. Occaecati quas sed et voluptatem repudiandae voluptatibus. Voluptatibus et quibusdam aut id.\n\nSuscipit omnis enim sed nam. Omnis reprehenderit fugit sunt perferendis nesciunt consequatur. Quo reprehenderit culpa laudantium nemo.\n\nEt fugiat consequatur rem repellat. Nostrum consequuntur ut eveniet repudiandae. Aut sed voluptatem at magni praesentium earum facilis. Vero aliquid voluptas blanditiis minus.\n\nLaboriosam omnis modi cum sint. Delectus suscipit minus aut. Molestias dolore animi sed necessitatibus dignissimos corrupti.\n\nDolorem autem atque sunt ad. Nam eos optio aut facilis molestiae. Cum iure eos asperiores corporis esse consequatur nihil. Doloribus nisi est quod omnis.\n\nEnim qui et nemo distinctio error sint dolorum. Animi consequatur animi reiciendis molestiae. Id itaque unde consequatur qui.\n\nEnim numquam ullam occaecati distinctio. Inventore eius cumque omnis nisi iusto vitae.\n\nAut harum sit autem molestiae. Omnis minima laboriosam consequatur tempora consequatur quia non. Optio molestias omnis dolore autem et vel sit. Dolores perferendis laborum eum accusamus aspernatur.\n\nIpsa dolor animi voluptatibus dolorem. Voluptatum quidem nisi ut error nulla quidem perspiciatis voluptatem. Iste repudiandae adipisci minima quod. Dignissimos dolores accusamus quis voluptatem maxime nisi nam.\n\nAnimi eum et autem impedit molestiae. Et expedita repellendus occaecati vel tempora. Quia amet aut sint nam earum ut quod. Qui sed aliquid hic cumque totam voluptatibus ut.\n\nSunt eum dignissimos cumque quod aut. Numquam sit enim non velit voluptates in occaecati. Velit esse dignissimos ipsa dolorum atque aut maxime. Quae quidem totam provident perferendis neque maiores recusandae.\n\nIllum dolores suscipit quo. Voluptas ut natus et quia ipsam. Error ab quasi ullam molestiae.\n\nMolestiae quaerat autem voluptas beatae culpa. Sit nihil incidunt enim sed sapiente voluptatibus odio. Velit iste dolor necessitatibus ullam sapiente.\n\nVoluptatem quis accusamus qui et rerum occaecati veritatis. Ut ex quas rem dolore in sequi est fuga. Nostrum ea magni dolor quam enim voluptates laudantium.\n\nNumquam consectetur molestiae et ipsum veritatis. Impedit rerum molestias perferendis dolores molestiae ut. Magni consectetur omnis deleniti maiores modi officiis non.\n\nRem id eius qui provident pariatur consequuntur. Ipsam laborum esse consequatur cumque omnis nostrum reprehenderit. Omnis dolor et dolorem exercitationem tempore. Similique possimus et est molestiae rerum facilis.\n\nEum doloribus quasi saepe ut. Quisquam minus assumenda vero nihil omnis a. Harum qui ipsam voluptatibus in qui. Beatae non id et id qui beatae recusandae.\n\nEt nesciunt ducimus error accusamus at voluptatibus. Aliquam omnis nostrum adipisci est eum ut enim inventore. Totam et cupiditate iusto aspernatur nulla. Ut nobis voluptatum sunt repellendus.\n\nItaque perspiciatis soluta delectus excepturi quia et odit. Voluptates ut sunt velit vero est in unde. Illum qui a molestiae ipsam incidunt autem. Vero voluptatibus ipsa labore necessitatibus ut.\n\nSaepe ut laborum sed placeat facere eius consequatur quos. Vero quo esse optio ea aut rem magni ut. Sint labore consequatur quas soluta asperiores.\n\nNulla et ea assumenda accusamus molestiae. Consectetur sapiente necessitatibus ipsum in. Officiis voluptas commodi vero consequatur corrupti placeat et et.\n\nFugit quidem eum ipsam. Omnis tempora ullam reiciendis qui.\n\nIusto alias quaerat dolores laborum reiciendis. Sint dolores officiis cupiditate quia natus unde cumque veniam.\n\nQuia repellat et fugit vel qui tenetur cum. Amet ut et sit non.\n\nMolestiae illum ut atque sit. Ex sapiente sed amet nihil nostrum. Aspernatur beatae rerum rerum.\n\nHic sed harum nihil aliquid ea eos eum aperiam. Doloremque vitae commodi natus est doloribus ab ut ipsa. Tempora laudantium voluptatem adipisci sequi necessitatibus porro. Quo quasi consectetur quas qui unde.\n\nIpsam harum aliquam mollitia sunt natus perspiciatis. Sequi nulla enim ut ratione.\n\nAut mollitia qui rerum fuga. Similique dicta voluptate cum est nulla excepturi. Quo laboriosam dolorem aut tempore fugiat et vitae. Inventore est et quia aliquam et. Omnis dolorem omnis harum et neque rem.\n\nSequi eos distinctio veritatis labore. Saepe consequatur accusamus laudantium cum voluptas ut. Est sint laborum minima et nihil. Ut et officiis quas non et magni.\n\nPlaceat rerum earum magnam iusto. Quisquam eius omnis voluptas amet. Doloremque officiis corporis quis omnis.\n\nAut vel et enim eaque. Quisquam temporibus eum doloribus vitae laboriosam quam et. Suscipit ab voluptate totam beatae. Atque praesentium saepe est quaerat. Ex totam est nulla voluptas est.\n\nAdipisci non id voluptate numquam quis suscipit non. Consectetur voluptatem deleniti ipsam ea officiis. Recusandae rem adipisci dolor aspernatur quia. Quia praesentium voluptatem qui cumque voluptates laborum est.', 'sed ut accusantium dolore perferendis', 'Dolore eligendi dolore ut voluptas libero animi. Molestias eveniet ut omnis. Ea ut sit facilis. Numquam asperiores provident est provident voluptatem omnis dolorum.', '2025-08-07 03:49:19', '2025-08-07 03:49:19'),
	(6, 3, 'ar', 'sed ut accusantium dolore perferendis', 'Recusandae et aut et reprehenderit modi. Nobis quod atque numquam voluptatem. Qui molestiae laudantium perspiciatis sequi sint cumque delectus minima. Atque voluptas dolorem quaerat iusto.\n\nQuos labore numquam et dolor dignissimos recusandae eos. Quos cumque dicta et similique sit. Omnis porro et voluptate dolorem. Expedita fugiat excepturi debitis ratione.\n\nVel excepturi nam cupiditate vero labore numquam eius. Vel rerum odio qui magni nihil autem minus ea. Ratione tenetur fuga laborum rem sit consequuntur laudantium illum. Ipsum tempore aut suscipit similique molestiae id ut vel.\n\nVoluptatem eveniet nesciunt et vero sunt et eos. Voluptatem qui molestias ab ab rerum. Consequuntur similique tempore unde explicabo in illum nostrum doloremque. Tempore repellendus sunt explicabo iusto.\n\nIllo cupiditate error et vitae consequuntur totam. Repudiandae consequatur libero veritatis facere. Dolorem et est vel repellat et.\n\nRepudiandae perferendis est nihil ullam ea repellendus. Perspiciatis velit sint ea possimus. Assumenda voluptas voluptatem eligendi eaque perspiciatis temporibus. Quia quasi praesentium ullam tempore ut voluptas numquam.\n\nSit quaerat ducimus fugit totam ut. Laudantium praesentium illo quam quia quasi ea provident. Quasi incidunt alias qui odit officia perspiciatis.\n\nSuscipit provident et sequi soluta. Sunt beatae fugit at in. Dolorem voluptatem pariatur totam quaerat aliquid voluptatem. Nihil dolorum delectus qui.\n\nRerum enim a recusandae natus voluptas quis quia debitis. Est sunt excepturi veritatis. Consequuntur qui nihil vitae porro tenetur et.\n\nOmnis nulla occaecati quaerat explicabo et. Laborum veniam rem adipisci alias et qui eveniet. Voluptas ipsa placeat amet et. Distinctio modi et quis et animi.\n\nRatione hic quod minus quis. Libero quod velit eum consequatur totam dolor aliquam sint. Quisquam ducimus ipsam voluptatum ipsa velit. Et quis repellendus esse consequatur magni.\n\nVoluptatem accusantium nam aut veritatis aut aperiam. Labore labore consequatur aliquid sunt et.\n\nQui aut mollitia minima voluptatem error et architecto. Id placeat explicabo fuga modi deserunt perspiciatis modi et. Qui maiores modi accusamus aut quidem soluta nisi.\n\nLabore ut id fuga voluptas velit officia. Ab modi doloribus a aspernatur quidem facere. Nesciunt doloremque enim ipsam ut nihil soluta. Sit sed cum blanditiis accusantium. Tenetur blanditiis vitae dolorem quia et quae sit.\n\nSed incidunt accusantium in molestias totam pariatur maxime enim. Fugiat ea quo eius impedit quibusdam. Aspernatur provident et culpa quibusdam.\n\nQuam quas repudiandae deserunt autem aliquid a quia. Corrupti consequatur sunt sed iste. Numquam maxime ea consectetur et dolorum quisquam.\n\nConsequatur voluptatem dicta facilis unde. Impedit vitae numquam dolore deleniti beatae. Sed voluptate excepturi autem dolores.\n\nPraesentium eveniet at corrupti delectus possimus. Nihil officia animi et nihil blanditiis voluptas dignissimos. Rerum numquam libero et inventore. Soluta laboriosam quia dignissimos.\n\nUt enim dolorem aut ipsa eum vel nesciunt. Dicta et cum optio quaerat animi ut repellendus.\n\nVoluptate aut ipsum et eum illum. Autem sit esse dolore qui voluptates aliquam distinctio deleniti. Dolores ab aut aperiam quas dolores excepturi ullam quasi. Nihil qui numquam nihil. Ipsa rerum sint aut vero rerum magni illo.\n\nOfficiis illum odio aliquam iste fugit. Deserunt natus consectetur beatae fuga et pariatur rerum dolor. Temporibus voluptas laudantium enim voluptate ea beatae ab temporibus. Voluptatem inventore debitis vel numquam aut dolorem in.\n\nLaudantium quisquam aut nemo laboriosam. Eos qui ut ex incidunt doloremque ab beatae. Odio nemo animi explicabo voluptas nam laboriosam veniam quod.\n\nVoluptas architecto voluptas in sapiente. Eaque consequuntur sint quibusdam qui voluptas aliquam velit.\n\nEt est veniam quae optio magnam consectetur molestiae similique. Odio rem harum quam dolorem reiciendis error qui. Omnis ipsa voluptates omnis vero quia sit. Quia sapiente maiores vel quam veritatis quis.\n\nRerum ut sed molestiae qui animi. Eum quae nemo quaerat cupiditate tempore quia sunt reprehenderit.\n\nIpsum optio maxime quos ipsa. Et in eum est consectetur nobis dolorem harum. Quia doloribus dolorem dolorum adipisci. Nobis dolores vero velit quasi omnis eum qui.\n\nVel quos voluptas qui eligendi voluptatem. Consequatur voluptatem laboriosam molestiae delectus fugiat. Quod autem iste similique perspiciatis aut quod voluptatum aliquam.\n\nEst vero est qui libero et. Deserunt tempore aliquid in accusamus temporibus eos. Vel et saepe et rerum nostrum.\n\nId tempore vel ut deserunt qui doloremque consequatur. Incidunt sunt deserunt quisquam eum nihil nihil. Ad placeat sed error esse modi sunt.\n\nSit architecto minus id suscipit assumenda est sint. Ut est vel odio et quis. Corporis eveniet dolore amet quos doloribus voluptas ipsa harum.\n\nId ducimus fugit ratione sunt ut libero. Delectus voluptatem eum animi recusandae quia laudantium vel et. Enim minima architecto soluta. Sed itaque placeat sed pariatur nostrum aut.\n\nNatus non quam minus ipsa hic qui et. Quam voluptatem unde maiores. Neque labore autem cumque et sed mollitia rerum. Libero fugit excepturi voluptatem consectetur explicabo et ea.\n\nEligendi quas nihil et dolores. Voluptas sunt et quia sunt. Incidunt ducimus corporis cum ut aut. Maxime aliquam illum assumenda aut consectetur autem suscipit asperiores. Vel accusamus corporis ut ea.\n\nDicta nihil fugiat et nesciunt eum voluptatem sed. Libero harum rerum magni dolorem deserunt ullam repudiandae qui. Qui quo fugit tempora et. Ipsa natus est magni distinctio eveniet ut.\n\nId ullam est officiis odit. Nihil ut ea provident quam eum sit at. Consectetur molestiae eveniet ut est.\n\nId eos iure aut sint. Sit aperiam fugiat voluptatem expedita aperiam quo.\n\nSit totam autem reprehenderit quis tempora eaque. Sed voluptas nemo ipsa dolorum. Et illo in provident occaecati facilis cupiditate error.\n\nNon ad dolores corporis aperiam rerum quisquam. Vel eius error quia soluta qui recusandae. Veniam consectetur quis suscipit ut ex.\n\nQuaerat ut nihil nemo praesentium qui officiis. Quia earum hic at omnis corporis. Nihil est omnis accusantium quis consequuntur ut modi. Eos voluptas perferendis placeat reiciendis earum aperiam aut. Quisquam corrupti illo tenetur.\n\nMinus iusto quisquam incidunt ipsam qui. Amet quos qui nostrum illo facilis dolores. Quas rem aut sed voluptatum incidunt. Dolores dolorem omnis voluptas voluptate quia.', 'sed ut accusantium dolore perferendis', 'Qui fugit tenetur enim eveniet. Facilis officiis et voluptatem qui ipsam facilis. Consequatur ea earum tempore pariatur dolores.', '2025-08-07 03:49:19', '2025-08-07 03:49:19'),
	(7, 4, 'en', 'non velit dignissimos', 'Commodi totam facilis eaque hic facilis rerum voluptatem. Est quod nam ipsum libero occaecati. Qui porro distinctio aperiam nihil at laboriosam.\n\nIusto numquam vitae sunt quis qui. Aspernatur animi fugiat aut aspernatur minus. Dolor sint aut dolor amet. Placeat dicta aspernatur voluptatem autem officia.\n\nLaudantium sunt pariatur explicabo sed et nulla corrupti. Molestiae architecto quae nemo. Culpa tempore qui quae quasi. Qui cumque molestias quo molestiae eos atque rerum. Et voluptatibus magnam enim numquam vero eum.\n\nLibero sed ea voluptates enim. Quasi ut odit saepe animi quam corporis.\n\nUllam est veritatis quaerat ipsum nisi maxime dolorem at. Reprehenderit repellendus provident eos. Iure eaque rerum debitis dolores ab vitae. Officia facilis est et.\n\nProvident cupiditate aut et labore maiores minus et. Nobis consectetur sed cum qui voluptas itaque. Vero consectetur et quasi repellendus voluptate. Magnam rem numquam sapiente a amet saepe dolorum pariatur.\n\nDolorem et sint officiis nesciunt impedit non voluptate. Molestiae nulla quam animi architecto iure velit.\n\nFacilis eos est exercitationem voluptas laboriosam. Vel voluptatem ratione unde et unde. Alias quisquam qui ut est veritatis aliquid. Molestiae nesciunt quis dolore explicabo cumque.\n\nNon rem necessitatibus aut error sint voluptas perspiciatis. Doloribus expedita impedit et perferendis. Dicta veniam sit nihil voluptas. Ea quas eum fugit eum suscipit quidem cum. Esse repellat et et tempore doloremque aspernatur voluptatem.\n\nSit aliquid dolor mollitia dolor. Aut aut at consequatur inventore modi sapiente. Et blanditiis quam commodi assumenda excepturi cupiditate animi vel. Qui exercitationem assumenda eos nam aliquam qui aut.\n\nNam debitis voluptas officiis aut aut ea. Consequatur eligendi aspernatur placeat aperiam laborum molestias. Vitae quis dolorem repellendus aut cum est et laboriosam.\n\nVeniam ut excepturi asperiores quae sint error earum corrupti. Repudiandae repellat quo sit tempore commodi sint. Quo sapiente et incidunt sit sit commodi tenetur.\n\nTempora atque distinctio voluptatum pariatur. Quo quia aut consequatur rerum aut aut dignissimos. Veniam illum et veniam error ex dolorum quia neque. Id labore recusandae temporibus occaecati explicabo quae harum.\n\nExcepturi consequuntur voluptatibus sint et iusto aut. Qui ut aut sint quis.\n\nSit expedita officiis eius enim occaecati. Veniam earum suscipit pariatur quibusdam. Quam quia saepe facilis hic vitae quaerat. Non et veritatis iste est qui. Eaque quas dolorem sint illum.\n\nUt sit ipsam quisquam quos impedit. Rerum in esse soluta consequatur similique similique voluptate velit. Recusandae recusandae facilis a. Dolorem qui a quod ea.\n\nEst aliquam ipsam deserunt aut quas. Quod vel quod quis ratione perferendis quia. Veritatis nisi quia dignissimos voluptates maiores. Expedita neque aliquid dolorem eos voluptatem placeat tempora.\n\nEum et ad exercitationem aut modi. Rerum expedita harum nesciunt dolor. Quia iure odio et nobis et. Eos ratione aut sint eius qui.\n\nAperiam voluptatem cum vel earum. Quam dignissimos omnis cupiditate dolores excepturi et. Veniam nemo numquam odit consectetur occaecati beatae reprehenderit.\n\nVoluptatem sint provident nemo molestiae. Sed autem dolores labore unde sed deleniti. Nihil assumenda libero occaecati reiciendis facilis error.\n\nFacilis ullam voluptatem minima eligendi alias eum. Aut qui fugiat nisi quis commodi.\n\nVitae aliquam magnam ut magnam inventore illo ullam. Rerum ut itaque aut dolorem nisi vel a maxime. Quia nihil repellat dicta deserunt quibusdam minima quam. Eum consequuntur quis velit sunt vitae quaerat.\n\nHarum libero omnis blanditiis corrupti inventore. Quia eum qui itaque. Vitae praesentium ut nam ratione earum.\n\nSit mollitia quia laborum deserunt. Et aut quia beatae optio repellendus at. Consectetur quia cum quia beatae ut quaerat laboriosam. Modi sint molestiae qui vel qui. Quos nobis quis sunt omnis non et repellat.\n\nCupiditate ullam voluptates est unde quia. Sit sed excepturi sapiente ut aliquid. Consequuntur officia harum sit nihil. Incidunt et in dolores quasi ullam ea.\n\nPossimus dolores vel beatae voluptatem voluptas. Fuga aperiam quia dicta aliquid ut voluptates. Quia quia rem corporis ut ea reiciendis. Asperiores qui suscipit odio quidem ducimus.\n\nVoluptas et et et aspernatur amet. Quis ab aliquam sint ducimus consectetur. Et quo eos dolor voluptatem non qui eum.\n\nNon reprehenderit accusantium omnis voluptatem. Quia harum atque deleniti ratione nam. Repellendus et quod cum nulla perferendis laudantium veritatis.\n\nNeque qui itaque ut magni quo et. Nisi fugit perferendis iusto quia. Molestiae tempore error ea omnis facilis.\n\nQuia velit animi qui vero sit. Ipsam pariatur delectus similique totam. Vel porro nemo et. Rerum aut repellendus nam est et. Et excepturi quaerat corporis ab voluptates.\n\nIn et vel eveniet quaerat provident odio eum ad. Vero numquam non aut eum suscipit. Libero quibusdam nihil et tempore reiciendis consequatur quasi.\n\nOmnis itaque ipsa laborum iste qui similique. Fugiat aliquid rerum doloribus eius tempora. Sit assumenda laboriosam est dolores ut. Reprehenderit dolor beatae quia aut maxime magnam dolores. Dolores possimus asperiores occaecati nesciunt optio cumque dicta.\n\nConsequatur voluptatum earum perspiciatis ipsam nobis aliquid molestias. Possimus modi accusamus voluptatem. Harum veritatis officiis illum necessitatibus.\n\nNihil tempore molestias commodi quos eius delectus laudantium. Autem facere delectus dolor similique vitae qui aspernatur. Neque velit inventore ex fuga. Iure ab necessitatibus est aut veritatis similique.\n\nModi et repellendus ut maiores tenetur. Qui sunt sint nobis ut eum praesentium. Vero et omnis nisi est. Asperiores maxime impedit facilis nobis eum optio.\n\nPorro esse aut et non exercitationem id dolor. Consequatur est voluptatibus maxime labore voluptas voluptatem id aut. Accusantium voluptates dolores reiciendis molestias alias quibusdam incidunt at. Minima nemo est laboriosam libero fugit fugiat cumque.\n\nFugiat modi animi autem sed nihil dolor. Vitae fuga at et non minus quae. Dolorum quo suscipit harum laudantium qui.\n\nRerum ut et repellendus perspiciatis. Aut possimus pariatur occaecati similique fuga. Non sequi vitae veritatis eum qui impedit autem tenetur. Veritatis qui fuga nobis eos repudiandae.\n\nEt omnis eos voluptatem pariatur. Optio aut doloribus occaecati a eos perferendis. Dolore molestiae sit dolor vel numquam quo.\n\nQui corporis quaerat vel non dolores. Dicta nihil eum dolor debitis. Sed repellendus et tempore animi possimus autem dolores. Delectus fuga consequatur nostrum qui.', 'non velit dignissimos', 'Et occaecati error est esse et. Eius voluptatum earum id ab facilis. Quasi et fuga consectetur sed.', '2025-08-07 03:49:19', '2025-08-07 03:49:19'),
	(8, 4, 'ar', 'non velit dignissimos', 'Error omnis ut quibusdam culpa vel ut. Nulla quis voluptates fugit neque esse molestiae. Enim recusandae omnis fugit doloribus quia repellendus est ut. Id voluptates alias sapiente recusandae magni. Debitis labore porro placeat minima ea.\n\nVelit id eius reprehenderit quis provident sed et. Velit in voluptatum ex ut non ab consectetur. Aspernatur qui asperiores libero.\n\nMinus enim facilis et et asperiores et. Perferendis consectetur dolores ut. Reiciendis voluptas voluptate iure quo.\n\nBlanditiis rerum qui architecto. Voluptatem quia deserunt non incidunt qui aut. Quo distinctio est deleniti soluta.\n\nAb repellendus quaerat deleniti aliquid. Qui veniam pariatur vero voluptatem nesciunt quaerat quia. Voluptas et eos voluptatem. Officia dolorem numquam quia debitis eum omnis.\n\nError possimus ut quia nesciunt ea saepe. Natus cum blanditiis sit quasi est dolor consequatur. Quo quo facilis totam quae rem natus. Deserunt deserunt blanditiis aut asperiores et ipsam qui.\n\nEt et iure iusto maxime. Sint eum ut ut consectetur quis assumenda ipsa. Voluptas consequatur est tenetur. Ipsam minus dolore adipisci occaecati.\n\nQui quam beatae quis dolorem. Qui doloribus aut quisquam velit tempore quo placeat. Consequuntur esse consequuntur qui perspiciatis voluptatem nesciunt ab ab. Ratione minus temporibus occaecati vero quia.\n\nSunt veniam quis est accusantium quia est. Fuga ipsum repellendus et minima tempora laborum.\n\nAd eos voluptas sit reprehenderit similique accusantium iure. Est quo sit quis sed eveniet. Tempore aut tempora velit non nihil praesentium non voluptatem.\n\nCupiditate asperiores facere placeat ea dolores maiores facilis qui. Placeat suscipit ut rerum voluptates ea. Ab tempore aut laudantium quae eligendi. Aut eos voluptatibus dolor doloribus.\n\nExcepturi et blanditiis dolorem beatae iure earum. Velit corrupti quaerat ut laborum laudantium. Ullam et est quam deserunt qui aut a. Saepe nihil id optio.\n\nUt labore ut molestiae culpa nulla aut. Sunt nesciunt mollitia quo architecto similique placeat ad.\n\nHarum inventore dolore voluptatibus non fugit tenetur impedit. Cum qui nisi provident nihil repudiandae dolor libero. Minima pariatur aspernatur ea voluptate nulla.\n\nDelectus sed quia dicta qui iure. Blanditiis minima autem totam voluptatem. Nam ea reprehenderit dolore totam in expedita qui voluptatem. Aut aut eveniet beatae similique praesentium in nihil odio. Velit ut debitis ea vero aut.\n\nIllo nobis quod delectus temporibus veritatis maiores quo distinctio. Et molestiae necessitatibus reprehenderit illum distinctio accusamus enim facere. Et qui provident aspernatur officiis temporibus. At repellendus non dolores ullam.\n\nTempora qui quidem rem eveniet aut. Eum sint consequuntur delectus ut sit sit dolore. Magni sit voluptatem suscipit in pariatur est. Rerum doloremque quod sequi magni vel.\n\nEt commodi non blanditiis porro laborum deserunt. Enim corporis vel unde beatae repellat ut. Est molestiae quae voluptas accusamus et molestiae. Saepe aut nobis accusamus expedita aut. Facere omnis delectus libero et omnis eligendi.\n\nLaudantium dolores eum quidem aliquam qui. Et ut accusantium sed est accusantium a. Similique in tenetur enim commodi. Reiciendis eius similique tempora vero quae est. Molestiae voluptatem autem eum.\n\nCulpa architecto sit sit praesentium animi voluptate asperiores. Eos id est autem esse autem natus. Porro qui voluptate id nisi neque voluptatem nemo.\n\nVel qui id natus sint ab sed ut. Quia sunt quis velit aut rerum ipsum sed corrupti. Consequuntur reprehenderit voluptatem quasi iusto maiores qui mollitia.\n\nOmnis et fugit porro eius sed qui dolor. Sunt quasi eius sit aliquid praesentium dolorum et quae. Reprehenderit odit quas eum necessitatibus error nostrum. Et nihil sit veritatis est.\n\nDistinctio atque consequuntur voluptatem quia. Architecto inventore quibusdam similique. Sapiente dolorem quam quasi sapiente nostrum et. Iste quidem id rem quae corrupti.\n\nIusto exercitationem est illo non ut. Eos eos adipisci consequuntur sint nesciunt consequatur. Consequatur libero et excepturi aperiam. Adipisci repudiandae debitis dolores officia autem sunt beatae maxime.\n\nNeque et et sit laborum. Rerum alias cum veniam natus. Eos quo assumenda commodi aliquam. Harum numquam accusantium quae omnis qui et hic. Aut voluptas saepe atque soluta nihil.\n\nEarum quis aliquam labore officiis officia beatae consequatur fuga. Officiis et maiores qui et qui. Sint perspiciatis saepe ut et ea esse vitae quaerat.\n\nMinus rerum qui similique cumque fuga adipisci. Quia perspiciatis sapiente dolorum provident ratione. Ratione tenetur consequatur et voluptatibus ut reiciendis.\n\nAut sit earum enim accusamus vitae quia deserunt. Voluptatem placeat cumque occaecati aut et molestias quidem dolorem. Aut modi est possimus dolorem ut. Velit sequi sapiente minima quam suscipit.\n\nAt nulla similique harum aspernatur laborum voluptate voluptatem ab. Molestiae pariatur et velit. Beatae eveniet a amet aliquam. Ad amet nesciunt et omnis quia.\n\nPerferendis distinctio non sit fugit ea sunt numquam. Perspiciatis molestiae omnis laborum labore doloribus quasi nisi. Eius blanditiis aut accusamus molestiae sit.\n\nOfficiis esse unde et praesentium. Rerum optio eos et dignissimos cumque repellendus placeat. Adipisci sit quia quo sed. Cumque voluptas quas illo.\n\nDicta enim et nihil et dolore quia laboriosam. Ut facilis sunt aliquid tempora. Qui adipisci consectetur quae ut.\n\nOdio impedit non eius nisi quibusdam debitis reprehenderit. Ea dignissimos omnis omnis ratione corporis dicta. Explicabo consectetur voluptas perferendis qui itaque ipsa. Unde aspernatur a illum reiciendis voluptate.\n\nMagnam impedit sit et. Et ducimus est id corporis odit occaecati molestias.\n\nEum quia laudantium et. Saepe id eum eos corporis minus eius enim adipisci. Molestiae omnis ea aliquam non esse est aut quaerat.\n\nQuisquam a ducimus ut neque et aliquam porro. Qui eius ut voluptate omnis impedit quis. Sunt voluptas dignissimos commodi. Ad doloribus placeat atque veritatis laboriosam.\n\nEt totam ea quas aut. Quibusdam voluptate id eum vel perspiciatis illo. Nobis ut ut deserunt voluptatem quaerat culpa.\n\nAut iste et molestias illum distinctio ullam laboriosam. Sint aliquam est mollitia ipsum. In alias qui atque necessitatibus enim aut modi. Et aperiam pariatur omnis totam ad.\n\nEligendi inventore soluta exercitationem voluptatem. Totam cupiditate id veniam id.\n\nAutem tenetur alias omnis voluptatibus ut. Et magnam officia quaerat ut velit delectus aut temporibus. Tempore eius ea nam maxime totam sed ea veritatis.', 'non velit dignissimos', 'Odio aut sit tenetur sint velit. Voluptatem ea rem architecto officiis fugit. Incidunt ducimus vel voluptatem est. Et aliquid voluptas eos accusamus aut necessitatibus deserunt.', '2025-08-07 03:49:19', '2025-08-07 03:49:19'),
	(9, 5, 'en', 'eum modi vitae', 'Nesciunt ut fugiat voluptas incidunt. Dolores et voluptas nisi suscipit dolores veniam enim. Officiis dolorum qui quod dolore enim harum.\n\nArchitecto qui alias dolorem eveniet. In corrupti expedita quo est. Tempore alias unde omnis inventore. Sequi qui esse sint voluptatem.\n\nSit nulla enim sunt sunt dicta beatae reprehenderit dolor. Molestias corrupti aut officiis nihil amet. Et ut provident nam quia voluptate minus. Et aut ex voluptas sit ut unde reprehenderit.\n\nIpsum culpa qui dolore ipsum et quia et. Id tempore nihil nihil ut. Et voluptatem mollitia est et voluptate harum iste. Nulla dicta voluptas est incidunt.\n\nNihil repellendus at voluptas dignissimos est. Sunt itaque et quo quia aut at. Nihil provident magnam aut at ad et.\n\nEt hic nisi nulla eveniet laborum ratione quia. Perferendis ea nihil nemo perspiciatis qui. Non voluptatem dicta in sunt et ducimus perspiciatis. Ab cumque voluptatibus nam nesciunt impedit maxime vitae. Ut voluptas voluptatum libero aspernatur rem soluta et.\n\nNeque ad suscipit assumenda pariatur ut voluptatibus. Temporibus fuga aut facilis dicta. Consequatur ut est velit voluptatum vel atque.\n\nPossimus corrupti reprehenderit cumque non voluptas porro voluptas debitis. Odio natus vel voluptatem est et dignissimos. Doloribus nobis sed ad aut mollitia eveniet. Explicabo vero eum ad cum.\n\nIpsum consequuntur itaque aut. Eum at dolorem tenetur ratione ipsam pariatur ipsum. Sunt enim sit ad aut ratione dolor vero. Accusantium aut itaque quos aut deserunt.\n\nRepellat mollitia quidem quia ut aut maxime eos tempore. Nam architecto inventore omnis id ut ut. Ducimus accusantium est ducimus praesentium possimus repellat. Accusamus optio doloremque consequatur eveniet omnis.\n\nSapiente beatae saepe quaerat. Culpa voluptas id enim ex ab. Enim enim a voluptas adipisci. Ex et tempore rerum officia numquam excepturi.\n\nVero dolorem consequatur in quis autem eos. Magni aut dolore perspiciatis nam esse eius.\n\nNon velit consectetur quo consequuntur minus magni. Ipsum omnis repellendus unde neque ab possimus. Ut soluta tenetur eum sunt a.\n\nIpsa deserunt ut rem nam voluptas deleniti veritatis. Minus quia minus harum aut temporibus dolorem et. Molestias corporis praesentium voluptate vitae rerum quo quasi. Ut est quidem aliquam culpa omnis dolorem.\n\nSaepe sint et error voluptate. Eligendi accusantium adipisci non voluptatum est.\n\nEt vero aliquid reiciendis non voluptatibus fuga blanditiis vitae. Praesentium explicabo nihil non ut dicta at natus. Sit et iste sit id iure provident dicta. Nihil culpa sint enim excepturi.\n\nIncidunt in dolor aut aliquid quia minima dolor. Ut optio nisi ut tempore velit molestiae error. Saepe est quam et saepe cumque. Eligendi perspiciatis qui corrupti ipsa perferendis sequi aut.\n\nQuia praesentium aut consequatur accusantium sed neque voluptas. Iste ullam id tenetur cum dicta incidunt sit. Sint hic exercitationem enim repellendus at laudantium omnis.\n\nUnde illum placeat ut aut nemo ut fugit. Nihil mollitia provident neque praesentium iste aperiam sequi optio.\n\nExpedita maiores iusto ducimus ex minima. Eum rerum nihil porro. Dignissimos omnis ea libero non ut libero.\n\nSed quia dignissimos itaque at tempore veniam fugit molestias. Maxime ipsa autem fugit esse illo sit. Voluptatem officiis ullam eaque ipsum necessitatibus quidem.\n\nEa debitis et omnis et esse qui optio. Quo quis aliquid blanditiis sunt sit perferendis quibusdam. Autem distinctio maxime et accusamus. Facilis quis itaque qui adipisci.\n\nSoluta enim corrupti enim nam corrupti. Eius incidunt aliquam impedit voluptas voluptatem quis. Minima necessitatibus veniam optio quibusdam necessitatibus omnis consequatur.\n\nVoluptatibus fugiat voluptatem culpa est praesentium reiciendis. Harum et id ab odio aspernatur animi laudantium a. Facere voluptas qui accusamus. Cumque sit illo enim amet sed fuga.\n\nOmnis qui ipsum voluptas aperiam. Mollitia quos sunt tempore sit iusto molestiae sit voluptatem.\n\nDolor velit ad voluptates exercitationem dicta a omnis. Eaque ea eveniet quis earum esse. Molestiae veniam beatae sed quis. Debitis rerum at qui qui.\n\nMollitia voluptatum deleniti distinctio ab nulla est. Fugit cupiditate quas ut quasi sunt et. Vel voluptas earum consectetur incidunt illo aut.\n\nOmnis dolorem ipsum quis provident optio voluptatem. Delectus at qui rerum facere occaecati sed. Veritatis autem mollitia sapiente vel corporis dolorem ducimus.\n\nMollitia est nemo suscipit repudiandae voluptatibus et ducimus. Rerum amet animi nostrum quod labore consequatur qui incidunt. Nisi iusto itaque possimus magnam odit. Consectetur tempore et ut et autem cum iusto sit.\n\nDolor nihil voluptate voluptate quae neque. Rerum iure excepturi sit nihil. Quos alias inventore eligendi et molestiae omnis quia ea.\n\nConsectetur commodi aut minima amet quia vel recusandae. Quas et dolorum nisi maiores. Voluptas culpa facere fugiat deserunt sunt. Deleniti omnis quis ipsa repudiandae nihil.\n\nAut consectetur sit hic labore suscipit tempora accusamus officiis. Necessitatibus unde rerum est consequatur veritatis. Labore voluptate nulla voluptatem facere a. Velit velit et adipisci ut blanditiis. Suscipit sint est necessitatibus.\n\nQuae et sint quia ullam aut repellat et. Sit facere reiciendis et unde. Qui architecto omnis architecto et vel velit necessitatibus. Et in sed recusandae sint non.\n\nQuis consequuntur et ut atque. Est voluptate et consectetur aut ut eos vitae a. Nam esse reiciendis cumque nam. Aut voluptatem et soluta deserunt facilis quod.\n\nNam occaecati ut rem aliquam sit voluptatum sunt. Velit ut exercitationem dolore quo accusamus asperiores iste. Incidunt aliquam quo et quis et nisi voluptatibus. Molestiae aut officiis est porro reiciendis consequatur. Ipsum et et in voluptates.\n\nOdit laudantium ullam commodi temporibus vitae qui assumenda. Est quam voluptas consequatur sapiente cupiditate dolores repudiandae possimus. Quibusdam quas necessitatibus aspernatur reiciendis. Similique provident error maxime maiores.\n\nAutem consequuntur officiis nisi aliquam non fugit. Delectus vel similique quaerat consequuntur. Excepturi vero rerum quia quo quasi ullam. Ut eaque similique rem omnis ullam corporis.\n\nVoluptas doloremque est sunt incidunt possimus vitae. Officiis tempora omnis natus eum dicta dolor. Doloribus ut dicta nobis. Ipsum exercitationem aliquid rerum illo illum.\n\nQuo numquam culpa rerum et. Omnis voluptatem nam neque. Quaerat nulla nobis dolores. Omnis eum non suscipit aut explicabo. Voluptatem illo et veniam dolorem perspiciatis.\n\nSapiente necessitatibus beatae aliquid. Vitae quasi velit eum a.', 'eum modi vitae', 'Ex tempora qui eum assumenda iusto neque earum. Illum provident dicta laboriosam. Quo cumque dolorem aut quis delectus aut. Sint molestiae ut et.', '2025-08-07 03:49:19', '2025-08-07 03:49:19'),
	(10, 5, 'ar', 'eum modi vitae', 'Modi et repudiandae unde fuga. Cum explicabo odio deleniti reprehenderit omnis aut omnis. Fugiat aspernatur debitis deleniti nisi. Molestiae quo nam quaerat.\n\nAssumenda autem reiciendis voluptatum. Corrupti deserunt voluptatem voluptatem quas corrupti. Sequi quia consequatur incidunt sint ut rerum ut. Natus possimus voluptatem libero facere.\n\nEaque placeat provident nulla est. Nesciunt qui laboriosam id. Eos incidunt quam excepturi. Vel ea blanditiis alias veritatis atque voluptatem quia.\n\nAut sunt est aut enim dolorum unde id est. Numquam officia deleniti quia eos. Et vitae similique deleniti minima occaecati. Deleniti aut cum qui.\n\nUt quia nesciunt vero et esse. Sapiente iste voluptatem neque reprehenderit. Nobis est nostrum qui.\n\nCumque nihil necessitatibus quas. Quod eius repellendus doloremque.\n\nEst ab voluptates quisquam vitae corporis deleniti nesciunt dolore. Architecto assumenda voluptatum est aut voluptas. Sed earum rerum est quidem asperiores facilis aut.\n\nSed ullam nisi porro ut dolorem quasi. Saepe cum itaque occaecati aut.\n\nLabore dolores voluptatem ipsa eligendi. Aut rerum iusto velit dolorem. Quas voluptas et laboriosam aut in hic.\n\nNobis inventore possimus a. Eos quidem delectus rem rerum perferendis commodi. Qui dolorum natus eos.\n\nVoluptatem dolor qui quia facere qui quia. Repellendus qui aperiam molestias ea cum. Et labore aliquam et doloribus excepturi. Repudiandae sunt eum nulla dolor harum nihil. Voluptas et veritatis recusandae molestiae ullam.\n\nEos rerum earum dolores totam. Sed et voluptas tempore expedita voluptas est blanditiis et. Natus neque rem incidunt reprehenderit. Iusto sed exercitationem voluptates magni ut.\n\nQui recusandae ad in omnis labore culpa enim. Mollitia quo voluptas eligendi architecto inventore quibusdam autem. Quia nihil in eaque est magnam.\n\nEligendi maiores voluptatem commodi perspiciatis et temporibus voluptatem occaecati. Ut sint repellat molestiae numquam. Quia qui deserunt dolor dicta.\n\nIure velit quam aut rerum et. Aliquam voluptatibus nihil in aut aut quia. Cupiditate accusamus distinctio voluptatem repudiandae unde aut.\n\nAut autem sit sint. Soluta mollitia vero fugit sequi. Quod neque ullam facilis. Ea quidem beatae omnis qui quasi molestiae doloremque.\n\nIn minus sed amet voluptas suscipit. Cumque doloremque nihil sit quos molestiae ipsum aspernatur. Officiis sit impedit ut tempora modi maxime. Porro voluptatem doloribus velit aut distinctio fugiat est non.\n\nQuia consequatur harum dolores aut error nulla reprehenderit. Sint facere ut et animi. Omnis ipsam maiores ea saepe id quisquam at.\n\nDoloremque dolorum nihil est assumenda ut error explicabo. Quia enim nemo iusto ipsum quibusdam modi officia tempora. Distinctio enim error ut vitae voluptas consequuntur. Consequatur doloribus veritatis quia blanditiis et.\n\nVoluptatem sint quos aperiam omnis ipsam nostrum. Voluptas incidunt ipsum repellat pariatur qui rerum perferendis. Beatae sit minus placeat aut autem mollitia itaque modi.\n\nLaborum dicta velit nemo reprehenderit adipisci facilis. Esse sint fugit expedita autem magni quo. Officia quia sunt blanditiis quia. Aut aliquid cupiditate ut ut nihil tempora.\n\nPerferendis aliquid fuga molestiae sed sit molestiae. Possimus aut voluptas voluptas fugit amet minima. Tempore aut distinctio eum eveniet autem excepturi.\n\nSit veritatis qui quia ipsam corrupti dolor. Quisquam alias ea rerum quis voluptatem recusandae possimus iste. Totam officiis aliquid quas quam praesentium. Ex reprehenderit odio eligendi quia non. Quidem qui ea maxime et quidem quibusdam soluta qui.\n\nIure a nesciunt itaque libero soluta quia. Saepe eos ducimus ea omnis. Quibusdam est explicabo et ut porro veniam.\n\nMolestiae quia at est hic quidem. Quia sint fugiat quis autem velit itaque. Iure at delectus aut optio tempora modi.\n\nSapiente praesentium reprehenderit in. Consectetur placeat culpa culpa omnis. Veniam sint et illo debitis.\n\nVoluptatibus odio labore ut enim. Dolor eligendi nobis voluptatem quia sit autem sed. Qui ut quis ea animi perferendis magni. Quis nobis harum assumenda necessitatibus.\n\nVoluptatem culpa cupiditate ratione velit. Amet suscipit quibusdam et. Aut doloremque sapiente soluta dolor et non. Suscipit beatae magnam nulla voluptate maxime.\n\nMollitia qui labore adipisci expedita ab et est. Enim adipisci et sint aut et. Atque et sit labore voluptatem facere.\n\nIure voluptatibus sit dolores natus eaque assumenda. Minima asperiores sed voluptatibus in. Nihil quasi deserunt eos a in. Qui expedita est minus blanditiis molestiae nam voluptatem dolor.\n\nDolores sunt dolor quo libero. Et omnis eos fugiat voluptate amet quidem. Beatae voluptas accusamus similique aut aut sit.\n\nAut dolore aut est eius. Magnam aut velit velit dolores sed temporibus impedit. Distinctio aliquam enim aut praesentium fugiat et. Vero qui occaecati dolorum eum saepe aut.\n\nUnde et quis hic porro doloribus voluptas culpa. Ea necessitatibus tempora velit ea. Ut et assumenda voluptatem et.\n\nDistinctio ut itaque ullam officiis voluptatem illo veritatis id. Consequatur et temporibus sed rerum veniam error voluptates minus. Architecto hic esse non. Voluptas consequatur aut ut aut. In consequatur deserunt quia maiores corrupti.\n\nFuga voluptatum id consequatur dolor cumque exercitationem sed. Amet rerum expedita dolorem voluptas omnis. Vel vel ratione harum et neque tenetur perspiciatis. Soluta placeat autem tempora et autem nam voluptatibus.\n\nOmnis porro id nemo necessitatibus reprehenderit. Fugiat sit officiis et.\n\nAliquam reiciendis quasi incidunt possimus enim temporibus aut dolor. Ab quia et ipsa voluptatem corporis. Error ut possimus culpa.\n\nUt et et quia voluptas maxime nobis. Nihil fugit voluptates eligendi molestiae quisquam. Aut aspernatur vitae iure quae distinctio quibusdam beatae exercitationem. Quis velit quam in.\n\nTemporibus esse modi eum accusamus ut. Debitis voluptatem modi ut ex et dolorum et. Aut illum tempora qui id magnam. Ad eos quia adipisci enim autem est.\n\nEos aliquid id amet placeat rerum. Velit quia ipsum quis suscipit sint dicta. Sapiente error aut tenetur quis enim. Suscipit sit quidem et perspiciatis.', 'eum modi vitae', 'Nobis esse debitis illo culpa. Suscipit omnis autem iste vel sed. In vel in sapiente ut necessitatibus non quis. Voluptas consequatur laudantium dolorum vero consequatur optio.', '2025-08-07 03:49:19', '2025-08-07 03:49:19'),
	(11, 6, 'en', 'quia a est quos praesentium', 'Qui fugit et sunt explicabo molestiae quibusdam. Qui enim officiis similique. Adipisci ea quia rem quis quidem sit. Qui ducimus optio tempora et ipsa et debitis qui.\n\nAccusantium esse quibusdam voluptate voluptas ab non. Minus quia labore id. Nobis praesentium non totam illum est dolorem impedit repellendus.\n\nIpsam nobis veritatis tempora natus magni quas. Reiciendis corrupti qui eum ut numquam perspiciatis quis. Aut minima sit sequi numquam.\n\nVoluptate dolor vel et rerum aut et sit. Magnam ea aspernatur ratione explicabo vel eaque.\n\nIusto quidem quis quae eos et. Quo vel rerum aut ea quis eum.\n\nCumque aliquam eveniet enim molestiae. Hic eum quidem expedita perferendis voluptas. Quibusdam nulla explicabo mollitia aliquam sed omnis magni. Reiciendis accusantium saepe odit autem quasi eos.\n\nMagni et ut rem necessitatibus cumque. Et voluptatum quo quo eaque exercitationem inventore natus. Deserunt sed qui magni esse sint eaque autem. Dolorem numquam modi facere rem. Est quidem libero fugiat dolores et.\n\nDolorem aut suscipit excepturi magnam. Voluptas at incidunt recusandae quisquam rerum sit. Debitis voluptatem omnis aut sapiente voluptatem. Facere ab id nemo est et.\n\nQuis asperiores cumque ut blanditiis quia ipsam. Aliquam atque dolorum ut nesciunt. Eos tenetur exercitationem est. Eos sed impedit eveniet beatae cupiditate. Provident non cupiditate molestias quasi adipisci doloribus veritatis eveniet.\n\nSequi cupiditate vitae assumenda. Voluptatem quia iure porro unde veritatis eos. Dolorem culpa rerum molestiae quod tenetur aspernatur.\n\nQuam eum adipisci blanditiis voluptates nostrum tempore officiis. Expedita sapiente ut quis aspernatur amet illo alias. Vel recusandae eum quo eveniet ad. Corrupti incidunt ut a odit.\n\nFugit mollitia delectus in provident expedita. In pariatur doloremque est dolor nobis ducimus laudantium. Natus non distinctio ea. Quo et dolores quod aut et eum illum.\n\nDoloribus deserunt rerum ut dicta ut nobis in. Saepe ratione aut molestiae impedit ex dolor.\n\nPerferendis eligendi repudiandae non. Facere tempore deleniti soluta.\n\nDoloremque vero accusamus deleniti perferendis eum. Omnis harum culpa ipsam tenetur magnam eius porro eum.\n\nRerum reprehenderit sit rerum tempore. Sed alias quibusdam qui voluptas magni. Autem alias sit atque at commodi.\n\nEst rerum et amet modi est. Voluptatem vel nesciunt delectus aliquam ab vitae quaerat. Ab voluptatem perferendis dolor minus laudantium sit.\n\nRerum et odio quia doloribus nemo consequatur rerum. Perspiciatis quasi quo quos. Et molestiae reprehenderit suscipit sunt ratione eligendi est voluptatem. Animi animi quas nulla in tempora.\n\nVeritatis fugiat quia in est. Sint ut est dolores soluta. Ipsam neque illo sequi consequatur est fugit. Dicta ut qui labore quidem iure debitis molestias.\n\nCum qui vel earum eos autem dolorem blanditiis. Eaque eveniet beatae est temporibus sed ullam voluptates. Quia inventore aut culpa non eum sint nostrum dicta.\n\nVel laborum et in et eum. Quaerat voluptatum nostrum sint enim cum ut eius. Consequuntur ut explicabo autem omnis eligendi omnis est. Quod voluptatum labore quisquam dolores enim quis fuga.\n\nEst et ut neque. Velit quam officia qui et. Quod eos aut deleniti repellat pariatur harum.\n\nAmet in libero optio unde. Aut totam est deleniti consectetur porro adipisci velit. Et aliquid aut voluptatum sint amet. Cumque consectetur non voluptatibus ullam molestiae sit.\n\nDolorem aperiam alias consequuntur voluptatem nesciunt temporibus molestiae. Sed quasi exercitationem eaque excepturi voluptas animi expedita. Iure maiores similique facere tempore.\n\nMaxime ullam eos deserunt cumque distinctio et. Sint ipsa et quae dolorum placeat voluptatem. Est sunt ratione eum odio omnis explicabo. Inventore ratione voluptatem non eos culpa ullam tempore.\n\nCum et voluptatem vel nesciunt. Est facilis sed autem beatae. Repudiandae et earum fugiat rerum inventore veritatis. Earum nihil quos quasi eveniet at architecto.\n\nLaborum corrupti aliquam enim quasi. Occaecati distinctio est earum. Exercitationem ab quia numquam molestiae reprehenderit. Eius qui eius sed facere ea.\n\nSunt autem necessitatibus dolores error distinctio. Cum et et et dolores maxime iure. Quae et quo aliquid at. Occaecati sint omnis quia.\n\nCupiditate sequi explicabo nam veritatis quod quas. Repellendus et porro mollitia voluptatem placeat atque fuga eligendi. Sunt esse itaque ut deserunt alias. Impedit amet qui dolor consequatur dolorem quos amet.\n\nAut repellat dolorem aut sapiente at in nulla. Voluptatum ea provident et mollitia autem. Commodi porro fuga facere distinctio dolor. Maiores neque iure tempore consequuntur consequatur.\n\nEarum rerum in sint id ut consequatur sint. Consequatur qui mollitia in et velit. Eos et quae culpa cum explicabo magni.\n\nDolor voluptate cupiditate nesciunt suscipit. Ut nihil pariatur ut quas illum beatae. Labore veritatis minima optio. Quos at et et incidunt minus veritatis hic.\n\nSaepe quas eum nisi sunt doloremque aspernatur est aliquid. Esse minima eius reiciendis id. Neque corporis sunt tenetur repellat quia. Ut nulla quo sapiente at accusamus repellendus.\n\nLibero dolorem doloremque reiciendis quibusdam voluptas numquam. Quia sequi veritatis et earum ut sed mollitia. Illum deleniti aut necessitatibus assumenda. Magni et rerum perspiciatis. Earum aut enim ab similique possimus enim est.\n\nQuia doloribus corrupti a id. Quas sint minus est est veritatis. Officia aspernatur consequuntur vero.\n\nAmet cumque molestias doloribus dolor doloremque porro. Velit in voluptas in provident voluptatem omnis non. Odio corporis totam tempore minus.\n\nVoluptatem ipsam repellat minus omnis quia reprehenderit unde. Voluptatibus et velit quia voluptatibus est. Praesentium laboriosam eos eius debitis labore nesciunt et ut. Officiis et assumenda qui illum voluptas qui quo.\n\nSoluta necessitatibus pariatur eos quis illum adipisci eum ipsam. Ut nihil suscipit aut qui. Aut exercitationem unde hic et odio exercitationem ducimus quae.\n\nEt optio doloribus aliquam doloremque. Nesciunt atque sunt sit quia dolores et quam. Aliquid sit esse quibusdam autem aspernatur tempora inventore. Omnis ducimus mollitia ut aut accusantium.\n\nPerferendis expedita deserunt dicta ex nesciunt et rerum. At ut voluptate ut et et fugiat voluptatem sit. Dignissimos ipsum non qui voluptas dolorum. Eos aliquam nam sunt tenetur.', 'quia a est quos praesentium', 'Id temporibus illo et magni et sit. Fugit et nihil in voluptatem quam et. Aut eligendi labore vitae inventore. Doloremque iste facilis ut.', '2025-08-07 03:49:19', '2025-08-07 03:49:19'),
	(12, 6, 'ar', 'quia a est quos praesentium', 'Quia minus ea quae temporibus et eos mollitia vel. Modi excepturi pariatur et qui possimus. Nihil dolor et autem aliquid ex tempora. Sequi sit eos eveniet incidunt sunt facere pariatur.\n\nUt aperiam sint qui omnis repellat voluptatem. Est aut incidunt fugiat excepturi. Incidunt perferendis praesentium et earum.\n\nAliquam doloribus odit eligendi quia itaque. Consequatur amet reprehenderit ab et saepe.\n\nDeleniti quidem eum esse voluptas consequuntur facere. Tenetur saepe saepe et sit nemo voluptates. Ex nesciunt repudiandae doloremque et neque qui.\n\nQuae nostrum magni illum fugiat officiis rem. Cupiditate iusto deleniti aut ut. Vel qui voluptate ex aperiam. Qui autem exercitationem ducimus non iste ut.\n\nReprehenderit aut voluptas facere voluptatem eius autem. Commodi eveniet qui dolor. Sed ducimus ad animi repellat quo.\n\nQuis molestiae quis minima magni voluptate. Quia sequi maiores porro explicabo ut. Doloribus nam itaque omnis quis. Dolorem accusantium aut provident ad.\n\nMinus rem ut blanditiis suscipit aut earum. Fugiat mollitia voluptas cupiditate dolor laborum. Eaque veritatis dolorum rerum incidunt autem ab maxime odit.\n\nCulpa aperiam quidem laboriosam et omnis. Id porro facere sed quidem et. Reprehenderit a quod rem dolor dolorum quia blanditiis consequuntur. Expedita blanditiis ducimus ipsam architecto. Aut ipsa et dolorum ipsum qui.\n\nDoloribus et consectetur sit expedita quasi et. Sed sed ad est aut corporis. Cumque incidunt omnis et reprehenderit. Maxime inventore in impedit atque quis eaque eius dolorem.\n\nPorro omnis similique et. Quia vero inventore voluptas qui esse similique. Delectus suscipit rerum id quia. Ipsum eaque velit maxime sit aut quas quidem nobis. Ut aspernatur molestiae consequuntur temporibus.\n\nNisi illum quas quia incidunt. Nihil animi aut eum. Dolore doloremque dicta voluptatem commodi qui rerum rem. Est facere possimus magnam deleniti eveniet illo.\n\nEt saepe neque exercitationem eius dolore ut voluptatem. Odit id et vel accusamus voluptas. Perspiciatis unde ipsa consequatur quia aliquid in vel. Id qui ab aliquid eum est rerum.\n\nEum minima voluptatem doloremque corrupti veritatis. Dolore voluptatem consequatur esse iusto id. Vel asperiores sapiente ex eligendi.\n\nOdit est dolorum voluptatem enim laudantium et quam. Fugiat voluptatem perferendis repellendus fugiat ea nihil eligendi. Neque incidunt eum enim enim excepturi nisi. Maiores blanditiis soluta quis veniam nisi laborum quos.\n\nAut quia unde hic reprehenderit. Nisi est in aut consequatur. Et saepe voluptas velit maxime.\n\nSint dolore possimus saepe aut itaque et. Ducimus dolorem rerum et quo modi voluptatem nostrum. Dignissimos ipsum magni officiis quia ea possimus consequuntur. Excepturi consectetur quia aliquam id exercitationem.\n\nNecessitatibus facere accusamus quia aspernatur ipsum. Quidem a odio vel eos eveniet et explicabo. Iste provident laboriosam labore sed voluptatem dignissimos deserunt neque.\n\nAb id nobis dolorem nam. Aliquam et corporis occaecati voluptatem voluptas.\n\nDeleniti repellat natus sapiente qui ut. Iste et consectetur odit.\n\nSint aut tempore consequatur sunt incidunt. Id dolor accusantium iure dolores quasi omnis dolorem iste. Non quia ut iste. Voluptatibus in soluta animi voluptatibus blanditiis molestiae saepe.\n\nFugiat molestiae iure deserunt numquam adipisci porro. Ipsum quo suscipit reiciendis. Aut dolorem nisi sit.\n\nQui eos placeat adipisci et libero velit et. Tempore recusandae nisi et exercitationem placeat. Atque nesciunt mollitia molestias maiores commodi temporibus.\n\nUt eveniet architecto id ab. Est amet qui qui veniam adipisci. Omnis enim qui minima a.\n\nEnim omnis aspernatur rerum saepe quisquam omnis. Vitae dolorum quis rerum quaerat quis qui iusto dolor. Neque praesentium qui perferendis doloremque ducimus. Et veritatis ipsa ullam placeat ad asperiores.\n\nQui voluptatem inventore qui totam pariatur. Voluptates temporibus quisquam iusto animi autem saepe. Dolor quis doloremque itaque laboriosam.\n\nIllum adipisci natus sint at maiores iure expedita. Distinctio ut doloribus non.\n\nQuibusdam error eveniet perspiciatis. Reprehenderit mollitia aut nulla modi ut eligendi eveniet. Quidem quo et quia et et adipisci blanditiis. Occaecati exercitationem cumque animi tempore.\n\nCorporis eaque quia magnam dolor. Facilis qui illo hic ex cumque.\n\nConsequuntur esse est totam eaque est. Ab cupiditate quia quia suscipit animi. Quia autem nesciunt voluptatum nisi rerum iure.\n\nQui qui blanditiis itaque et delectus. Qui quaerat atque rerum eveniet vel harum. Fugiat nobis ut temporibus earum et. Alias tenetur et laudantium omnis animi nulla.\n\nNemo distinctio beatae sunt sunt eum dolore. Minus in ex consequuntur in rerum accusamus mollitia. In rem sequi dicta est voluptatibus. Quam repellendus quasi dolorem iure sapiente facilis unde. Aut id rerum et nihil.\n\nQuaerat id id aut voluptates ullam quod. Tempore perspiciatis provident vel aut. Est quam aut cupiditate exercitationem. Inventore sint quo odit optio ut.\n\nInventore consectetur veritatis molestias. Aut quasi itaque dolores ipsa incidunt sequi aut. Deleniti ullam accusantium dolor dolorum nihil. Qui adipisci eveniet recusandae blanditiis sit aut delectus. Sint et ad doloribus id quisquam autem.\n\nNihil aut non quis quaerat ratione sed omnis minus. Ut aut ipsum voluptatibus delectus voluptatem ut. Accusantium dignissimos est occaecati sint sit. Ab corporis a eligendi molestiae dignissimos repudiandae accusamus. Quasi officia aliquam odio rerum sapiente quam aliquid.\n\nCupiditate consectetur est quae repellendus dolorem itaque dolorum. Officia nemo voluptas voluptates consequatur. Et debitis voluptas dolore. Dolor velit nemo et reprehenderit molestiae.\n\nDebitis eaque ducimus ipsum quis et earum. Eum nihil aspernatur id accusamus saepe. Eos rerum molestiae dolorem. Reprehenderit et mollitia quis sit voluptatum voluptas quos consequatur.\n\nExercitationem iusto aliquid est necessitatibus voluptas deserunt. Ullam ea dicta sit omnis ea eius eum. Quia deserunt magnam ex est consequatur ipsa ut. Velit placeat aut eius.\n\nQui sed qui nesciunt sit aut voluptatem distinctio. Omnis eos nihil exercitationem praesentium. Non voluptas ducimus sit veniam.\n\nVoluptas qui ea nobis id reiciendis incidunt optio. Sit possimus dolor quia consequatur sit. Nemo non voluptate sit vel rerum.', 'quia a est quos praesentium', 'Nisi doloremque beatae porro aut a. Cum alias ipsa mollitia sit. Illo sunt molestiae sequi et repudiandae quaerat aliquam. Hic tenetur illum commodi possimus tempora facilis dicta.', '2025-08-07 03:49:19', '2025-08-07 03:49:19');

-- Dumping structure for table topcommerce.brands
DROP TABLE IF EXISTS `brands`;
CREATE TABLE IF NOT EXISTS `brands` (
  `id` bigint(20) unsigned NOT NULL AUTO_INCREMENT,
  `slug` varchar(255) NOT NULL,
  `is_featured` tinyint(1) NOT NULL DEFAULT 0,
  `icon` varchar(255) DEFAULT NULL,
  `image` varchar(255) DEFAULT NULL,
  `status` tinyint(1) NOT NULL DEFAULT 1,
  `created_at` timestamp NULL DEFAULT NULL,
  `updated_at` timestamp NULL DEFAULT NULL,
  PRIMARY KEY (`id`),
  UNIQUE KEY `brands_slug_unique` (`slug`)
) ENGINE=InnoDB AUTO_INCREMENT=26 DEFAULT CHARSET=utf8mb4 COLLATE=utf8mb4_unicode_ci;

-- Dumping data for table topcommerce.brands: ~25 rows (approximately)
DELETE FROM `brands`;
INSERT INTO `brands` (`id`, `slug`, `is_featured`, `icon`, `image`, `status`, `created_at`, `updated_at`) VALUES
	(1, 'novexis', 1, 'website/images/brands/logo_1.jpg', 'website/images/brands/logo_1.jpg', 1, '2025-08-07 03:49:20', '2025-08-07 03:49:20'),
	(2, 'zentura', 0, 'website/images/brands/logo_10.jpg', 'website/images/brands/logo_10.jpg', 1, '2025-08-07 03:49:20', '2025-08-07 03:49:20'),
	(3, 'lytrix', 1, 'website/images/brands/logo_11.jpg', 'website/images/brands/logo_11.jpg', 1, '2025-08-07 03:49:20', '2025-08-07 03:49:20'),
	(4, 'virexa', 0, 'website/images/brands/logo_12.jpg', 'website/images/brands/logo_12.jpg', 1, '2025-08-07 03:49:20', '2025-08-07 03:49:20'),
	(5, 'omniva', 0, 'website/images/brands/logo_13.jpg', 'website/images/brands/logo_13.jpg', 1, '2025-08-07 03:49:20', '2025-08-07 03:49:20'),
	(6, 'quantro', 0, 'website/images/brands/logo_14.jpg', 'website/images/brands/logo_14.jpg', 1, '2025-08-07 03:49:20', '2025-08-07 03:49:20'),
	(7, 'velora', 0, 'website/images/brands/logo_15.jpg', 'website/images/brands/logo_15.jpg', 1, '2025-08-07 03:49:20', '2025-08-07 03:49:20'),
	(8, 'averix', 1, 'website/images/brands/logo_16.jpg', 'website/images/brands/logo_16.jpg', 1, '2025-08-07 03:49:20', '2025-08-07 03:49:20'),
	(9, 'nexora', 0, 'website/images/brands/logo_17.jpg', 'website/images/brands/logo_17.jpg', 1, '2025-08-07 03:49:20', '2025-08-07 03:49:20'),
	(10, 'cymetra', 0, 'website/images/brands/logo_18.jpg', 'website/images/brands/logo_18.jpg', 1, '2025-08-07 03:49:20', '2025-08-07 03:49:20'),
	(11, 'fynetic', 0, 'website/images/brands/logo_19.jpg', 'website/images/brands/logo_19.jpg', 1, '2025-08-07 03:49:20', '2025-08-07 03:49:20'),
	(12, 'lumora', 1, 'website/images/brands/logo_2.jpg', 'website/images/brands/logo_2.jpg', 1, '2025-08-07 03:49:20', '2025-08-07 03:49:20'),
	(13, 'trivexa', 0, 'website/images/brands/logo_20.jpg', 'website/images/brands/logo_20.jpg', 1, '2025-08-07 03:49:20', '2025-08-07 03:49:20'),
	(14, 'orbitalis', 0, 'website/images/brands/logo_21.jpg', 'website/images/brands/logo_21.jpg', 1, '2025-08-07 03:49:20', '2025-08-07 03:49:20'),
	(15, 'axiona', 0, 'website/images/brands/logo_22.jpg', 'website/images/brands/logo_22.jpg', 1, '2025-08-07 03:49:20', '2025-08-07 03:49:20'),
	(16, 'ecliptica', 0, 'website/images/brands/logo_23.jpg', 'website/images/brands/logo_23.jpg', 1, '2025-08-07 03:49:20', '2025-08-07 03:49:20'),
	(17, 'bravado', 0, 'website/images/brands/logo_24.jpg', 'website/images/brands/logo_24.jpg', 0, '2025-08-07 03:49:20', '2025-08-07 03:49:20'),
	(18, 'kinetiq', 0, 'website/images/brands/logo_25.jpg', 'website/images/brands/logo_25.jpg', 1, '2025-08-07 03:49:20', '2025-08-07 03:49:20'),
	(19, 'solvanta', 1, 'website/images/brands/logo_3.jpg', 'website/images/brands/logo_3.jpg', 1, '2025-08-07 03:49:20', '2025-08-07 03:49:20'),
	(20, 'zenphoria', 0, 'website/images/brands/logo_4.jpg', 'website/images/brands/logo_4.jpg', 1, '2025-08-07 03:49:20', '2025-08-07 03:49:20'),
	(21, 'crytix', 0, 'website/images/brands/logo_5.jpg', 'website/images/brands/logo_5.jpg', 1, '2025-08-07 03:49:20', '2025-08-07 03:49:20'),
	(22, 'ventoro', 0, 'website/images/brands/logo_6.jpg', 'website/images/brands/logo_6.jpg', 1, '2025-08-07 03:49:20', '2025-08-07 03:49:20'),
	(23, 'nebulon', 1, 'website/images/brands/logo_7.jpg', 'website/images/brands/logo_7.jpg', 1, '2025-08-07 03:49:20', '2025-08-07 03:49:20'),
	(24, 'valtrix', 0, 'website/images/brands/logo_8.jpg', 'website/images/brands/logo_8.jpg', 1, '2025-08-07 03:49:20', '2025-08-07 03:49:20'),
	(25, 'glazent', 0, 'website/images/brands/logo_9.jpg', 'website/images/brands/logo_9.jpg', 1, '2025-08-07 03:49:20', '2025-08-07 03:49:20');

-- Dumping structure for table topcommerce.brand_translations
DROP TABLE IF EXISTS `brand_translations`;
CREATE TABLE IF NOT EXISTS `brand_translations` (
  `id` int(10) unsigned NOT NULL AUTO_INCREMENT,
  `brand_id` bigint(20) unsigned NOT NULL,
  `lang_code` varchar(255) NOT NULL,
  `name` varchar(255) NOT NULL,
  `description` text DEFAULT NULL,
  `seo_title` text DEFAULT NULL,
  `seo_description` text DEFAULT NULL,
  `created_at` timestamp NULL DEFAULT NULL,
  `updated_at` timestamp NULL DEFAULT NULL,
  PRIMARY KEY (`id`),
  UNIQUE KEY `brand_translations_brand_id_lang_code_unique` (`brand_id`,`lang_code`),
  CONSTRAINT `brand_translations_brand_id_foreign` FOREIGN KEY (`brand_id`) REFERENCES `brands` (`id`) ON DELETE CASCADE
) ENGINE=InnoDB AUTO_INCREMENT=51 DEFAULT CHARSET=utf8mb4 COLLATE=utf8mb4_unicode_ci;

-- Dumping data for table topcommerce.brand_translations: ~50 rows (approximately)
DELETE FROM `brand_translations`;
INSERT INTO `brand_translations` (`id`, `brand_id`, `lang_code`, `name`, `description`, `seo_title`, `seo_description`, `created_at`, `updated_at`) VALUES
	(1, 1, 'en', 'Novexis', 'Voluptates aut reiciendis autem.', 'Sit vel ea qui quis.', 'Debitis asperiores maxime odit a error voluptatem.', '2025-08-07 03:49:20', '2025-08-07 03:49:20'),
	(2, 1, 'ar', 'Novexis', 'Neque incidunt numquam ut et id quia asperiores in.', 'Labore tempore eaque quis.', 'Amet qui placeat aut perferendis laborum.', '2025-08-07 03:49:20', '2025-08-07 03:49:20'),
	(3, 2, 'en', 'Zentura', 'Praesentium eius aspernatur deserunt aut eos porro.', 'Illum officia et enim est.', 'Qui aut natus alias doloribus voluptatum dicta quos.', '2025-08-07 03:49:20', '2025-08-07 03:49:20'),
	(4, 2, 'ar', 'Zentura', 'Ab temporibus commodi nam aut sit ut.', 'Est cumque sapiente quia corrupti odio et ratione.', 'Enim animi temporibus necessitatibus officia repellat.', '2025-08-07 03:49:20', '2025-08-07 03:49:20'),
	(5, 3, 'en', 'Lytrix', 'Nesciunt vel laudantium harum consequatur dolor cum ut.', 'Modi necessitatibus qui nesciunt deserunt.', 'Facilis pariatur ducimus sequi natus rerum.', '2025-08-07 03:49:20', '2025-08-07 03:49:20'),
	(6, 3, 'ar', 'Lytrix', 'Tenetur quis aspernatur dolor ea est.', 'Alias fugit minus dolorem neque aperiam ut.', 'Et voluptate eaque eaque libero et.', '2025-08-07 03:49:20', '2025-08-07 03:49:20'),
	(7, 4, 'en', 'Virexa', 'Veniam voluptates aliquid et mollitia nam cumque laborum.', 'Quia tenetur corporis numquam ut sequi aliquid itaque sed.', 'Dolore quia aut accusamus maxime.', '2025-08-07 03:49:20', '2025-08-07 03:49:20'),
	(8, 4, 'ar', 'Virexa', 'Illum voluptas expedita odio dolorem ea et.', 'Quia animi quia quos eum quam delectus.', 'Qui enim id ratione soluta.', '2025-08-07 03:49:20', '2025-08-07 03:49:20'),
	(9, 5, 'en', 'Omniva', 'Illum eos ipsam esse.', 'A maiores et aliquam sed.', 'Vel est ut itaque voluptatem.', '2025-08-07 03:49:20', '2025-08-07 03:49:20'),
	(10, 5, 'ar', 'Omniva', 'Sunt aut et exercitationem natus ex atque.', 'Voluptas nobis qui eaque molestiae culpa enim hic et.', 'Veniam vel voluptatum quae.', '2025-08-07 03:49:20', '2025-08-07 03:49:20'),
	(11, 6, 'en', 'Quantro', 'Voluptas itaque voluptatem tempora velit accusamus.', 'Nobis et enim non perspiciatis sapiente.', 'Fugit molestiae labore laborum quas quia voluptas voluptatem est.', '2025-08-07 03:49:20', '2025-08-07 03:49:20'),
	(12, 6, 'ar', 'Quantro', 'Sed soluta aspernatur tempora deleniti.', 'Ut veniam est quo aperiam et.', 'Quos pariatur tempore doloribus illo eveniet qui ullam.', '2025-08-07 03:49:20', '2025-08-07 03:49:20'),
	(13, 7, 'en', 'Velora', 'Itaque quo ab deleniti.', 'Sit iure sunt consequatur.', 'Explicabo rerum omnis sunt quia consequatur.', '2025-08-07 03:49:20', '2025-08-07 03:49:20'),
	(14, 7, 'ar', 'Velora', 'Excepturi esse magni voluptatibus aut est iste ea.', 'Voluptas doloribus earum explicabo non tempora aspernatur debitis.', 'Et inventore iusto culpa ut molestiae iusto quis.', '2025-08-07 03:49:20', '2025-08-07 03:49:20'),
	(15, 8, 'en', 'Averix', 'Nostrum harum aspernatur et reiciendis.', 'Expedita sed deserunt mollitia eos temporibus enim.', 'Ullam dignissimos optio consectetur atque.', '2025-08-07 03:49:20', '2025-08-07 03:49:20'),
	(16, 8, 'ar', 'Averix', 'Aperiam ea omnis aut ut est sapiente voluptatibus.', 'Esse tempore nihil et nihil amet sunt magnam.', 'Sit dignissimos numquam rem maiores sunt ratione eveniet ab.', '2025-08-07 03:49:20', '2025-08-07 03:49:20'),
	(17, 9, 'en', 'Nexora', 'Quas maiores sunt nostrum temporibus vitae natus minima.', 'Veritatis labore impedit voluptatibus blanditiis.', 'Similique id alias distinctio tempora ullam.', '2025-08-07 03:49:20', '2025-08-07 03:49:20'),
	(18, 9, 'ar', 'Nexora', 'Nobis qui impedit architecto at iste quasi non.', 'Sint quas eligendi ipsa.', 'Error modi vel tenetur nam voluptas et.', '2025-08-07 03:49:20', '2025-08-07 03:49:20'),
	(19, 10, 'en', 'Cymetra', 'Dignissimos accusamus cum laborum sed doloribus architecto.', 'Sint recusandae quasi sit officia.', 'Expedita laudantium id qui laudantium est fugit.', '2025-08-07 03:49:20', '2025-08-07 03:49:20'),
	(20, 10, 'ar', 'Cymetra', 'Ea voluptatibus saepe id quas ad.', 'Sit nihil sit id.', 'Eaque cupiditate ut quia sint dolores.', '2025-08-07 03:49:20', '2025-08-07 03:49:20'),
	(21, 11, 'en', 'Fynetic', 'Qui quae corporis autem sed.', 'Necessitatibus beatae atque et mollitia libero velit.', 'Exercitationem ipsam saepe sunt blanditiis voluptates veritatis dolores dicta.', '2025-08-07 03:49:20', '2025-08-07 03:49:20'),
	(22, 11, 'ar', 'Fynetic', 'Non et facilis iste atque.', 'Et ut perspiciatis aliquam quo facilis voluptatem.', 'Ut optio autem ipsum itaque.', '2025-08-07 03:49:20', '2025-08-07 03:49:20'),
	(23, 12, 'en', 'Lumora', 'Ea ullam veritatis est voluptatem.', 'Ipsa doloremque tenetur unde nemo omnis harum ut.', 'Similique tempore porro aut ut recusandae.', '2025-08-07 03:49:20', '2025-08-07 03:49:20'),
	(24, 12, 'ar', 'Lumora', 'Est numquam dolores mollitia fugit.', 'Earum sit et corrupti delectus sed et.', 'Iure et ea iusto nesciunt sit et eos.', '2025-08-07 03:49:20', '2025-08-07 03:49:20'),
	(25, 13, 'en', 'Trivexa', 'Voluptatibus saepe earum laudantium quis omnis atque.', 'Illum veniam non est debitis doloribus.', 'Optio impedit voluptatem quas odit molestiae aut quaerat.', '2025-08-07 03:49:20', '2025-08-07 03:49:20'),
	(26, 13, 'ar', 'Trivexa', 'Non non atque qui mollitia et nesciunt repudiandae.', 'At sit sint quo qui nisi.', 'Illo neque perferendis libero dolorem.', '2025-08-07 03:49:20', '2025-08-07 03:49:20'),
	(27, 14, 'en', 'Orbitalis', 'Assumenda dolorum ducimus maxime ducimus similique consequatur.', 'Totam incidunt vitae eos animi.', 'Nam qui commodi rerum minus sed sed officiis.', '2025-08-07 03:49:20', '2025-08-07 03:49:20'),
	(28, 14, 'ar', 'Orbitalis', 'Voluptates dolorem consectetur incidunt veritatis deleniti.', 'Voluptatem sed minus est.', 'Sit autem quia fuga nulla placeat velit.', '2025-08-07 03:49:20', '2025-08-07 03:49:20'),
	(29, 15, 'en', 'Axiona', 'Consequatur est ut aperiam voluptatem aliquid.', 'Explicabo asperiores ipsa dolore.', 'Ea dicta officia architecto doloribus nobis.', '2025-08-07 03:49:20', '2025-08-07 03:49:20'),
	(30, 15, 'ar', 'Axiona', 'Esse repellat id molestiae ab nihil.', 'Adipisci quo dolor assumenda fugit.', 'Dicta necessitatibus est est et labore.', '2025-08-07 03:49:20', '2025-08-07 03:49:20'),
	(31, 16, 'en', 'Ecliptica', 'Molestiae et et deleniti quos molestiae.', 'Repudiandae vitae ab blanditiis reprehenderit doloremque.', 'Et et ullam quia accusantium velit et sit.', '2025-08-07 03:49:20', '2025-08-07 03:49:20'),
	(32, 16, 'ar', 'Ecliptica', 'Aspernatur sunt quis iste sint consectetur perferendis.', 'Et et omnis qui possimus quaerat optio.', 'Quia sit maiores sunt qui eum.', '2025-08-07 03:49:20', '2025-08-07 03:49:20'),
	(33, 17, 'en', 'Bravado', 'Et nam aut veniam dolorum veniam.', 'Architecto qui animi cumque ex illum ipsum.', 'Aut quia fuga et nesciunt.', '2025-08-07 03:49:20', '2025-08-07 03:49:20'),
	(34, 17, 'ar', 'Bravado', 'Fugiat dolorem est ad saepe.', 'Ea debitis ut eveniet sapiente consequatur commodi voluptatem.', 'Earum sed aut sit.', '2025-08-07 03:49:20', '2025-08-07 03:49:20'),
	(35, 18, 'en', 'Kinetiq', 'Alias et unde illum ratione vitae ullam.', 'Aut quo autem unde voluptatum sit.', 'Reprehenderit nihil voluptatem et.', '2025-08-07 03:49:20', '2025-08-07 03:49:20'),
	(36, 18, 'ar', 'Kinetiq', 'Qui esse ratione odit.', 'Est natus porro dolor et voluptatem.', 'Recusandae iusto quo doloremque est voluptas assumenda tempore.', '2025-08-07 03:49:20', '2025-08-07 03:49:20'),
	(37, 19, 'en', 'Solvanta', 'Error assumenda magni perferendis veritatis odit quo vitae.', 'Nostrum iste quis sed amet nisi in.', 'Molestias non vel sed quis fugit.', '2025-08-07 03:49:20', '2025-08-07 03:49:20'),
	(38, 19, 'ar', 'Solvanta', 'Provident sunt voluptatem optio.', 'Sit aut enim voluptas est.', 'Sint repudiandae ullam rem ducimus aut.', '2025-08-07 03:49:20', '2025-08-07 03:49:20'),
	(39, 20, 'en', 'Zenphoria', 'Laboriosam dignissimos non est sit eum eum.', 'Molestiae nisi quis magnam quibusdam mollitia mollitia quas.', 'Error saepe explicabo minus optio.', '2025-08-07 03:49:20', '2025-08-07 03:49:20'),
	(40, 20, 'ar', 'Zenphoria', 'Laboriosam autem qui deserunt architecto quae porro.', 'Cupiditate quod labore voluptas in.', 'Sint error eveniet voluptatem aut.', '2025-08-07 03:49:20', '2025-08-07 03:49:20'),
	(41, 21, 'en', 'Crytix', 'Et ea eum sunt qui quos accusamus.', 'Officia cupiditate eaque voluptas consequatur dolores nihil.', 'Soluta distinctio alias ut.', '2025-08-07 03:49:20', '2025-08-07 03:49:20'),
	(42, 21, 'ar', 'Crytix', 'Sed sed omnis qui exercitationem laboriosam earum.', 'Beatae autem a placeat inventore.', 'Possimus accusamus iure provident id tenetur porro neque sit.', '2025-08-07 03:49:20', '2025-08-07 03:49:20'),
	(43, 22, 'en', 'Ventoro', 'Aut sunt sunt sit consequatur quae.', 'Qui excepturi praesentium est magni cumque.', 'Suscipit qui accusamus libero praesentium.', '2025-08-07 03:49:20', '2025-08-07 03:49:20'),
	(44, 22, 'ar', 'Ventoro', 'Id dicta consectetur blanditiis sint sint.', 'Voluptas fugit est voluptatum.', 'Molestias vel quas neque laboriosam natus fuga aperiam.', '2025-08-07 03:49:20', '2025-08-07 03:49:20'),
	(45, 23, 'en', 'Nebulon', 'Molestias et eum delectus ut magnam dicta ut omnis.', 'Fugiat culpa saepe est numquam possimus neque hic.', 'Dolores et blanditiis porro nostrum odio perspiciatis praesentium.', '2025-08-07 03:49:20', '2025-08-07 03:49:20'),
	(46, 23, 'ar', 'Nebulon', 'A minima est hic aliquid consequatur aut est.', 'Qui aut dolores molestiae aut suscipit consectetur.', 'Qui repudiandae sed est.', '2025-08-07 03:49:20', '2025-08-07 03:49:20'),
	(47, 24, 'en', 'Valtrix', 'Porro voluptatibus voluptas tenetur rerum corporis eum voluptas debitis.', 'Et molestiae suscipit aut.', 'Quos iure libero eos nisi cumque ipsum.', '2025-08-07 03:49:20', '2025-08-07 03:49:20'),
	(48, 24, 'ar', 'Valtrix', 'Enim reiciendis ducimus nulla sit amet consequatur.', 'Fugiat aperiam voluptatum eos ea.', 'Nihil ipsam quibusdam ipsam eos.', '2025-08-07 03:49:20', '2025-08-07 03:49:20'),
	(49, 25, 'en', 'Glazent', 'Alias neque qui autem itaque dolores sit nesciunt.', 'Tempora sit facere quibusdam distinctio.', 'Est recusandae enim voluptatem pariatur perferendis.', '2025-08-07 03:49:20', '2025-08-07 03:49:20'),
	(50, 25, 'ar', 'Glazent', 'Ullam eum sunt eaque voluptatem.', 'Quia non cupiditate aut reiciendis qui facere.', 'Nemo ab libero sint non.', '2025-08-07 03:49:20', '2025-08-07 03:49:20');

-- Dumping structure for table topcommerce.carts
DROP TABLE IF EXISTS `carts`;
CREATE TABLE IF NOT EXISTS `carts` (
  `id` bigint(20) unsigned NOT NULL AUTO_INCREMENT,
  `user_id` bigint(20) unsigned NOT NULL,
  `rowid` varchar(255) NOT NULL,
  `items` text NOT NULL,
  `created_at` timestamp NULL DEFAULT NULL,
  `updated_at` timestamp NULL DEFAULT NULL,
  PRIMARY KEY (`id`),
  KEY `carts_user_id_foreign` (`user_id`),
  CONSTRAINT `carts_user_id_foreign` FOREIGN KEY (`user_id`) REFERENCES `users` (`id`) ON DELETE CASCADE
) ENGINE=InnoDB AUTO_INCREMENT=3 DEFAULT CHARSET=utf8mb4 COLLATE=utf8mb4_unicode_ci;

-- Dumping data for table topcommerce.carts: ~2 rows (approximately)
DELETE FROM `carts`;
INSERT INTO `carts` (`id`, `user_id`, `rowid`, `items`, `created_at`, `updated_at`) VALUES
	(1, 1001, '', '[]', '2025-08-07 04:26:38', '2025-08-07 04:26:38'),
	(2, 1002, '', '[]', '2025-08-07 04:57:55', '2025-08-07 04:57:55');

-- Dumping structure for table topcommerce.categories
DROP TABLE IF EXISTS `categories`;
CREATE TABLE IF NOT EXISTS `categories` (
  `id` bigint(20) unsigned NOT NULL AUTO_INCREMENT,
  `slug` varchar(255) NOT NULL,
  `parent_id` bigint(20) unsigned DEFAULT NULL,
  `status` tinyint(1) NOT NULL DEFAULT 1,
  `image` varchar(255) DEFAULT NULL,
  `type` enum('physical','digital') NOT NULL DEFAULT 'physical',
  `icon` varchar(255) DEFAULT NULL,
  `position` bigint(20) unsigned DEFAULT NULL,
  `is_searchable` tinyint(1) NOT NULL,
  `is_featured` tinyint(1) NOT NULL DEFAULT 0,
  `is_top` tinyint(1) NOT NULL DEFAULT 0,
  `is_popular` tinyint(1) NOT NULL DEFAULT 0,
  `is_trending` tinyint(1) NOT NULL DEFAULT 0,
  `theme` tinyint(4) NOT NULL DEFAULT 1,
  `created_at` timestamp NULL DEFAULT NULL,
  `updated_at` timestamp NULL DEFAULT NULL,
  PRIMARY KEY (`id`),
  KEY `categories_parent_id_foreign` (`parent_id`),
  CONSTRAINT `categories_parent_id_foreign` FOREIGN KEY (`parent_id`) REFERENCES `categories` (`id`) ON DELETE CASCADE
) ENGINE=InnoDB AUTO_INCREMENT=181 DEFAULT CHARSET=utf8mb4 COLLATE=utf8mb4_unicode_ci;

-- Dumping data for table topcommerce.categories: ~180 rows (approximately)
DELETE FROM `categories`;
INSERT INTO `categories` (`id`, `slug`, `parent_id`, `status`, `image`, `type`, `icon`, `position`, `is_searchable`, `is_featured`, `is_top`, `is_popular`, `is_trending`, `theme`, `created_at`, `updated_at`) VALUES
	(1, 'clothing', NULL, 1, 'website/images/home_1/category/category_1.webp', 'physical', 'website/images/category_icons/menu_category_8.webp', 12, 1, 1, 1, 1, 1, 1, '2025-08-07 03:49:20', '2025-08-07 03:49:20'),
	(2, 'health-beauty', 1, 1, 'website/images/home_1/category/category_1.webp', 'physical', 'website/images/category_icons/menu_category_2.webp', NULL, 0, 0, 0, 0, 0, 1, '2025-08-07 03:49:20', '2025-08-07 03:49:20'),
	(3, 'home-decor', 1, 1, 'website/images/home_1/category/category_1.webp', 'physical', 'website/images/category_icons/menu_category_7.webp', 27, 1, 0, 0, 0, 0, 1, '2025-08-07 03:49:20', '2025-08-07 03:49:20'),
	(4, 'mollitia-o', 1, 1, 'website/images/home_1/category/category_1.webp', 'physical', 'website/images/category_icons/menu_category_3.webp', 17, 1, 0, 0, 0, 0, 1, '2025-08-07 03:49:20', '2025-08-07 03:49:20'),
	(5, 'fish', 1, 1, 'website/images/home_1/category/category_1.webp', 'physical', 'website/images/category_icons/menu_category_1.webp', NULL, 0, 0, 1, 0, 0, 1, '2025-08-07 03:49:20', '2025-08-07 03:49:20'),
	(6, 'electronics', NULL, 1, 'website/images/home_1/category/category_2.webp', 'physical', 'website/images/category_icons/menu_category_5.webp', NULL, 1, 1, 1, 1, 1, 1, '2025-08-07 03:49:20', '2025-08-07 03:49:20'),
	(7, 'pastry', 6, 1, 'website/images/home_1/category/category_2.webp', 'physical', 'website/images/category_icons/menu_category_1.webp', NULL, 0, 0, 0, 0, 0, 1, '2025-08-07 03:49:20', '2025-08-07 03:49:20'),
	(8, 'drinks', 6, 1, 'website/images/home_1/category/category_2.webp', 'physical', 'website/images/category_icons/menu_category_8.webp', NULL, 0, 0, 0, 1, 0, 1, '2025-08-07 03:49:20', '2025-08-07 03:49:20'),
	(9, 'corrupti-e', 6, 1, 'website/images/home_1/category/category_2.webp', 'physical', 'website/images/category_icons/menu_category_7.webp', 5, 1, 0, 0, 0, 0, 1, '2025-08-07 03:49:20', '2025-08-07 03:49:20'),
	(10, 'iste-qui', 6, 1, 'website/images/home_1/category/category_2.webp', 'physical', 'website/images/category_icons/menu_category_2.webp', NULL, 1, 0, 1, 0, 0, 1, '2025-08-07 03:49:20', '2025-08-07 03:49:20'),
	(11, 'shoes', NULL, 1, 'website/images/home_1/category/category_3.webp', 'physical', 'website/images/category_icons/menu_category_3.webp', 87, 1, 1, 1, 1, 1, 1, '2025-08-07 03:49:20', '2025-08-07 03:49:20'),
	(12, 'enim-quis', 11, 1, 'website/images/home_1/category/category_3.webp', 'physical', 'website/images/category_icons/menu_category_2.webp', NULL, 1, 0, 0, 0, 0, 1, '2025-08-07 03:49:20', '2025-08-07 03:49:20'),
	(13, 'home-appliances', 11, 1, 'website/images/home_1/category/category_3.webp', 'physical', 'website/images/category_icons/menu_category_1.webp', 34, 1, 0, 0, 0, 1, 1, '2025-08-07 03:49:20', '2025-08-07 03:49:20'),
	(14, 'bakery', 11, 1, 'website/images/home_1/category/category_3.webp', 'physical', 'website/images/category_icons/menu_category_9.webp', 15, 1, 0, 0, 1, 0, 1, '2025-08-07 03:49:20', '2025-08-07 03:49:20'),
	(15, 'boy-collection', 11, 1, 'website/images/home_1/category/category_3.webp', 'physical', 'website/images/category_icons/menu_category_7.webp', NULL, 1, 0, 0, 0, 0, 1, '2025-08-07 03:49:20', '2025-08-07 03:49:20'),
	(16, 'doloremque', NULL, 1, 'website/images/home_1/category/category_4.webp', 'physical', 'website/images/category_icons/menu_category_4.webp', 68, 1, 1, 1, 1, 1, 1, '2025-08-07 03:49:20', '2025-08-07 03:49:20'),
	(17, 'writing', 16, 1, 'website/images/home_1/category/category_4.webp', 'physical', 'website/images/category_icons/menu_category_1.webp', 8, 1, 0, 0, 0, 0, 1, '2025-08-07 03:49:20', '2025-08-07 03:49:20'),
	(18, 'wardrobe', 16, 1, 'website/images/home_1/category/category_4.webp', 'physical', 'website/images/category_icons/menu_category_5.webp', NULL, 1, 0, 0, 0, 1, 1, '2025-08-07 03:49:20', '2025-08-07 03:49:20'),
	(19, 'male-collection', 16, 1, 'website/images/home_1/category/category_4.webp', 'physical', 'website/images/category_icons/menu_category_6.webp', 27, 1, 0, 0, 0, 0, 1, '2025-08-07 03:49:20', '2025-08-07 03:49:20'),
	(20, 'sofa-set', 16, 1, 'website/images/home_1/category/category_4.webp', 'physical', 'website/images/category_icons/menu_category_8.webp', 68, 1, 0, 0, 0, 0, 1, '2025-08-07 03:49:20', '2025-08-07 03:49:20'),
	(21, 'furniture', NULL, 1, 'website/images/home_1/category/category_5.webp', 'physical', 'website/images/category_icons/menu_category_6.webp', NULL, 1, 1, 1, 1, 1, 1, '2025-08-07 03:49:20', '2025-08-07 03:49:20'),
	(22, 'mobile', 21, 1, 'website/images/home_1/category/category_5.webp', 'physical', 'website/images/category_icons/menu_category_1.webp', NULL, 1, 0, 0, 0, 0, 1, '2025-08-07 03:49:20', '2025-08-07 03:49:20'),
	(23, 'living-room', 21, 1, 'website/images/home_1/category/category_5.webp', 'physical', 'website/images/category_icons/menu_category_4.webp', 99, 1, 0, 0, 0, 0, 1, '2025-08-07 03:49:20', '2025-08-07 03:49:20'),
	(24, 'unisex-collection', 21, 1, 'website/images/home_1/category/category_5.webp', 'physical', 'website/images/category_icons/menu_category_7.webp', NULL, 1, 0, 0, 0, 0, 1, '2025-08-07 03:49:20', '2025-08-07 03:49:20'),
	(25, 'magnam-in', 21, 1, 'website/images/home_1/category/category_5.webp', 'physical', 'website/images/category_icons/menu_category_6.webp', NULL, 1, 0, 0, 1, 0, 1, '2025-08-07 03:49:20', '2025-08-07 03:49:20'),
	(26, 'magni-solu', NULL, 1, 'website/images/home_1/category/category_6.webp', 'physical', 'website/images/category_icons/menu_category_6.webp', 16, 1, 1, 1, 1, 1, 1, '2025-08-07 03:49:20', '2025-08-07 03:49:20'),
	(27, 'iste-praes', 26, 1, 'website/images/home_1/category/category_6.webp', 'physical', 'website/images/category_icons/menu_category_5.webp', NULL, 1, 0, 0, 0, 0, 1, '2025-08-07 03:49:20', '2025-08-07 03:49:20'),
	(28, 'dolore-sit', 26, 1, 'website/images/home_1/category/category_6.webp', 'physical', 'website/images/category_icons/menu_category_5.webp', NULL, 1, 0, 0, 1, 1, 1, '2025-08-07 03:49:20', '2025-08-07 03:49:20'),
	(29, 'quo-aut', 26, 1, 'website/images/home_1/category/category_6.webp', 'physical', 'website/images/category_icons/menu_category_2.webp', 19, 1, 0, 0, 0, 0, 1, '2025-08-07 03:49:20', '2025-08-07 03:49:20'),
	(30, 'deserunt-n', 26, 1, 'website/images/home_1/category/category_6.webp', 'physical', 'website/images/category_icons/menu_category_1.webp', 49, 1, 0, 0, 0, 0, 1, '2025-08-07 03:49:20', '2025-08-07 03:49:20'),
	(31, 'inventore', NULL, 1, 'website/images/home_1/category/category_2.webp', 'physical', 'website/images/category_icons/menu_category_1.webp', NULL, 1, 1, 1, 1, 1, 1, '2025-08-07 03:49:20', '2025-08-07 03:49:20'),
	(32, 'rerum-offi', 31, 1, 'website/images/home_1/category/category_2.webp', 'physical', 'website/images/category_icons/menu_category_6.webp', NULL, 1, 0, 0, 0, 0, 1, '2025-08-07 03:49:20', '2025-08-07 03:49:20'),
	(33, 'neon-sofa', 31, 1, 'website/images/home_1/category/category_2.webp', 'physical', 'website/images/category_icons/menu_category_9.webp', NULL, 0, 0, 0, 1, 1, 1, '2025-08-07 03:49:20', '2025-08-07 03:49:20'),
	(34, 'at-eos', 31, 1, 'website/images/home_1/category/category_2.webp', 'physical', 'website/images/category_icons/menu_category_4.webp', 72, 1, 0, 0, 1, 0, 1, '2025-08-07 03:49:20', '2025-08-07 03:49:20'),
	(35, 'voluptatem', 31, 1, 'website/images/home_1/category/category_2.webp', 'physical', 'website/images/category_icons/menu_category_4.webp', 99, 1, 0, 1, 0, 0, 1, '2025-08-07 03:49:20', '2025-08-07 03:49:20'),
	(36, 'autem-quam', NULL, 1, 'website/images/home_1/category/category_3.webp', 'physical', 'website/images/category_icons/menu_category_2.webp', NULL, 1, 1, 1, 1, 1, 1, '2025-08-07 03:49:20', '2025-08-07 03:49:20'),
	(37, 'repellat-v', 36, 1, 'website/images/home_1/category/category_3.webp', 'physical', 'website/images/category_icons/menu_category_6.webp', NULL, 1, 0, 0, 1, 0, 1, '2025-08-07 03:49:20', '2025-08-07 03:49:20'),
	(38, 'repellat-u', 36, 1, 'website/images/home_1/category/category_3.webp', 'physical', 'website/images/category_icons/menu_category_8.webp', 55, 1, 0, 0, 1, 1, 1, '2025-08-07 03:49:20', '2025-08-07 03:49:20'),
	(39, 'braberaze', 36, 1, 'website/images/home_1/category/category_3.webp', 'physical', 'website/images/category_icons/menu_category_8.webp', 11, 1, 0, 0, 0, 1, 1, '2025-08-07 03:49:20', '2025-08-07 03:49:20'),
	(40, 'nisi-accus', 36, 1, 'website/images/home_1/category/category_3.webp', 'physical', 'website/images/category_icons/menu_category_2.webp', NULL, 0, 0, 0, 0, 0, 1, '2025-08-07 03:49:20', '2025-08-07 03:49:20'),
	(41, 'a-iusto', NULL, 1, 'website/images/home_1/category/category_4.webp', 'physical', 'website/images/category_icons/menu_category_7.webp', 10, 1, 1, 1, 1, 1, 1, '2025-08-07 03:49:20', '2025-08-07 03:49:20'),
	(42, 'animi-fugi', 41, 1, 'website/images/home_1/category/category_4.webp', 'physical', 'website/images/category_icons/menu_category_4.webp', 11, 1, 0, 1, 0, 0, 1, '2025-08-07 03:49:20', '2025-08-07 03:49:20'),
	(43, 'reading', 41, 1, 'website/images/home_1/category/category_4.webp', 'physical', 'website/images/category_icons/menu_category_3.webp', 3, 1, 0, 0, 0, 0, 1, '2025-08-07 03:49:20', '2025-08-07 03:49:20'),
	(44, 'modi-nisi', 41, 1, 'website/images/home_1/category/category_4.webp', 'physical', 'website/images/category_icons/menu_category_2.webp', 18, 0, 0, 0, 0, 0, 1, '2025-08-07 03:49:20', '2025-08-07 03:49:20'),
	(45, 'laborum-sa', 41, 1, 'website/images/home_1/category/category_4.webp', 'physical', 'website/images/category_icons/menu_category_3.webp', 26, 0, 0, 0, 1, 0, 1, '2025-08-07 03:49:20', '2025-08-07 03:49:20'),
	(46, 'quod-incid', NULL, 1, 'website/images/home_2/category/category_1.webp', 'physical', 'website/images/category_icons/menu_category_4.webp', 49, 1, 1, 1, 1, 1, 2, '2025-08-07 03:49:20', '2025-08-07 03:49:20'),
	(47, 'meat', 46, 1, 'website/images/home_2/category/category_1.webp', 'physical', 'website/images/category_icons/menu_category_9.webp', NULL, 1, 0, 0, 0, 0, 2, '2025-08-07 03:49:20', '2025-08-07 03:49:20'),
	(48, 'woman-collection', 46, 1, 'website/images/home_2/category/category_1.webp', 'physical', 'website/images/category_icons/menu_category_1.webp', NULL, 1, 0, 0, 1, 1, 2, '2025-08-07 03:49:20', '2025-08-07 03:49:20'),
	(49, 'quidem-dol', 46, 1, 'website/images/home_2/category/category_1.webp', 'physical', 'website/images/category_icons/menu_category_5.webp', 61, 1, 0, 0, 0, 0, 2, '2025-08-07 03:49:20', '2025-08-07 03:49:20'),
	(50, 'eos-illo', 46, 1, 'website/images/home_2/category/category_1.webp', 'physical', 'website/images/category_icons/menu_category_4.webp', NULL, 1, 0, 1, 0, 1, 2, '2025-08-07 03:49:20', '2025-08-07 03:49:20'),
	(51, 'man-collection', NULL, 1, 'website/images/home_2/category/category_2.webp', 'physical', 'website/images/category_icons/menu_category_1.webp', 44, 1, 1, 1, 1, 1, 2, '2025-08-07 03:49:20', '2025-08-07 03:49:20'),
	(52, 'vegetables', 51, 1, 'website/images/home_2/category/category_2.webp', 'physical', 'website/images/category_icons/menu_category_9.webp', 72, 1, 0, 0, 0, 0, 2, '2025-08-07 03:49:20', '2025-08-07 03:49:20'),
	(53, 'praesentiu', 51, 1, 'website/images/home_2/category/category_2.webp', 'physical', 'website/images/category_icons/menu_category_3.webp', NULL, 1, 0, 0, 0, 0, 2, '2025-08-07 03:49:20', '2025-08-07 03:49:20'),
	(54, 'doloribus', 51, 1, 'website/images/home_2/category/category_2.webp', 'physical', 'website/images/category_icons/menu_category_6.webp', NULL, 1, 0, 0, 0, 0, 2, '2025-08-07 03:49:20', '2025-08-07 03:49:20'),
	(55, 'omnis-magn', 51, 1, 'website/images/home_2/category/category_2.webp', 'physical', 'website/images/category_icons/menu_category_5.webp', NULL, 1, 0, 0, 1, 0, 2, '2025-08-07 03:49:20', '2025-08-07 03:49:20'),
	(56, 'veritatis', NULL, 1, 'website/images/home_2/category/category_3.webp', 'physical', 'website/images/category_icons/menu_category_2.webp', NULL, 1, 1, 1, 1, 1, 2, '2025-08-07 03:49:20', '2025-08-07 03:49:20'),
	(57, 'iste-non', 56, 1, 'website/images/home_2/category/category_3.webp', 'physical', 'website/images/category_icons/menu_category_9.webp', 61, 1, 0, 0, 1, 0, 2, '2025-08-07 03:49:20', '2025-08-07 03:49:20'),
	(58, 'minus-adip', 56, 1, 'website/images/home_2/category/category_3.webp', 'physical', 'website/images/category_icons/menu_category_5.webp', NULL, 1, 0, 0, 0, 0, 2, '2025-08-07 03:49:20', '2025-08-07 03:49:20'),
	(59, 'female-collection', 56, 1, 'website/images/home_2/category/category_3.webp', 'physical', 'website/images/category_icons/menu_category_3.webp', NULL, 1, 0, 0, 0, 0, 2, '2025-08-07 03:49:20', '2025-08-07 03:49:20'),
	(60, 'exercitati', 56, 1, 'website/images/home_2/category/category_3.webp', 'physical', 'website/images/category_icons/menu_category_6.webp', NULL, 1, 0, 0, 1, 1, 2, '2025-08-07 03:49:20', '2025-08-07 03:49:20'),
	(61, 'vel-optio', NULL, 1, 'website/images/home_2/category/category_4.webp', 'physical', 'website/images/category_icons/menu_category_5.webp', 1, 1, 1, 1, 1, 1, 2, '2025-08-07 03:49:20', '2025-08-07 03:49:20'),
	(62, 'laboriosam', 61, 1, 'website/images/home_2/category/category_4.webp', 'physical', 'website/images/category_icons/menu_category_9.webp', NULL, 1, 0, 0, 0, 0, 2, '2025-08-07 03:49:20', '2025-08-07 03:49:20'),
	(63, 'quo-saepe', 61, 1, 'website/images/home_2/category/category_4.webp', 'physical', 'website/images/category_icons/menu_category_3.webp', NULL, 1, 0, 0, 0, 0, 2, '2025-08-07 03:49:20', '2025-08-07 03:49:20'),
	(64, 'strawberries', 61, 1, 'website/images/home_2/category/category_4.webp', 'physical', 'website/images/category_icons/menu_category_1.webp', NULL, 0, 0, 0, 1, 0, 2, '2025-08-07 03:49:20', '2025-08-07 03:49:20'),
	(65, 'sleep-bed', 61, 1, 'website/images/home_2/category/category_4.webp', 'physical', 'website/images/category_icons/menu_category_2.webp', NULL, 0, 0, 0, 0, 1, 2, '2025-08-07 03:49:20', '2025-08-07 03:49:20'),
	(66, 'quo-et', NULL, 1, 'website/images/home_2/category/category_2.webp', 'physical', 'website/images/category_icons/menu_category_9.webp', 28, 1, 1, 1, 1, 1, 2, '2025-08-07 03:49:20', '2025-08-07 03:49:20'),
	(67, 'ab-modi', 66, 1, 'website/images/home_2/category/category_2.webp', 'physical', 'website/images/category_icons/menu_category_2.webp', NULL, 1, 0, 0, 0, 0, 2, '2025-08-07 03:49:20', '2025-08-07 03:49:20'),
	(68, 'excepturi', 66, 1, 'website/images/home_2/category/category_2.webp', 'physical', 'website/images/category_icons/menu_category_2.webp', 36, 1, 0, 0, 0, 0, 2, '2025-08-07 03:49:20', '2025-08-07 03:49:20'),
	(69, 'eum-evenie', 66, 1, 'website/images/home_2/category/category_2.webp', 'physical', 'website/images/category_icons/menu_category_2.webp', NULL, 1, 0, 0, 0, 1, 2, '2025-08-07 03:49:20', '2025-08-07 03:49:20'),
	(70, 'ut-dolores', 66, 1, 'website/images/home_2/category/category_2.webp', 'physical', 'website/images/category_icons/menu_category_2.webp', 73, 1, 0, 0, 0, 0, 2, '2025-08-07 03:49:20', '2025-08-07 03:49:20'),
	(71, 'room-appliances', NULL, 1, 'website/images/home_2/category/category_1.webp', 'physical', 'website/images/category_icons/menu_category_9.webp', 50, 1, 1, 1, 1, 1, 2, '2025-08-07 03:49:20', '2025-08-07 03:49:20'),
	(72, 'similique', 71, 1, 'website/images/home_2/category/category_1.webp', 'physical', 'website/images/category_icons/menu_category_2.webp', 11, 1, 0, 0, 0, 0, 2, '2025-08-07 03:49:20', '2025-08-07 03:49:20'),
	(73, 'occaecati', 71, 1, 'website/images/home_2/category/category_1.webp', 'physical', 'website/images/category_icons/menu_category_2.webp', 68, 1, 0, 0, 0, 0, 2, '2025-08-07 03:49:20', '2025-08-07 03:49:20'),
	(74, 'ad-sed', 71, 1, 'website/images/home_2/category/category_1.webp', 'physical', 'website/images/category_icons/menu_category_9.webp', 19, 1, 0, 0, 0, 0, 2, '2025-08-07 03:49:20', '2025-08-07 03:49:20'),
	(75, 'quidem-vol', 71, 1, 'website/images/home_2/category/category_1.webp', 'physical', 'website/images/category_icons/menu_category_1.webp', 7, 1, 0, 0, 0, 0, 2, '2025-08-07 03:49:20', '2025-08-07 03:49:20'),
	(76, 'et-amet', NULL, 1, 'website/images/home_2/category/category_4.webp', 'physical', 'website/images/category_icons/menu_category_2.webp', NULL, 1, 1, 1, 1, 1, 2, '2025-08-07 03:49:20', '2025-08-07 03:49:20'),
	(77, 'nesciunt-e', 76, 1, 'website/images/home_2/category/category_4.webp', 'physical', 'website/images/category_icons/menu_category_9.webp', NULL, 0, 0, 0, 0, 0, 2, '2025-08-07 03:49:20', '2025-08-07 03:49:20'),
	(78, 'dicta-qui', 76, 1, 'website/images/home_2/category/category_4.webp', 'physical', 'website/images/category_icons/menu_category_7.webp', NULL, 1, 0, 0, 1, 0, 2, '2025-08-07 03:49:20', '2025-08-07 03:49:20'),
	(79, 'ut-sequi', 76, 1, 'website/images/home_2/category/category_4.webp', 'physical', 'website/images/category_icons/menu_category_4.webp', 98, 0, 0, 0, 0, 0, 2, '2025-08-07 03:49:20', '2025-08-07 03:49:20'),
	(80, 'id-suscipi', 76, 1, 'website/images/home_2/category/category_4.webp', 'physical', 'website/images/category_icons/menu_category_4.webp', 18, 1, 0, 0, 0, 0, 2, '2025-08-07 03:49:20', '2025-08-07 03:49:20'),
	(81, 'neque-labo', NULL, 1, 'website/images/home_2/category/category_2.webp', 'physical', 'website/images/category_icons/menu_category_6.webp', NULL, 1, 1, 1, 1, 1, 2, '2025-08-07 03:49:20', '2025-08-07 03:49:20'),
	(82, 'blanditiis', 81, 1, 'website/images/home_2/category/category_2.webp', 'physical', 'website/images/category_icons/menu_category_9.webp', NULL, 1, 0, 0, 0, 0, 2, '2025-08-07 03:49:20', '2025-08-07 03:49:20'),
	(83, 'nihil-quo', 81, 1, 'website/images/home_2/category/category_2.webp', 'physical', 'website/images/category_icons/menu_category_9.webp', NULL, 1, 0, 0, 1, 1, 2, '2025-08-07 03:49:20', '2025-08-07 03:49:20'),
	(84, 'accusamus', 81, 1, 'website/images/home_2/category/category_2.webp', 'physical', 'website/images/category_icons/menu_category_2.webp', NULL, 0, 0, 0, 0, 0, 2, '2025-08-07 03:49:20', '2025-08-07 03:49:20'),
	(85, 'vel-exerci', 81, 1, 'website/images/home_2/category/category_2.webp', 'physical', 'website/images/category_icons/menu_category_7.webp', NULL, 1, 0, 0, 1, 0, 2, '2025-08-07 03:49:20', '2025-08-07 03:49:20'),
	(86, 'girl-collection', NULL, 1, 'website/images/home_2/category/category_3.webp', 'physical', 'website/images/category_icons/menu_category_3.webp', 59, 1, 1, 1, 1, 1, 2, '2025-08-07 03:49:20', '2025-08-07 03:49:20'),
	(87, 'amet-accus', 86, 1, 'website/images/home_2/category/category_3.webp', 'physical', 'website/images/category_icons/menu_category_2.webp', NULL, 1, 0, 0, 0, 1, 2, '2025-08-07 03:49:20', '2025-08-07 03:49:20'),
	(88, 'minima-a', 86, 1, 'website/images/home_2/category/category_3.webp', 'physical', 'website/images/category_icons/menu_category_6.webp', NULL, 1, 0, 1, 0, 1, 2, '2025-08-07 03:49:20', '2025-08-07 03:49:20'),
	(89, 'aut-aliqua', 86, 1, 'website/images/home_2/category/category_3.webp', 'physical', 'website/images/category_icons/menu_category_3.webp', NULL, 1, 0, 0, 0, 0, 2, '2025-08-07 03:49:20', '2025-08-07 03:49:20'),
	(90, 'quasi-haru', 86, 1, 'website/images/home_2/category/category_3.webp', 'physical', 'website/images/category_icons/menu_category_1.webp', NULL, 0, 0, 0, 1, 0, 2, '2025-08-07 03:49:20', '2025-08-07 03:49:20'),
	(91, 'deserunt-o', NULL, 1, 'website/images/home_3/category/category_1.webp', 'physical', 'website/images/category_icons/menu_category_1.webp', 69, 1, 1, 1, 1, 1, 3, '2025-08-07 03:49:20', '2025-08-07 03:49:20'),
	(92, 'dolorem-ea', 91, 1, 'website/images/home_3/category/category_1.webp', 'physical', 'website/images/category_icons/menu_category_7.webp', NULL, 1, 0, 0, 1, 0, 3, '2025-08-07 03:49:20', '2025-08-07 03:49:20'),
	(93, 'fuga-facil', 91, 1, 'website/images/home_3/category/category_1.webp', 'physical', 'website/images/category_icons/menu_category_1.webp', NULL, 1, 0, 0, 0, 0, 3, '2025-08-07 03:49:20', '2025-08-07 03:49:20'),
	(94, 'voluptates', 91, 1, 'website/images/home_3/category/category_1.webp', 'physical', 'website/images/category_icons/menu_category_6.webp', NULL, 0, 0, 0, 0, 0, 3, '2025-08-07 03:49:20', '2025-08-07 03:49:20'),
	(95, 'ipsam-nesc', 91, 1, 'website/images/home_3/category/category_1.webp', 'physical', 'website/images/category_icons/menu_category_7.webp', 87, 1, 0, 0, 0, 0, 3, '2025-08-07 03:49:20', '2025-08-07 03:49:20'),
	(96, 'quae-iure', NULL, 1, 'website/images/home_3/category/category_2.webp', 'physical', 'website/images/category_icons/menu_category_9.webp', NULL, 1, 1, 1, 1, 1, 3, '2025-08-07 03:49:20', '2025-08-07 03:49:20'),
	(97, 'dolore-per', 96, 1, 'website/images/home_3/category/category_2.webp', 'physical', 'website/images/category_icons/menu_category_5.webp', NULL, 1, 0, 0, 0, 1, 3, '2025-08-07 03:49:20', '2025-08-07 03:49:20'),
	(98, 'a-explicab', 96, 1, 'website/images/home_3/category/category_2.webp', 'physical', 'website/images/category_icons/menu_category_2.webp', NULL, 1, 0, 0, 0, 0, 3, '2025-08-07 03:49:20', '2025-08-07 03:49:20'),
	(99, 'earum-id', 96, 1, 'website/images/home_3/category/category_2.webp', 'physical', 'website/images/category_icons/menu_category_9.webp', 91, 1, 0, 0, 0, 0, 3, '2025-08-07 03:49:20', '2025-08-07 03:49:20'),
	(100, 'iusto-magn', 96, 1, 'website/images/home_3/category/category_2.webp', 'physical', 'website/images/category_icons/menu_category_5.webp', NULL, 0, 0, 0, 1, 0, 3, '2025-08-07 03:49:20', '2025-08-07 03:49:20'),
	(101, 'sunt-quos', NULL, 1, 'website/images/home_3/category/category_3.webp', 'physical', 'website/images/category_icons/menu_category_8.webp', 64, 1, 1, 1, 1, 1, 3, '2025-08-07 03:49:20', '2025-08-07 03:49:20'),
	(102, 'quia-vel', 101, 1, 'website/images/home_3/category/category_3.webp', 'physical', 'website/images/category_icons/menu_category_8.webp', NULL, 1, 0, 0, 0, 0, 3, '2025-08-07 03:49:20', '2025-08-07 03:49:20'),
	(103, 'consequatu', 101, 1, 'website/images/home_3/category/category_3.webp', 'physical', 'website/images/category_icons/menu_category_2.webp', 18, 1, 0, 0, 1, 0, 3, '2025-08-07 03:49:20', '2025-08-07 03:49:20'),
	(104, 'eligendi-i', 101, 1, 'website/images/home_3/category/category_3.webp', 'physical', 'website/images/category_icons/menu_category_3.webp', 5, 1, 0, 0, 0, 1, 3, '2025-08-07 03:49:20', '2025-08-07 03:49:20'),
	(105, 'nulla-face', 101, 1, 'website/images/home_3/category/category_3.webp', 'physical', 'website/images/category_icons/menu_category_4.webp', 40, 1, 0, 0, 0, 0, 3, '2025-08-07 03:49:20', '2025-08-07 03:49:20'),
	(106, 'deserunt-e', NULL, 1, 'website/images/home_3/category/category_4.webp', 'physical', 'website/images/category_icons/menu_category_8.webp', 80, 1, 1, 1, 1, 1, 3, '2025-08-07 03:49:20', '2025-08-07 03:49:20'),
	(107, 'illum-omni', 106, 1, 'website/images/home_3/category/category_4.webp', 'physical', 'website/images/category_icons/menu_category_4.webp', 71, 1, 0, 0, 0, 1, 3, '2025-08-07 03:49:20', '2025-08-07 03:49:20'),
	(108, 'aut-animi', 106, 1, 'website/images/home_3/category/category_4.webp', 'physical', 'website/images/category_icons/menu_category_3.webp', NULL, 0, 0, 0, 0, 0, 3, '2025-08-07 03:49:20', '2025-08-07 03:49:20'),
	(109, 'cum-quos', 106, 1, 'website/images/home_3/category/category_4.webp', 'physical', 'website/images/category_icons/menu_category_7.webp', NULL, 1, 0, 0, 1, 0, 3, '2025-08-07 03:49:20', '2025-08-07 03:49:20'),
	(110, 'quas-sed', 106, 1, 'website/images/home_3/category/category_4.webp', 'physical', 'website/images/category_icons/menu_category_9.webp', NULL, 0, 0, 0, 0, 0, 3, '2025-08-07 03:49:20', '2025-08-07 03:49:20'),
	(111, 'facere-lib', NULL, 1, 'website/images/home_3/category/category_5.webp', 'physical', 'website/images/category_icons/menu_category_7.webp', 91, 1, 1, 1, 1, 1, 3, '2025-08-07 03:49:20', '2025-08-07 03:49:20'),
	(112, 'facere-ut', 111, 1, 'website/images/home_3/category/category_5.webp', 'physical', 'website/images/category_icons/menu_category_9.webp', NULL, 1, 0, 0, 0, 0, 3, '2025-08-07 03:49:20', '2025-08-07 03:49:20'),
	(113, 'qui-saepe', 111, 1, 'website/images/home_3/category/category_5.webp', 'physical', 'website/images/category_icons/menu_category_5.webp', 44, 1, 0, 1, 0, 0, 3, '2025-08-07 03:49:20', '2025-08-07 03:49:20'),
	(114, 'cum-quia', 111, 1, 'website/images/home_3/category/category_5.webp', 'physical', 'website/images/category_icons/menu_category_5.webp', NULL, 1, 0, 0, 1, 0, 3, '2025-08-07 03:49:20', '2025-08-07 03:49:20'),
	(115, 'ratione-om', 111, 1, 'website/images/home_3/category/category_5.webp', 'physical', 'website/images/category_icons/menu_category_7.webp', NULL, 1, 0, 0, 1, 0, 3, '2025-08-07 03:49:20', '2025-08-07 03:49:20'),
	(116, 'et-eos', NULL, 1, 'website/images/home_3/category/category_6.webp', 'physical', 'website/images/category_icons/menu_category_3.webp', NULL, 1, 1, 1, 1, 1, 3, '2025-08-07 03:49:20', '2025-08-07 03:49:20'),
	(117, 'molestias', 116, 1, 'website/images/home_3/category/category_6.webp', 'physical', 'website/images/category_icons/menu_category_1.webp', NULL, 1, 0, 0, 1, 0, 3, '2025-08-07 03:49:20', '2025-08-07 03:49:20'),
	(118, 'nam-totam', 116, 1, 'website/images/home_3/category/category_6.webp', 'physical', 'website/images/category_icons/menu_category_6.webp', NULL, 1, 0, 0, 1, 1, 3, '2025-08-07 03:49:20', '2025-08-07 03:49:20'),
	(119, 'voluptas-v', 116, 1, 'website/images/home_3/category/category_6.webp', 'physical', 'website/images/category_icons/menu_category_5.webp', 33, 1, 0, 0, 0, 0, 3, '2025-08-07 03:49:20', '2025-08-07 03:49:20'),
	(120, 'enim-sequi', 116, 1, 'website/images/home_3/category/category_6.webp', 'physical', 'website/images/category_icons/menu_category_9.webp', NULL, 0, 0, 0, 0, 0, 3, '2025-08-07 03:49:20', '2025-08-07 03:49:20'),
	(121, 'ducimus-qu', NULL, 1, 'website/images/home_3/category/category_3.webp', 'physical', 'website/images/category_icons/menu_category_5.webp', NULL, 1, 1, 1, 1, 1, 3, '2025-08-07 03:49:20', '2025-08-07 03:49:20'),
	(122, 'est-non', 121, 1, 'website/images/home_3/category/category_3.webp', 'physical', 'website/images/category_icons/menu_category_2.webp', NULL, 1, 0, 1, 0, 0, 3, '2025-08-07 03:49:20', '2025-08-07 03:49:20'),
	(123, 'modi-simil', 121, 1, 'website/images/home_3/category/category_3.webp', 'physical', 'website/images/category_icons/menu_category_7.webp', NULL, 1, 0, 0, 0, 1, 3, '2025-08-07 03:49:20', '2025-08-07 03:49:20'),
	(124, 'qui-nulla', 121, 1, 'website/images/home_3/category/category_3.webp', 'physical', 'website/images/category_icons/menu_category_5.webp', NULL, 1, 0, 0, 0, 0, 3, '2025-08-07 03:49:20', '2025-08-07 03:49:20'),
	(125, 'quia-ab', 121, 1, 'website/images/home_3/category/category_3.webp', 'physical', 'website/images/category_icons/menu_category_7.webp', 24, 1, 0, 0, 0, 0, 3, '2025-08-07 03:49:20', '2025-08-07 03:49:20'),
	(126, 'green-leafy', NULL, 1, 'website/images/home_3/category/category_4.webp', 'physical', 'website/images/category_icons/menu_category_2.webp', 80, 1, 1, 1, 1, 1, 3, '2025-08-07 03:49:20', '2025-08-07 03:49:20'),
	(127, 'cumque-per', 126, 1, 'website/images/home_3/category/category_4.webp', 'physical', 'website/images/category_icons/menu_category_8.webp', NULL, 1, 0, 0, 0, 0, 3, '2025-08-07 03:49:20', '2025-08-07 03:49:20'),
	(128, 'delectus-v', 126, 1, 'website/images/home_3/category/category_4.webp', 'physical', 'website/images/category_icons/menu_category_6.webp', NULL, 1, 0, 0, 1, 0, 3, '2025-08-07 03:49:20', '2025-08-07 03:49:20'),
	(129, 'eos-et', 126, 1, 'website/images/home_3/category/category_4.webp', 'physical', 'website/images/category_icons/menu_category_8.webp', NULL, 1, 0, 0, 1, 1, 3, '2025-08-07 03:49:20', '2025-08-07 03:49:20'),
	(130, 'iusto-volu', 126, 1, 'website/images/home_3/category/category_4.webp', 'physical', 'website/images/category_icons/menu_category_4.webp', 40, 0, 0, 1, 1, 0, 3, '2025-08-07 03:49:20', '2025-08-07 03:49:20'),
	(131, 'ex-aut', NULL, 1, 'website/images/home_3/category/category_6.webp', 'physical', 'website/images/category_icons/menu_category_4.webp', NULL, 1, 1, 1, 1, 1, 3, '2025-08-07 03:49:21', '2025-08-07 03:49:21'),
	(132, 'est-sequi', 131, 1, 'website/images/home_3/category/category_6.webp', 'physical', 'website/images/category_icons/menu_category_5.webp', NULL, 1, 0, 0, 0, 1, 3, '2025-08-07 03:49:21', '2025-08-07 03:49:21'),
	(133, 'adipisci-e', 131, 1, 'website/images/home_3/category/category_6.webp', 'physical', 'website/images/category_icons/menu_category_5.webp', NULL, 0, 0, 0, 1, 0, 3, '2025-08-07 03:49:21', '2025-08-07 03:49:21'),
	(134, 'quam-minim', 131, 1, 'website/images/home_3/category/category_6.webp', 'physical', 'website/images/category_icons/menu_category_8.webp', NULL, 1, 0, 0, 0, 0, 3, '2025-08-07 03:49:21', '2025-08-07 03:49:21'),
	(135, 'dolorem-si', 131, 1, 'website/images/home_3/category/category_6.webp', 'physical', 'website/images/category_icons/menu_category_9.webp', 22, 1, 0, 0, 0, 1, 3, '2025-08-07 03:49:21', '2025-08-07 03:49:21'),
	(136, 'et-in', NULL, 1, 'website/images/home_4/category/category_4_icon_1.webp', 'physical', 'website/images/category_icons/menu_category_6.webp', NULL, 1, 1, 1, 1, 1, 4, '2025-08-07 03:49:21', '2025-08-07 03:49:21'),
	(137, 'quia-nostr', 136, 1, 'website/images/home_4/category/category_4_icon_1.webp', 'physical', 'website/images/category_icons/menu_category_8.webp', NULL, 1, 0, 0, 0, 0, 4, '2025-08-07 03:49:21', '2025-08-07 03:49:21'),
	(138, 'numquam-as', 136, 1, 'website/images/home_4/category/category_4_icon_1.webp', 'physical', 'website/images/category_icons/menu_category_1.webp', NULL, 1, 0, 1, 0, 0, 4, '2025-08-07 03:49:21', '2025-08-07 03:49:21'),
	(139, 'ut-autem', 136, 1, 'website/images/home_4/category/category_4_icon_1.webp', 'physical', 'website/images/category_icons/menu_category_1.webp', NULL, 1, 0, 0, 1, 0, 4, '2025-08-07 03:49:21', '2025-08-07 03:49:21'),
	(140, 'porro-ut', 136, 1, 'website/images/home_4/category/category_4_icon_1.webp', 'physical', 'website/images/category_icons/menu_category_3.webp', NULL, 1, 0, 0, 1, 0, 4, '2025-08-07 03:49:21', '2025-08-07 03:49:21'),
	(141, 'vitae-iste', NULL, 1, 'website/images/home_4/category/category_4_icon_2.webp', 'physical', 'website/images/category_icons/menu_category_4.webp', NULL, 1, 1, 1, 1, 1, 4, '2025-08-07 03:49:21', '2025-08-07 03:49:21'),
	(142, 'laudantium', 141, 1, 'website/images/home_4/category/category_4_icon_2.webp', 'physical', 'website/images/category_icons/menu_category_4.webp', NULL, 1, 0, 0, 0, 1, 4, '2025-08-07 03:49:21', '2025-08-07 03:49:21'),
	(143, 'qui-natus', 141, 1, 'website/images/home_4/category/category_4_icon_2.webp', 'physical', 'website/images/category_icons/menu_category_7.webp', NULL, 1, 0, 0, 0, 0, 4, '2025-08-07 03:49:21', '2025-08-07 03:49:21'),
	(144, 'quis-nisi', 141, 1, 'website/images/home_4/category/category_4_icon_2.webp', 'physical', 'website/images/category_icons/menu_category_8.webp', 77, 0, 0, 0, 0, 0, 4, '2025-08-07 03:49:21', '2025-08-07 03:49:21'),
	(145, 'tenetur-co', 141, 1, 'website/images/home_4/category/category_4_icon_2.webp', 'physical', 'website/images/category_icons/menu_category_4.webp', 3, 1, 0, 0, 1, 0, 4, '2025-08-07 03:49:21', '2025-08-07 03:49:21'),
	(146, 'quisquam-r', NULL, 1, 'website/images/home_4/category/category_4_icon_3.webp', 'physical', 'website/images/category_icons/menu_category_2.webp', NULL, 1, 1, 1, 1, 1, 4, '2025-08-07 03:49:21', '2025-08-07 03:49:21'),
	(147, 'modi-omnis', 146, 1, 'website/images/home_4/category/category_4_icon_3.webp', 'physical', 'website/images/category_icons/menu_category_6.webp', 31, 0, 0, 1, 1, 0, 4, '2025-08-07 03:49:21', '2025-08-07 03:49:21'),
	(148, 'neque-et', 146, 1, 'website/images/home_4/category/category_4_icon_3.webp', 'physical', 'website/images/category_icons/menu_category_3.webp', NULL, 0, 0, 0, 0, 0, 4, '2025-08-07 03:49:21', '2025-08-07 03:49:21'),
	(149, 'quo-repell', 146, 1, 'website/images/home_4/category/category_4_icon_3.webp', 'physical', 'website/images/category_icons/menu_category_3.webp', NULL, 0, 0, 0, 0, 0, 4, '2025-08-07 03:49:21', '2025-08-07 03:49:21'),
	(150, 'vel-eum', 146, 1, 'website/images/home_4/category/category_4_icon_3.webp', 'physical', 'website/images/category_icons/menu_category_1.webp', 58, 1, 0, 0, 0, 0, 4, '2025-08-07 03:49:21', '2025-08-07 03:49:21'),
	(151, 'fuga-culpa', NULL, 1, 'website/images/home_4/category/category_4_icon_4.webp', 'physical', 'website/images/category_icons/menu_category_2.webp', NULL, 1, 1, 1, 1, 1, 4, '2025-08-07 03:49:21', '2025-08-07 03:49:21'),
	(152, 't-table', 151, 1, 'website/images/home_4/category/category_4_icon_4.webp', 'physical', 'website/images/category_icons/menu_category_1.webp', 39, 0, 0, 0, 0, 0, 4, '2025-08-07 03:49:21', '2025-08-07 03:49:21'),
	(153, 'ut-a', 151, 1, 'website/images/home_4/category/category_4_icon_4.webp', 'physical', 'website/images/category_icons/menu_category_8.webp', NULL, 1, 0, 0, 1, 0, 4, '2025-08-07 03:49:21', '2025-08-07 03:49:21'),
	(154, 'mollitia-u', 151, 1, 'website/images/home_4/category/category_4_icon_4.webp', 'physical', 'website/images/category_icons/menu_category_3.webp', NULL, 1, 0, 0, 0, 0, 4, '2025-08-07 03:49:21', '2025-08-07 03:49:21'),
	(155, 'est-fugiat', 151, 1, 'website/images/home_4/category/category_4_icon_4.webp', 'physical', 'website/images/category_icons/menu_category_3.webp', 86, 1, 0, 0, 0, 0, 4, '2025-08-07 03:49:21', '2025-08-07 03:49:21'),
	(156, 'et-volupta', NULL, 1, 'website/images/home_4/category/category_4_icon_5.webp', 'physical', 'website/images/category_icons/menu_category_1.webp', NULL, 1, 1, 1, 1, 1, 4, '2025-08-07 03:49:21', '2025-08-07 03:49:21'),
	(157, 'omnis-porr', 156, 1, 'website/images/home_4/category/category_4_icon_5.webp', 'physical', 'website/images/category_icons/menu_category_7.webp', NULL, 1, 0, 0, 1, 0, 4, '2025-08-07 03:49:21', '2025-08-07 03:49:21'),
	(158, 'debitis-mo', 156, 1, 'website/images/home_4/category/category_4_icon_5.webp', 'physical', 'website/images/category_icons/menu_category_1.webp', 72, 0, 0, 0, 0, 0, 4, '2025-08-07 03:49:21', '2025-08-07 03:49:21'),
	(159, 'fugit-dolo', 156, 1, 'website/images/home_4/category/category_4_icon_5.webp', 'physical', 'website/images/category_icons/menu_category_1.webp', NULL, 1, 0, 0, 1, 0, 4, '2025-08-07 03:49:21', '2025-08-07 03:49:21'),
	(160, 'maiores-un', 156, 1, 'website/images/home_4/category/category_4_icon_5.webp', 'physical', 'website/images/category_icons/menu_category_8.webp', 33, 1, 0, 0, 0, 0, 4, '2025-08-07 03:49:21', '2025-08-07 03:49:21'),
	(161, 'assumenda', NULL, 1, 'website/images/home_4/category/category_4_icon_6.webp', 'physical', 'website/images/category_icons/menu_category_2.webp', 51, 1, 1, 1, 1, 1, 4, '2025-08-07 03:49:21', '2025-08-07 03:49:21'),
	(162, 'qui-illum', 161, 1, 'website/images/home_4/category/category_4_icon_6.webp', 'physical', 'website/images/category_icons/menu_category_6.webp', NULL, 1, 0, 0, 0, 0, 4, '2025-08-07 03:49:21', '2025-08-07 03:49:21'),
	(163, 'ea-aut', 161, 1, 'website/images/home_4/category/category_4_icon_6.webp', 'physical', 'website/images/category_icons/menu_category_7.webp', NULL, 1, 0, 0, 0, 0, 4, '2025-08-07 03:49:21', '2025-08-07 03:49:21'),
	(164, 'ducimus-no', 161, 1, 'website/images/home_4/category/category_4_icon_6.webp', 'physical', 'website/images/category_icons/menu_category_2.webp', 68, 1, 0, 0, 0, 0, 4, '2025-08-07 03:49:21', '2025-08-07 03:49:21'),
	(165, 'beatae-aut', 161, 1, 'website/images/home_4/category/category_4_icon_6.webp', 'physical', 'website/images/category_icons/menu_category_5.webp', NULL, 0, 0, 0, 0, 0, 4, '2025-08-07 03:49:21', '2025-08-07 03:49:21'),
	(166, 'distinctio', NULL, 1, 'website/images/home_4/category/category_4_icon_2.webp', 'physical', 'website/images/category_icons/menu_category_6.webp', 41, 1, 1, 1, 1, 1, 4, '2025-08-07 03:49:21', '2025-08-07 03:49:21'),
	(167, 'ut-ratione', 166, 1, 'website/images/home_4/category/category_4_icon_2.webp', 'physical', 'website/images/category_icons/menu_category_5.webp', NULL, 1, 0, 0, 1, 0, 4, '2025-08-07 03:49:21', '2025-08-07 03:49:21'),
	(168, 'nam-et', 166, 1, 'website/images/home_4/category/category_4_icon_2.webp', 'physical', 'website/images/category_icons/menu_category_1.webp', NULL, 0, 0, 0, 1, 0, 4, '2025-08-07 03:49:21', '2025-08-07 03:49:21'),
	(169, 'voluptate', 166, 1, 'website/images/home_4/category/category_4_icon_2.webp', 'physical', 'website/images/category_icons/menu_category_1.webp', 11, 1, 0, 0, 0, 1, 4, '2025-08-07 03:49:21', '2025-08-07 03:49:21'),
	(170, 'est-dicta', 166, 1, 'website/images/home_4/category/category_4_icon_2.webp', 'physical', 'website/images/category_icons/menu_category_5.webp', 9, 0, 0, 0, 0, 0, 4, '2025-08-07 03:49:21', '2025-08-07 03:49:21'),
	(171, 'vero-eos', NULL, 1, 'website/images/home_4/category/category_4_icon_3.webp', 'physical', 'website/images/category_icons/menu_category_7.webp', 6, 1, 1, 1, 1, 1, 4, '2025-08-07 03:49:21', '2025-08-07 03:49:21'),
	(172, 'aut-sint', 171, 1, 'website/images/home_4/category/category_4_icon_3.webp', 'physical', 'website/images/category_icons/menu_category_9.webp', NULL, 1, 0, 0, 0, 0, 4, '2025-08-07 03:49:21', '2025-08-07 03:49:21'),
	(173, 'dolor-natu', 171, 1, 'website/images/home_4/category/category_4_icon_3.webp', 'physical', 'website/images/category_icons/menu_category_6.webp', 83, 1, 0, 0, 0, 0, 4, '2025-08-07 03:49:21', '2025-08-07 03:49:21'),
	(174, 'saepe-quo', 171, 1, 'website/images/home_4/category/category_4_icon_3.webp', 'physical', 'website/images/category_icons/menu_category_3.webp', NULL, 1, 0, 0, 0, 0, 4, '2025-08-07 03:49:21', '2025-08-07 03:49:21'),
	(175, 'voluptatum', 171, 1, 'website/images/home_4/category/category_4_icon_3.webp', 'physical', 'website/images/category_icons/menu_category_4.webp', 41, 0, 0, 0, 1, 0, 4, '2025-08-07 03:49:21', '2025-08-07 03:49:21'),
	(176, 'maxime-sim', NULL, 1, 'website/images/home_4/category/category_4_icon_4.webp', 'physical', 'website/images/category_icons/menu_category_8.webp', NULL, 1, 1, 1, 1, 1, 4, '2025-08-07 03:49:21', '2025-08-07 03:49:21'),
	(177, 'eos-labori', 176, 1, 'website/images/home_4/category/category_4_icon_4.webp', 'physical', 'website/images/category_icons/menu_category_6.webp', 3, 0, 0, 1, 0, 1, 4, '2025-08-07 03:49:21', '2025-08-07 03:49:21'),
	(178, 'in-velit', 176, 1, 'website/images/home_4/category/category_4_icon_4.webp', 'physical', 'website/images/category_icons/menu_category_3.webp', NULL, 1, 0, 0, 0, 0, 4, '2025-08-07 03:49:21', '2025-08-07 03:49:21'),
	(179, 'reiciendis', 176, 1, 'website/images/home_4/category/category_4_icon_4.webp', 'physical', 'website/images/category_icons/menu_category_9.webp', NULL, 1, 0, 0, 0, 0, 4, '2025-08-07 03:49:21', '2025-08-07 03:49:21'),
	(180, 'repellendu', 176, 1, 'website/images/home_4/category/category_4_icon_4.webp', 'physical', 'website/images/category_icons/menu_category_5.webp', 41, 1, 0, 1, 1, 0, 4, '2025-08-07 03:49:21', '2025-08-07 03:49:21');

-- Dumping structure for table topcommerce.category_translations
DROP TABLE IF EXISTS `category_translations`;
CREATE TABLE IF NOT EXISTS `category_translations` (
  `id` int(10) unsigned NOT NULL AUTO_INCREMENT,
  `category_id` bigint(20) unsigned NOT NULL,
  `lang_code` varchar(255) NOT NULL,
  `name` varchar(255) NOT NULL,
  `seo_title` text DEFAULT NULL,
  `seo_description` text DEFAULT NULL,
  `created_at` timestamp NULL DEFAULT NULL,
  `updated_at` timestamp NULL DEFAULT NULL,
  PRIMARY KEY (`id`),
  UNIQUE KEY `category_translations_category_id_lang_code_unique` (`category_id`,`lang_code`),
  CONSTRAINT `category_translations_category_id_foreign` FOREIGN KEY (`category_id`) REFERENCES `categories` (`id`) ON DELETE CASCADE
) ENGINE=InnoDB AUTO_INCREMENT=361 DEFAULT CHARSET=utf8mb4 COLLATE=utf8mb4_unicode_ci;

-- Dumping data for table topcommerce.category_translations: ~360 rows (approximately)
DELETE FROM `category_translations`;
INSERT INTO `category_translations` (`id`, `category_id`, `lang_code`, `name`, `seo_title`, `seo_description`, `created_at`, `updated_at`) VALUES
	(1, 1, 'en', 'Clothing', 'Tempore quibusdam voluptas blanditiis.', 'Tenetur unde minus ducimus corporis omnis.', '2025-08-07 03:49:20', '2025-08-07 03:49:20'),
	(2, 1, 'ar', 'Clothing', 'Ipsam ad quod quas aspernatur aperiam soluta sunt.', 'Atque impedit tenetur eligendi impedit vitae libero.', '2025-08-07 03:49:20', '2025-08-07 03:49:20'),
	(3, 2, 'en', 'Health & Beauty', 'Dolores neque consequuntur expedita ipsam cumque.', 'Enim atque rerum dolore cumque.', '2025-08-07 03:49:20', '2025-08-07 03:49:20'),
	(4, 2, 'ar', 'Health & Beauty', 'Laudantium eius non velit praesentium sint doloribus eaque.', 'Labore consectetur et et consequuntur autem modi animi.', '2025-08-07 03:49:20', '2025-08-07 03:49:20'),
	(5, 3, 'en', 'Home Decor', 'Libero molestiae sed quo qui velit ducimus.', 'Eligendi unde eaque culpa doloribus.', '2025-08-07 03:49:20', '2025-08-07 03:49:20'),
	(6, 3, 'ar', 'Home Decor', 'Possimus odio rem consequatur quo tenetur.', 'Aut iste voluptatem eos et beatae.', '2025-08-07 03:49:20', '2025-08-07 03:49:20'),
	(7, 4, 'en', 'Health & Beauty', 'Impedit recusandae rem autem ut odit.', 'Aspernatur perferendis distinctio eum rem.', '2025-08-07 03:49:20', '2025-08-07 03:49:20'),
	(8, 4, 'ar', 'Health & Beauty', 'Illum modi officia sapiente fugit explicabo.', 'Nam inventore maiores sunt hic.', '2025-08-07 03:49:20', '2025-08-07 03:49:20'),
	(9, 5, 'en', 'Fish', 'Officiis voluptatem soluta explicabo omnis esse.', 'Nemo dolor ipsam alias quia.', '2025-08-07 03:49:20', '2025-08-07 03:49:20'),
	(10, 5, 'ar', 'Fish', 'Enim est aspernatur quibusdam facilis dolorum.', 'Saepe placeat nulla dolores omnis quo ut ut ut.', '2025-08-07 03:49:20', '2025-08-07 03:49:20'),
	(11, 6, 'en', 'Electronics', 'Voluptatem ut ducimus sed animi.', 'Enim enim dolorum illo error.', '2025-08-07 03:49:20', '2025-08-07 03:49:20'),
	(12, 6, 'ar', 'Electronics', 'Animi incidunt odit nulla aut ullam libero et.', 'Dolore veritatis fugiat quidem accusamus soluta pariatur.', '2025-08-07 03:49:20', '2025-08-07 03:49:20'),
	(13, 7, 'en', 'Pastry', 'Aut adipisci et libero et sit commodi corporis fugit.', 'Quis voluptas dolore labore explicabo hic voluptatibus dolor.', '2025-08-07 03:49:20', '2025-08-07 03:49:20'),
	(14, 7, 'ar', 'Pastry', 'Et suscipit eaque praesentium harum dolor.', 'Amet sed minima et nostrum.', '2025-08-07 03:49:20', '2025-08-07 03:49:20'),
	(15, 8, 'en', 'Drinks', 'Molestias dolorum quia rerum aut consectetur.', 'Inventore est nam accusantium aut.', '2025-08-07 03:49:20', '2025-08-07 03:49:20'),
	(16, 8, 'ar', 'Drinks', 'Impedit itaque est non ducimus voluptas veniam voluptatem.', 'Eos laborum optio saepe aut ut.', '2025-08-07 03:49:20', '2025-08-07 03:49:20'),
	(17, 9, 'en', 'Electronics', 'Et pariatur aliquid id vitae dolorem fugiat aliquid.', 'Sint cum velit atque qui nostrum.', '2025-08-07 03:49:20', '2025-08-07 03:49:20'),
	(18, 9, 'ar', 'Electronics', 'Et vel sunt animi natus et sit omnis.', 'Blanditiis voluptatem laboriosam voluptatibus commodi quisquam explicabo.', '2025-08-07 03:49:20', '2025-08-07 03:49:20'),
	(19, 10, 'en', 'Electronics', 'In consequatur cumque et quasi porro est.', 'Velit cum et nesciunt qui expedita sapiente consequuntur.', '2025-08-07 03:49:20', '2025-08-07 03:49:20'),
	(20, 10, 'ar', 'Electronics', 'Ipsa voluptatem rerum consequatur aut.', 'Adipisci explicabo in asperiores aut accusamus eius.', '2025-08-07 03:49:20', '2025-08-07 03:49:20'),
	(21, 11, 'en', 'Shoes', 'Rerum aut ipsa cum nihil.', 'Ad unde ut et tempore error.', '2025-08-07 03:49:20', '2025-08-07 03:49:20'),
	(22, 11, 'ar', 'Shoes', 'Voluptatibus reprehenderit mollitia rem voluptatem.', 'Molestiae tempora ab repudiandae praesentium aut.', '2025-08-07 03:49:20', '2025-08-07 03:49:20'),
	(23, 12, 'en', 'Health & Beauty', 'Earum ut dolorem magnam rem rem et consequuntur reiciendis.', 'Tempora officia repellendus expedita velit.', '2025-08-07 03:49:20', '2025-08-07 03:49:20'),
	(24, 12, 'ar', 'Health & Beauty', 'Quos dolores qui ipsum quidem nesciunt quis suscipit.', 'Magnam molestias reiciendis voluptas est minus eum.', '2025-08-07 03:49:20', '2025-08-07 03:49:20'),
	(25, 13, 'en', 'Home Appliances', 'Voluptate officia corrupti soluta quas.', 'Sunt quisquam cum eius iure.', '2025-08-07 03:49:20', '2025-08-07 03:49:20'),
	(26, 13, 'ar', 'Home Appliances', 'Sint et rerum velit incidunt.', 'Facere laborum ab adipisci illo ut.', '2025-08-07 03:49:20', '2025-08-07 03:49:20'),
	(27, 14, 'en', 'Bakery', 'Vero culpa est quo sed quis.', 'Qui quaerat iure odit sapiente.', '2025-08-07 03:49:20', '2025-08-07 03:49:20'),
	(28, 14, 'ar', 'Bakery', 'Similique repellat labore labore ut repellat.', 'Est ut tenetur ipsam provident soluta.', '2025-08-07 03:49:20', '2025-08-07 03:49:20'),
	(29, 15, 'en', 'Boy Collection', 'Aut qui ut aliquid sit nesciunt excepturi qui delectus.', 'Ea labore officia sit ipsum iusto itaque non.', '2025-08-07 03:49:20', '2025-08-07 03:49:20'),
	(30, 15, 'ar', 'Boy Collection', 'Veniam rerum est fuga et.', 'Placeat voluptate error temporibus deserunt quia est.', '2025-08-07 03:49:20', '2025-08-07 03:49:20'),
	(31, 16, 'en', 'Health & Beauty', 'Voluptate quaerat dolores maiores tenetur deleniti consequatur.', 'Ut temporibus praesentium unde.', '2025-08-07 03:49:20', '2025-08-07 03:49:20'),
	(32, 16, 'ar', 'Health & Beauty', 'Atque adipisci atque et pariatur adipisci.', 'Ea quis fuga nobis quaerat.', '2025-08-07 03:49:20', '2025-08-07 03:49:20'),
	(33, 17, 'en', 'Writing', 'Similique architecto et ut quidem.', 'Earum consequuntur consequatur amet vel totam est quaerat.', '2025-08-07 03:49:20', '2025-08-07 03:49:20'),
	(34, 17, 'ar', 'Writing', 'Nobis voluptatem commodi perferendis incidunt.', 'Magnam nostrum dignissimos dicta dicta.', '2025-08-07 03:49:20', '2025-08-07 03:49:20'),
	(35, 18, 'en', 'Wardrobe', 'Rem dolor animi inventore eum.', 'Repellat voluptatibus nobis iste eveniet at.', '2025-08-07 03:49:20', '2025-08-07 03:49:20'),
	(36, 18, 'ar', 'Wardrobe', 'Et excepturi et velit mollitia et.', 'Ipsam quia et ipsa est.', '2025-08-07 03:49:20', '2025-08-07 03:49:20'),
	(37, 19, 'en', 'Male Collection', 'Optio velit labore numquam quam.', 'Dolorum assumenda ad officiis quod.', '2025-08-07 03:49:20', '2025-08-07 03:49:20'),
	(38, 19, 'ar', 'Male Collection', 'Porro temporibus sunt sed delectus.', 'Doloremque qui officiis distinctio recusandae et.', '2025-08-07 03:49:20', '2025-08-07 03:49:20'),
	(39, 20, 'en', 'Sofa Set', 'Est quis architecto est officiis voluptates.', 'Aut sit dolore ipsa voluptatem velit.', '2025-08-07 03:49:20', '2025-08-07 03:49:20'),
	(40, 20, 'ar', 'Sofa Set', 'Deserunt non voluptatem quos voluptas.', 'Facilis odio similique laboriosam.', '2025-08-07 03:49:20', '2025-08-07 03:49:20'),
	(41, 21, 'en', 'Furniture', 'Commodi sint recusandae omnis officiis qui sit ipsa.', 'Quis amet praesentium sit perferendis.', '2025-08-07 03:49:20', '2025-08-07 03:49:20'),
	(42, 21, 'ar', 'Furniture', 'Minus quo non ab perferendis.', 'Dolores ut quis nesciunt voluptatem commodi numquam.', '2025-08-07 03:49:20', '2025-08-07 03:49:20'),
	(43, 22, 'en', 'Mobile', 'Recusandae rerum necessitatibus est assumenda recusandae nesciunt.', 'Sit veritatis placeat laboriosam enim a.', '2025-08-07 03:49:20', '2025-08-07 03:49:20'),
	(44, 22, 'ar', 'Mobile', 'Deleniti et dignissimos ipsa ut soluta quae.', 'Harum et eum quo voluptatem cumque veritatis sequi.', '2025-08-07 03:49:20', '2025-08-07 03:49:20'),
	(45, 23, 'en', 'Living Room', 'Voluptas enim sapiente ut dolores molestiae.', 'Est eum voluptas nostrum et dolorem eveniet id similique.', '2025-08-07 03:49:20', '2025-08-07 03:49:20'),
	(46, 23, 'ar', 'Living Room', 'Enim aut dolorem et hic.', 'Molestias et debitis beatae voluptatum quo.', '2025-08-07 03:49:20', '2025-08-07 03:49:20'),
	(47, 24, 'en', 'Unisex Collection', 'Sunt est ut repudiandae magnam ducimus.', 'Illum odio reiciendis molestias sed ab ab provident.', '2025-08-07 03:49:20', '2025-08-07 03:49:20'),
	(48, 24, 'ar', 'Unisex Collection', 'Explicabo illo natus asperiores ad quis ut aliquid.', 'Eum accusamus impedit laborum sit occaecati harum et perferendis.', '2025-08-07 03:49:20', '2025-08-07 03:49:20'),
	(49, 25, 'en', 'Wardrobe', 'Magnam numquam laboriosam quia.', 'Voluptatem veniam quisquam quam facilis qui ducimus ut.', '2025-08-07 03:49:20', '2025-08-07 03:49:20'),
	(50, 25, 'ar', 'Wardrobe', 'Tenetur omnis voluptatem tenetur modi.', 'Architecto dolorem dolorem veniam omnis nemo corrupti ut.', '2025-08-07 03:49:20', '2025-08-07 03:49:20'),
	(51, 26, 'en', 'Mobile', 'Minus eaque cupiditate est.', 'Aut ut eveniet dolor consequatur.', '2025-08-07 03:49:20', '2025-08-07 03:49:20'),
	(52, 26, 'ar', 'Mobile', 'Sed eos quibusdam ullam ducimus ab.', 'Est ab labore eligendi.', '2025-08-07 03:49:20', '2025-08-07 03:49:20'),
	(53, 27, 'en', 'Wardrobe', 'Doloremque at sint quisquam voluptates esse.', 'Consequatur hic consequatur aut fugiat velit rerum adipisci.', '2025-08-07 03:49:20', '2025-08-07 03:49:20'),
	(54, 27, 'ar', 'Wardrobe', 'Molestias non nesciunt quo ullam cupiditate delectus error omnis.', 'Ipsa est aut animi voluptatibus voluptas non rerum.', '2025-08-07 03:49:20', '2025-08-07 03:49:20'),
	(55, 28, 'en', 'Drinks', 'Adipisci dolorem natus ullam molestiae dignissimos quia praesentium.', 'Fugiat accusamus exercitationem blanditiis.', '2025-08-07 03:49:20', '2025-08-07 03:49:20'),
	(56, 28, 'ar', 'Drinks', 'Fuga est quae laboriosam ad repellat.', 'Sed similique incidunt exercitationem voluptatem.', '2025-08-07 03:49:20', '2025-08-07 03:49:20'),
	(57, 29, 'en', 'Wardrobe', 'Enim atque omnis id odio perferendis.', 'Eaque dolor aut repellendus voluptate doloremque voluptatem.', '2025-08-07 03:49:20', '2025-08-07 03:49:20'),
	(58, 29, 'ar', 'Wardrobe', 'Itaque facilis nihil similique et voluptatibus.', 'Vitae repellat id omnis reiciendis optio asperiores ea.', '2025-08-07 03:49:20', '2025-08-07 03:49:20'),
	(59, 30, 'en', 'Bakery', 'Non rerum enim et itaque doloribus.', 'In consequuntur hic ratione vel asperiores repellat fugiat.', '2025-08-07 03:49:20', '2025-08-07 03:49:20'),
	(60, 30, 'ar', 'Bakery', 'Voluptatibus ipsum adipisci ut magni.', 'Mollitia quia nulla id non nobis.', '2025-08-07 03:49:20', '2025-08-07 03:49:20'),
	(61, 31, 'en', 'Electronics', 'Et et officia consequatur asperiores laudantium at.', 'Sunt quidem quia dolores.', '2025-08-07 03:49:20', '2025-08-07 03:49:20'),
	(62, 31, 'ar', 'Electronics', 'Ut quia hic maxime ipsam ut molestiae officiis.', 'Ad ullam exercitationem ut et praesentium.', '2025-08-07 03:49:20', '2025-08-07 03:49:20'),
	(63, 32, 'en', 'Electronics', 'Qui vel molestiae debitis doloribus optio.', 'Aut aliquid dolor autem doloribus asperiores esse temporibus.', '2025-08-07 03:49:20', '2025-08-07 03:49:20'),
	(64, 32, 'ar', 'Electronics', 'Voluptas quod et quisquam est.', 'Optio perspiciatis sapiente sapiente delectus ut et pariatur.', '2025-08-07 03:49:20', '2025-08-07 03:49:20'),
	(65, 33, 'en', 'Neon Sofa', 'Impedit sed cupiditate accusamus ipsum commodi.', 'Reprehenderit quas commodi iure magni eaque aliquid tempora.', '2025-08-07 03:49:20', '2025-08-07 03:49:20'),
	(66, 33, 'ar', 'Neon Sofa', 'Ea aut nihil animi ut laudantium dolores.', 'Totam commodi amet ut sit.', '2025-08-07 03:49:20', '2025-08-07 03:49:20'),
	(67, 34, 'en', 'Drinks', 'Atque excepturi ut pariatur est et est.', 'Aut molestiae libero pariatur dolore.', '2025-08-07 03:49:20', '2025-08-07 03:49:20'),
	(68, 34, 'ar', 'Drinks', 'Id animi fugiat incidunt facere quae consequatur id.', 'Possimus hic optio ad distinctio quo.', '2025-08-07 03:49:20', '2025-08-07 03:49:20'),
	(69, 35, 'en', 'Shoes', 'Qui unde qui dolor quia voluptates iure sed quasi.', 'Facilis iure dolor earum saepe sit tenetur sed.', '2025-08-07 03:49:20', '2025-08-07 03:49:20'),
	(70, 35, 'ar', 'Shoes', 'Repellat deserunt sint aut rerum voluptas nobis reprehenderit provident.', 'Deleniti ipsa nihil quasi vel a.', '2025-08-07 03:49:20', '2025-08-07 03:49:20'),
	(71, 36, 'en', 'Shoes', 'Libero nihil occaecati aliquam ducimus quia.', 'Est inventore et dolore placeat perspiciatis et illo.', '2025-08-07 03:49:20', '2025-08-07 03:49:20'),
	(72, 36, 'ar', 'Shoes', 'Dolorum nostrum accusamus dolor ipsam eos quidem.', 'Sed voluptatem in sint sit eveniet eius.', '2025-08-07 03:49:20', '2025-08-07 03:49:20'),
	(73, 37, 'en', 'Fish', 'Et rerum neque ut laboriosam vitae deleniti dolorum.', 'Ad ut aperiam amet alias necessitatibus.', '2025-08-07 03:49:20', '2025-08-07 03:49:20'),
	(74, 37, 'ar', 'Fish', 'Nihil suscipit sunt et.', 'Exercitationem aliquid quod illo dolorem saepe reiciendis molestiae.', '2025-08-07 03:49:20', '2025-08-07 03:49:20'),
	(75, 38, 'en', 'Living Room', 'Voluptas quia dignissimos dolores quidem.', 'Quo est rem quia quasi soluta.', '2025-08-07 03:49:20', '2025-08-07 03:49:20'),
	(76, 38, 'ar', 'Living Room', 'Id voluptatem qui ut quia.', 'Aut facere ex consequatur ut.', '2025-08-07 03:49:20', '2025-08-07 03:49:20'),
	(77, 39, 'en', 'Braberaze', 'Ratione veritatis architecto iusto in magnam non officia at.', 'Ut et ut facere.', '2025-08-07 03:49:20', '2025-08-07 03:49:20'),
	(78, 39, 'ar', 'Braberaze', 'Voluptatum sapiente sit optio nobis repudiandae dolores.', 'Fuga harum sit quod adipisci temporibus.', '2025-08-07 03:49:20', '2025-08-07 03:49:20'),
	(79, 40, 'en', 'Clothing', 'Nam ab aut iusto omnis.', 'Nostrum odit sit sed voluptatibus porro.', '2025-08-07 03:49:20', '2025-08-07 03:49:20'),
	(80, 40, 'ar', 'Clothing', 'Sed eum vero dolores nesciunt soluta dolorem aliquam.', 'Quia quaerat non non consequatur laboriosam.', '2025-08-07 03:49:20', '2025-08-07 03:49:20'),
	(81, 41, 'en', 'Health & Beauty', 'Recusandae deleniti perferendis provident non.', 'Laboriosam maxime natus quia et et.', '2025-08-07 03:49:20', '2025-08-07 03:49:20'),
	(82, 41, 'ar', 'Health & Beauty', 'Autem alias autem reprehenderit deserunt porro.', 'Sint quaerat doloremque est totam.', '2025-08-07 03:49:20', '2025-08-07 03:49:20'),
	(83, 42, 'en', 'Neon Sofa', 'Facilis voluptates debitis voluptatem est.', 'Aut reiciendis dolores consequatur blanditiis.', '2025-08-07 03:49:20', '2025-08-07 03:49:20'),
	(84, 42, 'ar', 'Neon Sofa', 'Molestias cumque modi mollitia dolorem minus suscipit sequi.', 'Nesciunt et eos alias ut accusantium.', '2025-08-07 03:49:20', '2025-08-07 03:49:20'),
	(85, 43, 'en', 'Reading', 'Soluta quas pariatur eius autem.', 'Perferendis et consequatur quo et.', '2025-08-07 03:49:20', '2025-08-07 03:49:20'),
	(86, 43, 'ar', 'Reading', 'Consequuntur vitae est eligendi ipsam et.', 'Cumque quod rerum autem ad quos.', '2025-08-07 03:49:20', '2025-08-07 03:49:20'),
	(87, 44, 'en', 'Health & Beauty', 'Perspiciatis fugit sed similique enim.', 'Tempora a quo aperiam nihil.', '2025-08-07 03:49:20', '2025-08-07 03:49:20'),
	(88, 44, 'ar', 'Health & Beauty', 'Et autem ex eos et omnis.', 'Sunt voluptas ratione quos.', '2025-08-07 03:49:20', '2025-08-07 03:49:20'),
	(89, 45, 'en', 'Clothing', 'Nisi temporibus ut et ad voluptas consequatur.', 'Vel ab eius quaerat animi a culpa voluptates.', '2025-08-07 03:49:20', '2025-08-07 03:49:20'),
	(90, 45, 'ar', 'Clothing', 'Amet libero fuga quod iusto illo.', 'Consequatur veniam tempore recusandae praesentium sit odit omnis voluptas.', '2025-08-07 03:49:20', '2025-08-07 03:49:20'),
	(91, 46, 'en', 'Home Appliances', 'Velit tempore ipsa neque quia.', 'Fugiat quod aut est et corporis.', '2025-08-07 03:49:20', '2025-08-07 03:49:20'),
	(92, 46, 'ar', 'Home Appliances', 'Recusandae repudiandae incidunt qui autem.', 'Voluptas tempore illum odio eos non.', '2025-08-07 03:49:20', '2025-08-07 03:49:20'),
	(93, 47, 'en', 'Meat', 'Molestiae sit et ea doloribus cum minima.', 'Sunt dolore ea sed non doloremque possimus.', '2025-08-07 03:49:20', '2025-08-07 03:49:20'),
	(94, 47, 'ar', 'Meat', 'Voluptatem exercitationem hic debitis aperiam.', 'Accusantium sequi eum perferendis nam similique.', '2025-08-07 03:49:20', '2025-08-07 03:49:20'),
	(95, 48, 'en', 'Woman Collection', 'Nam voluptates magnam magnam et qui.', 'Quos est eveniet assumenda esse facilis ducimus.', '2025-08-07 03:49:20', '2025-08-07 03:49:20'),
	(96, 48, 'ar', 'Woman Collection', 'Nesciunt quia eligendi quia.', 'Autem animi inventore modi perferendis sint vel dolorum.', '2025-08-07 03:49:20', '2025-08-07 03:49:20'),
	(97, 49, 'en', 'Male Collection', 'Aut labore corporis sint unde maxime.', 'Cumque recusandae aspernatur libero possimus.', '2025-08-07 03:49:20', '2025-08-07 03:49:20'),
	(98, 49, 'ar', 'Male Collection', 'Blanditiis id aliquid quo ipsam quod voluptas quisquam voluptas.', 'Porro sapiente commodi omnis neque quis.', '2025-08-07 03:49:20', '2025-08-07 03:49:20'),
	(99, 50, 'en', 'Woman Collection', 'Ut nihil doloribus tempore et unde.', 'Nihil aut ut doloremque nemo cupiditate.', '2025-08-07 03:49:20', '2025-08-07 03:49:20'),
	(100, 50, 'ar', 'Woman Collection', 'Natus sequi sit aut quibusdam sunt numquam.', 'Ex hic voluptatem excepturi in.', '2025-08-07 03:49:20', '2025-08-07 03:49:20'),
	(101, 51, 'en', 'Man Collection', 'Eum et est accusantium recusandae nostrum ipsam recusandae.', 'Sint amet minima eos ea cupiditate corporis ab sit.', '2025-08-07 03:49:20', '2025-08-07 03:49:20'),
	(102, 51, 'ar', 'Man Collection', 'Ipsa facere ipsa nam deleniti ut vero qui voluptatem.', 'Et molestiae molestiae libero laboriosam quasi quod.', '2025-08-07 03:49:20', '2025-08-07 03:49:20'),
	(103, 52, 'en', 'Vegetables', 'Voluptatem minima rerum asperiores repellat laborum doloremque.', 'Molestias voluptatem ut molestiae quia ex dolorum.', '2025-08-07 03:49:20', '2025-08-07 03:49:20'),
	(104, 52, 'ar', 'Vegetables', 'Debitis repellat omnis voluptatem aut quas asperiores.', 'Ipsum autem molestias maiores et et est.', '2025-08-07 03:49:20', '2025-08-07 03:49:20'),
	(105, 53, 'en', 'Writing', 'Voluptatibus saepe et ex qui.', 'Vero rerum similique et nobis nihil provident eos.', '2025-08-07 03:49:20', '2025-08-07 03:49:20'),
	(106, 53, 'ar', 'Writing', 'Vero ea quisquam ratione sed.', 'Est corrupti maiores magni debitis nihil.', '2025-08-07 03:49:20', '2025-08-07 03:49:20'),
	(107, 54, 'en', 'Drinks', 'Non ut odit ad id placeat illo dolorem fugiat.', 'Esse non omnis accusamus sint similique aperiam reprehenderit saepe.', '2025-08-07 03:49:20', '2025-08-07 03:49:20'),
	(108, 54, 'ar', 'Drinks', 'Ea dolor consequuntur est qui.', 'Commodi porro est autem aliquid.', '2025-08-07 03:49:20', '2025-08-07 03:49:20'),
	(109, 55, 'en', 'Man Collection', 'Cupiditate quia qui qui ullam.', 'Aut sed aut saepe a veniam qui nemo.', '2025-08-07 03:49:20', '2025-08-07 03:49:20'),
	(110, 55, 'ar', 'Man Collection', 'Ut nihil et dolores debitis possimus voluptatem.', 'Et molestiae aut quis ducimus vero quo.', '2025-08-07 03:49:20', '2025-08-07 03:49:20'),
	(111, 56, 'en', 'Woman Collection', 'Quos voluptatem tempora delectus sunt perferendis.', 'Nesciunt architecto sint sed fugiat consequatur vitae accusamus voluptatibus.', '2025-08-07 03:49:20', '2025-08-07 03:49:20'),
	(112, 56, 'ar', 'Woman Collection', 'Eum cupiditate sed sit officiis molestiae qui eos.', 'Nulla est enim quia ad.', '2025-08-07 03:49:20', '2025-08-07 03:49:20'),
	(113, 57, 'en', 'Furniture', 'Alias assumenda sed maiores nulla.', 'Labore culpa laborum vel repellendus est esse accusamus libero.', '2025-08-07 03:49:20', '2025-08-07 03:49:20'),
	(114, 57, 'ar', 'Furniture', 'Doloremque ab blanditiis iste aut.', 'Sunt id sunt officiis ullam libero et.', '2025-08-07 03:49:20', '2025-08-07 03:49:20'),
	(115, 58, 'en', 'Home Decor', 'Expedita iusto sapiente aut sint.', 'Explicabo tenetur fuga doloremque autem atque.', '2025-08-07 03:49:20', '2025-08-07 03:49:20'),
	(116, 58, 'ar', 'Home Decor', 'Earum aperiam alias animi ex qui.', 'Aut dolor neque vitae velit et voluptatem.', '2025-08-07 03:49:20', '2025-08-07 03:49:20'),
	(117, 59, 'en', 'Female Collection', 'Est accusantium sed modi nihil nihil voluptates laboriosam.', 'Ut dolores aut iusto delectus sit voluptatem culpa.', '2025-08-07 03:49:20', '2025-08-07 03:49:20'),
	(118, 59, 'ar', 'Female Collection', 'Vitae libero cum nisi rem in quisquam.', 'Numquam laboriosam non accusamus molestias rerum natus.', '2025-08-07 03:49:20', '2025-08-07 03:49:20'),
	(119, 60, 'en', 'Pastry', 'Voluptas dolore harum porro provident alias dolores numquam.', 'Sit accusamus laboriosam ea laborum quo.', '2025-08-07 03:49:20', '2025-08-07 03:49:20'),
	(120, 60, 'ar', 'Pastry', 'Odit qui quas et beatae sit quasi doloribus.', 'Quasi debitis sunt dicta.', '2025-08-07 03:49:20', '2025-08-07 03:49:20'),
	(121, 61, 'en', 'Unisex Collection', 'Inventore in ratione ut ut ut maiores.', 'Aut incidunt hic et est.', '2025-08-07 03:49:20', '2025-08-07 03:49:20'),
	(122, 61, 'ar', 'Unisex Collection', 'Nihil sint veniam quasi alias distinctio.', 'Consectetur placeat veritatis optio accusamus alias.', '2025-08-07 03:49:20', '2025-08-07 03:49:20'),
	(123, 62, 'en', 'Writing', 'Maxime in ullam et.', 'Illum aut iste ad pariatur.', '2025-08-07 03:49:20', '2025-08-07 03:49:20'),
	(124, 62, 'ar', 'Writing', 'Corporis id est distinctio.', 'Sunt quos nihil perferendis esse et voluptas voluptas temporibus.', '2025-08-07 03:49:20', '2025-08-07 03:49:20'),
	(125, 63, 'en', 'Shoes', 'Voluptas quia sit veritatis minus.', 'Accusantium eveniet sint et nulla.', '2025-08-07 03:49:20', '2025-08-07 03:49:20'),
	(126, 63, 'ar', 'Shoes', 'Soluta expedita maxime corporis id.', 'Laudantium at nulla rerum aperiam tempore.', '2025-08-07 03:49:20', '2025-08-07 03:49:20'),
	(127, 64, 'en', 'Strawberries', 'Perferendis nihil accusantium repudiandae corporis.', 'In et odio qui est ea numquam.', '2025-08-07 03:49:20', '2025-08-07 03:49:20'),
	(128, 64, 'ar', 'Strawberries', 'Distinctio et quia cumque praesentium corporis consectetur impedit iure.', 'Accusamus ex dolor excepturi ut.', '2025-08-07 03:49:20', '2025-08-07 03:49:20'),
	(129, 65, 'en', 'Sleep Bed', 'Praesentium expedita ab aut nisi accusamus optio alias.', 'Ut aliquid animi vero corrupti velit quas voluptatem.', '2025-08-07 03:49:20', '2025-08-07 03:49:20'),
	(130, 65, 'ar', 'Sleep Bed', 'Voluptatibus consequuntur et suscipit libero corporis.', 'Dolorum animi et praesentium pariatur.', '2025-08-07 03:49:20', '2025-08-07 03:49:20'),
	(131, 66, 'en', 'Boy Collection', 'Dolorum dolores omnis aut.', 'Architecto atque at quaerat aut.', '2025-08-07 03:49:20', '2025-08-07 03:49:20'),
	(132, 66, 'ar', 'Boy Collection', 'Et explicabo et occaecati rerum voluptatum.', 'Iusto veritatis iure et error.', '2025-08-07 03:49:20', '2025-08-07 03:49:20'),
	(133, 67, 'en', 'Sleep Bed', 'Saepe eligendi qui sit repellat.', 'Illum repudiandae commodi corporis in eum.', '2025-08-07 03:49:20', '2025-08-07 03:49:20'),
	(134, 67, 'ar', 'Sleep Bed', 'Aut atque blanditiis ea vel accusantium et corporis.', 'Odit eveniet nihil delectus.', '2025-08-07 03:49:20', '2025-08-07 03:49:20'),
	(135, 68, 'en', 'Shoes', 'Eius tempora rerum autem inventore dolor quasi.', 'Incidunt amet tempora et sint.', '2025-08-07 03:49:20', '2025-08-07 03:49:20'),
	(136, 68, 'ar', 'Shoes', 'Sequi voluptatem et voluptatem sit rerum.', 'Vel aperiam numquam omnis dolores.', '2025-08-07 03:49:20', '2025-08-07 03:49:20'),
	(137, 69, 'en', 'Electronics', 'Dolorum corrupti molestias tempora quia omnis.', 'Voluptas non unde ducimus excepturi.', '2025-08-07 03:49:20', '2025-08-07 03:49:20'),
	(138, 69, 'ar', 'Electronics', 'Porro a praesentium perferendis.', 'Soluta illum eos quam fugit corrupti aspernatur.', '2025-08-07 03:49:20', '2025-08-07 03:49:20'),
	(139, 70, 'en', 'Reading', 'Vero reiciendis dolor assumenda praesentium.', 'Voluptate et autem aliquam.', '2025-08-07 03:49:20', '2025-08-07 03:49:20'),
	(140, 70, 'ar', 'Reading', 'Voluptas pariatur pariatur veniam eius dolore possimus illum.', 'Voluptas non aliquam sunt repudiandae.', '2025-08-07 03:49:20', '2025-08-07 03:49:20'),
	(141, 71, 'en', 'Room Appliances', 'Nulla ut hic ipsa quas.', 'Doloremque ipsa quo odit non qui aspernatur animi libero.', '2025-08-07 03:49:20', '2025-08-07 03:49:20'),
	(142, 71, 'ar', 'Room Appliances', 'Nulla porro pariatur ipsa soluta aut.', 'Sit dolorem minima excepturi earum.', '2025-08-07 03:49:20', '2025-08-07 03:49:20'),
	(143, 72, 'en', 'Health & Beauty', 'Sapiente harum est voluptas cum eos inventore.', 'Dolorem laboriosam eum quia qui quis eos fuga ipsam.', '2025-08-07 03:49:20', '2025-08-07 03:49:20'),
	(144, 72, 'ar', 'Health & Beauty', 'Est non ipsum quam.', 'Est facere ea ipsam dolore.', '2025-08-07 03:49:20', '2025-08-07 03:49:20'),
	(145, 73, 'en', 'Unisex Collection', 'Quis eius eligendi adipisci blanditiis.', 'Nemo neque nam quod omnis natus et.', '2025-08-07 03:49:20', '2025-08-07 03:49:20'),
	(146, 73, 'ar', 'Unisex Collection', 'Et facere voluptas omnis molestias corrupti voluptatem minima.', 'Delectus animi officia neque optio.', '2025-08-07 03:49:20', '2025-08-07 03:49:20'),
	(147, 74, 'en', 'Drinks', 'Odit aperiam esse mollitia.', 'Odit rerum saepe delectus error facilis ut nostrum.', '2025-08-07 03:49:20', '2025-08-07 03:49:20'),
	(148, 74, 'ar', 'Drinks', 'Similique harum optio qui sunt molestias non officia ut.', 'Suscipit possimus exercitationem ad commodi quo rem.', '2025-08-07 03:49:20', '2025-08-07 03:49:20'),
	(149, 75, 'en', 'Pastry', 'Incidunt rem similique cupiditate sunt delectus.', 'Suscipit et autem aspernatur beatae consequuntur asperiores sed.', '2025-08-07 03:49:20', '2025-08-07 03:49:20'),
	(150, 75, 'ar', 'Pastry', 'Et voluptatibus cum dolorem facilis qui ut numquam.', 'Ea asperiores asperiores repudiandae tenetur ab quos.', '2025-08-07 03:49:20', '2025-08-07 03:49:20'),
	(151, 76, 'en', 'Female Collection', 'Nobis cumque molestiae ipsam molestiae.', 'Veritatis sunt eos possimus fugit perferendis omnis veniam.', '2025-08-07 03:49:20', '2025-08-07 03:49:20'),
	(152, 76, 'ar', 'Female Collection', 'Est omnis ea odio nulla nulla.', 'Non accusantium tenetur doloremque suscipit voluptas sapiente fugit.', '2025-08-07 03:49:20', '2025-08-07 03:49:20'),
	(153, 77, 'en', 'Home Decor', 'Minus iure accusantium laudantium dolor.', 'Dicta aut culpa autem rerum ducimus assumenda quo.', '2025-08-07 03:49:20', '2025-08-07 03:49:20'),
	(154, 77, 'ar', 'Home Decor', 'Ex sunt et omnis.', 'Nobis magni esse fugit deserunt debitis qui vitae.', '2025-08-07 03:49:20', '2025-08-07 03:49:20'),
	(155, 78, 'en', 'Sofa Set', 'Qui esse non velit est.', 'Officia perspiciatis quod quia tempora pariatur ut.', '2025-08-07 03:49:20', '2025-08-07 03:49:20'),
	(156, 78, 'ar', 'Sofa Set', 'Quia quasi eum quia sint reprehenderit inventore.', 'Dolore dolores voluptates deserunt ratione atque omnis.', '2025-08-07 03:49:20', '2025-08-07 03:49:20'),
	(157, 79, 'en', 'Shoes', 'Adipisci veniam hic eligendi itaque.', 'Ea ipsum laboriosam dolorem nisi.', '2025-08-07 03:49:20', '2025-08-07 03:49:20'),
	(158, 79, 'ar', 'Shoes', 'Voluptatem asperiores natus recusandae repellendus.', 'Voluptates omnis dolor odit ratione.', '2025-08-07 03:49:20', '2025-08-07 03:49:20'),
	(159, 80, 'en', 'Writing', 'Omnis sapiente fuga consequatur mollitia itaque qui.', 'Velit soluta saepe aut possimus et ut repellat.', '2025-08-07 03:49:20', '2025-08-07 03:49:20'),
	(160, 80, 'ar', 'Writing', 'Pariatur quia nam id.', 'Et libero voluptatibus cupiditate.', '2025-08-07 03:49:20', '2025-08-07 03:49:20'),
	(161, 81, 'en', 'Male Collection', 'Voluptatem quia vel tempore voluptatem cupiditate.', 'Distinctio aliquid quidem ex ea laudantium veniam cumque.', '2025-08-07 03:49:20', '2025-08-07 03:49:20'),
	(162, 81, 'ar', 'Male Collection', 'Eum et sit maxime est.', 'Qui culpa officiis repellat perspiciatis.', '2025-08-07 03:49:20', '2025-08-07 03:49:20'),
	(163, 82, 'en', 'Sleep Bed', 'Sapiente voluptates magnam suscipit dolorum animi similique.', 'Consequuntur ratione quidem sint et non reiciendis et.', '2025-08-07 03:49:20', '2025-08-07 03:49:20'),
	(164, 82, 'ar', 'Sleep Bed', 'Quia nihil aliquam et soluta accusamus.', 'Quidem assumenda sunt dolorem quis voluptas corrupti.', '2025-08-07 03:49:20', '2025-08-07 03:49:20'),
	(165, 83, 'en', 'Bakery', 'Illum quis repellat dolorem commodi molestias voluptatem.', 'Et explicabo sit quas qui dolores quod quod.', '2025-08-07 03:49:20', '2025-08-07 03:49:20'),
	(166, 83, 'ar', 'Bakery', 'Ipsum ab recusandae architecto delectus.', 'Est voluptate unde eligendi ratione odit fuga sit.', '2025-08-07 03:49:20', '2025-08-07 03:49:20'),
	(167, 84, 'en', 'Health & Beauty', 'Sit mollitia ipsum est quasi quia aut omnis.', 'Commodi mollitia quos aliquid adipisci laudantium id excepturi.', '2025-08-07 03:49:20', '2025-08-07 03:49:20'),
	(168, 84, 'ar', 'Health & Beauty', 'Exercitationem repellat aliquam sit velit.', 'Nihil quia provident odit consequatur.', '2025-08-07 03:49:20', '2025-08-07 03:49:20'),
	(169, 85, 'en', 'Meat', 'Aut veniam rerum officia fuga rerum.', 'Harum debitis doloribus sit ipsam beatae est.', '2025-08-07 03:49:20', '2025-08-07 03:49:20'),
	(170, 85, 'ar', 'Meat', 'Distinctio exercitationem et modi exercitationem veniam est.', 'Qui nobis vel consectetur maiores.', '2025-08-07 03:49:20', '2025-08-07 03:49:20'),
	(171, 86, 'en', 'Girl Collection', 'Inventore ea minus possimus saepe nobis neque.', 'Sint voluptatem officiis quidem harum et.', '2025-08-07 03:49:20', '2025-08-07 03:49:20'),
	(172, 86, 'ar', 'Girl Collection', 'Vel enim rerum et cumque.', 'Quia hic soluta porro id.', '2025-08-07 03:49:20', '2025-08-07 03:49:20'),
	(173, 87, 'en', 'Man Collection', 'Ullam asperiores aut cum aspernatur aliquid a.', 'Id quisquam non voluptatem laboriosam id.', '2025-08-07 03:49:20', '2025-08-07 03:49:20'),
	(174, 87, 'ar', 'Man Collection', 'Tempore repellat natus illo.', 'Et ad eum qui tempora.', '2025-08-07 03:49:20', '2025-08-07 03:49:20'),
	(175, 88, 'en', 'Mobile', 'Voluptatibus ut nihil repellat laboriosam quia.', 'Harum autem similique quo vel rem voluptatem nesciunt.', '2025-08-07 03:49:20', '2025-08-07 03:49:20'),
	(176, 88, 'ar', 'Mobile', 'Aliquam non maxime omnis.', 'Doloremque quis ab at magni error velit perferendis.', '2025-08-07 03:49:20', '2025-08-07 03:49:20'),
	(177, 89, 'en', 'Meat', 'Est voluptas enim quos accusantium est suscipit consequatur praesentium.', 'Minus aperiam ad laborum recusandae.', '2025-08-07 03:49:20', '2025-08-07 03:49:20'),
	(178, 89, 'ar', 'Meat', 'Quasi molestiae odio enim dolores magni laborum.', 'Error odit possimus illo.', '2025-08-07 03:49:20', '2025-08-07 03:49:20'),
	(179, 90, 'en', 'Furniture', 'Iste rerum iusto sunt alias est illum.', 'Atque facere consequatur quasi minus.', '2025-08-07 03:49:20', '2025-08-07 03:49:20'),
	(180, 90, 'ar', 'Furniture', 'Rerum odio est eum autem sint provident.', 'Similique ut pariatur minus minus maiores eos labore.', '2025-08-07 03:49:20', '2025-08-07 03:49:20'),
	(181, 91, 'en', 'Pastry', 'Voluptatibus ullam hic inventore sapiente est ut natus.', 'Reprehenderit sit consequatur dolores mollitia expedita temporibus nemo.', '2025-08-07 03:49:20', '2025-08-07 03:49:20'),
	(182, 91, 'ar', 'Pastry', 'Beatae fugiat eius quia rem molestias repellat.', 'Odit sed expedita aspernatur aspernatur.', '2025-08-07 03:49:20', '2025-08-07 03:49:20'),
	(183, 92, 'en', 'Home Decor', 'Voluptatum facere nemo deserunt nihil ducimus blanditiis.', 'Repellendus sint ipsa aliquam molestias molestiae et voluptate.', '2025-08-07 03:49:20', '2025-08-07 03:49:20'),
	(184, 92, 'ar', 'Home Decor', 'Tempore magni dolor cumque officiis et vero.', 'Illum magni ex qui quidem et sequi dolor.', '2025-08-07 03:49:20', '2025-08-07 03:49:20'),
	(185, 93, 'en', 'Health & Beauty', 'Et iste voluptatem impedit occaecati.', 'Sint sunt ut a nesciunt maxime esse accusantium.', '2025-08-07 03:49:20', '2025-08-07 03:49:20'),
	(186, 93, 'ar', 'Health & Beauty', 'Facilis esse ad eligendi omnis.', 'Autem ratione veniam ut.', '2025-08-07 03:49:20', '2025-08-07 03:49:20'),
	(187, 94, 'en', 'Unisex Collection', 'Sint at odio non non.', 'Enim quia itaque ut expedita atque sit aperiam.', '2025-08-07 03:49:20', '2025-08-07 03:49:20'),
	(188, 94, 'ar', 'Unisex Collection', 'Alias et veritatis omnis.', 'Eos nihil ad enim aliquid.', '2025-08-07 03:49:20', '2025-08-07 03:49:20'),
	(189, 95, 'en', 'Strawberries', 'Officiis vel provident reiciendis sed.', 'Sapiente et voluptatum illo dignissimos nesciunt hic ullam consequatur.', '2025-08-07 03:49:20', '2025-08-07 03:49:20'),
	(190, 95, 'ar', 'Strawberries', 'Aperiam ipsa est accusantium cum ut enim.', 'Suscipit dolorem voluptas voluptatem voluptas aspernatur debitis voluptas natus.', '2025-08-07 03:49:20', '2025-08-07 03:49:20'),
	(191, 96, 'en', 'Bakery', 'Corrupti voluptatem commodi sunt quam ut.', 'Molestiae nostrum placeat aut ad sunt.', '2025-08-07 03:49:20', '2025-08-07 03:49:20'),
	(192, 96, 'ar', 'Bakery', 'Facere voluptas consectetur voluptas facilis.', 'Animi expedita voluptate et recusandae autem quaerat quibusdam.', '2025-08-07 03:49:20', '2025-08-07 03:49:20'),
	(193, 97, 'en', 'Electronics', 'Aperiam in sed animi enim et.', 'Inventore quia sunt nemo quia adipisci quia officiis.', '2025-08-07 03:49:20', '2025-08-07 03:49:20'),
	(194, 97, 'ar', 'Electronics', 'Voluptatem est veniam aut soluta debitis odit aut.', 'Dignissimos et qui voluptatibus accusamus.', '2025-08-07 03:49:20', '2025-08-07 03:49:20'),
	(195, 98, 'en', 'Drinks', 'Cum doloremque odit vitae dolores ad.', 'Temporibus commodi repellendus excepturi itaque.', '2025-08-07 03:49:20', '2025-08-07 03:49:20'),
	(196, 98, 'ar', 'Drinks', 'Similique est adipisci perspiciatis est.', 'Doloribus non omnis blanditiis dolor consequatur consectetur rerum.', '2025-08-07 03:49:20', '2025-08-07 03:49:20'),
	(197, 99, 'en', 'Sofa Set', 'Necessitatibus minus reiciendis animi.', 'Placeat veritatis architecto voluptatem est ipsum dolor.', '2025-08-07 03:49:20', '2025-08-07 03:49:20'),
	(198, 99, 'ar', 'Sofa Set', 'Repudiandae esse debitis occaecati quia quasi.', 'Laborum beatae et quo maiores autem.', '2025-08-07 03:49:20', '2025-08-07 03:49:20'),
	(199, 100, 'en', 'Reading', 'Labore repellendus non repellendus non molestiae.', 'Eos qui vel velit voluptate nihil.', '2025-08-07 03:49:20', '2025-08-07 03:49:20'),
	(200, 100, 'ar', 'Reading', 'Omnis alias assumenda beatae quis non qui.', 'Repellat est beatae dolorem et quae itaque.', '2025-08-07 03:49:20', '2025-08-07 03:49:20'),
	(201, 101, 'en', 'Drinks', 'Rerum qui corporis dolorem.', 'Et natus sit quam delectus eos quia magnam.', '2025-08-07 03:49:20', '2025-08-07 03:49:20'),
	(202, 101, 'ar', 'Drinks', 'Laudantium ut magni tenetur et corrupti eligendi ut.', 'Qui ut animi tempora pariatur ducimus enim.', '2025-08-07 03:49:20', '2025-08-07 03:49:20'),
	(203, 102, 'en', 'Mobile', 'Quis quibusdam est minima provident omnis temporibus similique.', 'Sint omnis eum suscipit placeat.', '2025-08-07 03:49:20', '2025-08-07 03:49:20'),
	(204, 102, 'ar', 'Mobile', 'Voluptatibus rerum beatae velit quia.', 'Voluptates dolorem dolorem et ducimus fugiat cumque rerum.', '2025-08-07 03:49:20', '2025-08-07 03:49:20'),
	(205, 103, 'en', 'Drinks', 'Quaerat corrupti atque autem.', 'Quia qui dolorum possimus nesciunt atque repellendus.', '2025-08-07 03:49:20', '2025-08-07 03:49:20'),
	(206, 103, 'ar', 'Drinks', 'Dolor id beatae qui.', 'Occaecati perspiciatis nulla iure neque porro adipisci.', '2025-08-07 03:49:20', '2025-08-07 03:49:20'),
	(207, 104, 'en', 'Fish', 'Sint voluptas omnis enim non rem et quae.', 'Sit qui repellendus qui est aut in.', '2025-08-07 03:49:20', '2025-08-07 03:49:20'),
	(208, 104, 'ar', 'Fish', 'Maiores quasi iusto soluta impedit eos voluptatem sit.', 'Quibusdam explicabo quo illum culpa dolores.', '2025-08-07 03:49:20', '2025-08-07 03:49:20'),
	(209, 105, 'en', 'Furniture', 'Repudiandae beatae suscipit aut nam sint.', 'Voluptas sed numquam rerum qui maiores voluptatem praesentium.', '2025-08-07 03:49:20', '2025-08-07 03:49:20'),
	(210, 105, 'ar', 'Furniture', 'Ab veniam hic recusandae aut doloremque tempore.', 'Unde illum quam libero ab dolorum quia eum.', '2025-08-07 03:49:20', '2025-08-07 03:49:20'),
	(211, 106, 'en', 'Vegetables', 'Et explicabo veniam qui doloribus.', 'At non numquam asperiores nam iure.', '2025-08-07 03:49:20', '2025-08-07 03:49:20'),
	(212, 106, 'ar', 'Vegetables', 'Consequuntur et tenetur et adipisci aut itaque.', 'Quasi qui consectetur non eos vel id velit.', '2025-08-07 03:49:20', '2025-08-07 03:49:20'),
	(213, 107, 'en', 'Furniture', 'Cumque accusantium voluptas rerum.', 'Cupiditate vero dolorem neque et asperiores expedita.', '2025-08-07 03:49:20', '2025-08-07 03:49:20'),
	(214, 107, 'ar', 'Furniture', 'Nesciunt quia aut voluptas aliquid alias minima.', 'Quos laudantium unde est quia.', '2025-08-07 03:49:20', '2025-08-07 03:49:20'),
	(215, 108, 'en', 'Room Appliances', 'Qui autem aliquid quibusdam illo voluptatem.', 'Eligendi ea dolores a rerum.', '2025-08-07 03:49:20', '2025-08-07 03:49:20'),
	(216, 108, 'ar', 'Room Appliances', 'Dolores omnis voluptate et consequatur odio quos vel unde.', 'Accusamus quis nisi placeat eum.', '2025-08-07 03:49:20', '2025-08-07 03:49:20'),
	(217, 109, 'en', 'Writing', 'Reiciendis ut sunt quo possimus ut laborum.', 'Ea aut vitae odio rerum sit doloremque.', '2025-08-07 03:49:20', '2025-08-07 03:49:20'),
	(218, 109, 'ar', 'Writing', 'Non architecto officiis libero vel velit.', 'Doloribus ut magnam quis reprehenderit.', '2025-08-07 03:49:20', '2025-08-07 03:49:20'),
	(219, 110, 'en', 'Reading', 'Vero dolores sunt voluptatem aliquam quisquam.', 'Delectus id ipsam molestiae dolorem excepturi.', '2025-08-07 03:49:20', '2025-08-07 03:49:20'),
	(220, 110, 'ar', 'Reading', 'Omnis totam dolorum et quia suscipit.', 'Dolorem explicabo et nulla harum.', '2025-08-07 03:49:20', '2025-08-07 03:49:20'),
	(221, 111, 'en', 'Strawberries', 'Culpa repudiandae quisquam qui dolor ad voluptatem inventore.', 'Sapiente debitis error aut voluptate voluptas velit.', '2025-08-07 03:49:20', '2025-08-07 03:49:20'),
	(222, 111, 'ar', 'Strawberries', 'Labore odio nihil vitae ullam dolore.', 'Dicta soluta ut possimus ab nihil.', '2025-08-07 03:49:20', '2025-08-07 03:49:20'),
	(223, 112, 'en', 'Neon Sofa', 'Voluptas voluptas alias unde consequatur sed adipisci maiores.', 'Esse dolorum in et earum.', '2025-08-07 03:49:20', '2025-08-07 03:49:20'),
	(224, 112, 'ar', 'Neon Sofa', 'Quo adipisci qui voluptatibus distinctio vel nulla.', 'Velit laudantium est quisquam quam.', '2025-08-07 03:49:20', '2025-08-07 03:49:20'),
	(225, 113, 'en', 'Male Collection', 'Est soluta odio qui.', 'Maxime aut nemo rerum nam.', '2025-08-07 03:49:20', '2025-08-07 03:49:20'),
	(226, 113, 'ar', 'Male Collection', 'Placeat saepe id perferendis debitis neque exercitationem.', 'Beatae tenetur vel rem quaerat illum.', '2025-08-07 03:49:20', '2025-08-07 03:49:20'),
	(227, 114, 'en', 'Drinks', 'Et sit mollitia illum voluptas iste.', 'Expedita officiis praesentium aut itaque vel quis ratione.', '2025-08-07 03:49:20', '2025-08-07 03:49:20'),
	(228, 114, 'ar', 'Drinks', 'Libero qui placeat eligendi.', 'Consequuntur natus eius distinctio dolorem perferendis et.', '2025-08-07 03:49:20', '2025-08-07 03:49:20'),
	(229, 115, 'en', 'Shoes', 'Corrupti tempora exercitationem ad tempore.', 'Dolor rem animi odit.', '2025-08-07 03:49:20', '2025-08-07 03:49:20'),
	(230, 115, 'ar', 'Shoes', 'Quas dolor molestiae sit molestias necessitatibus consequatur.', 'Expedita accusamus voluptas aut non.', '2025-08-07 03:49:20', '2025-08-07 03:49:20'),
	(231, 116, 'en', 'Meat', 'Atque minus occaecati sunt quod omnis aut ut odio.', 'Ducimus minima et commodi quam quod omnis veniam nostrum.', '2025-08-07 03:49:20', '2025-08-07 03:49:20'),
	(232, 116, 'ar', 'Meat', 'Ab labore autem assumenda temporibus veniam.', 'Dignissimos aspernatur deserunt blanditiis sint aut.', '2025-08-07 03:49:20', '2025-08-07 03:49:20'),
	(233, 117, 'en', 'Furniture', 'Distinctio totam culpa omnis quo id quia nam.', 'Aut quia dicta pariatur quos.', '2025-08-07 03:49:20', '2025-08-07 03:49:20'),
	(234, 117, 'ar', 'Furniture', 'Culpa dolores vero quod earum.', 'Neque fuga sit dolores commodi iste veniam.', '2025-08-07 03:49:20', '2025-08-07 03:49:20'),
	(235, 118, 'en', 'Electronics', 'Temporibus velit molestiae vitae laborum aut vel.', 'Voluptas ea provident suscipit.', '2025-08-07 03:49:20', '2025-08-07 03:49:20'),
	(236, 118, 'ar', 'Electronics', 'Officia nam reprehenderit quis consequatur quis.', 'Aspernatur atque sit sunt exercitationem quis aut.', '2025-08-07 03:49:20', '2025-08-07 03:49:20'),
	(237, 119, 'en', 'Boy Collection', 'Dolores sequi vel facilis dolor impedit dolorem et.', 'Dolorum illo dolore ut aut suscipit sed.', '2025-08-07 03:49:20', '2025-08-07 03:49:20'),
	(238, 119, 'ar', 'Boy Collection', 'Et quisquam modi modi.', 'Doloribus et necessitatibus dolorum necessitatibus quaerat corrupti quia.', '2025-08-07 03:49:20', '2025-08-07 03:49:20'),
	(239, 120, 'en', 'Sleep Bed', 'Ea voluptas minima hic nam.', 'Fuga neque eos vero quam.', '2025-08-07 03:49:20', '2025-08-07 03:49:20'),
	(240, 120, 'ar', 'Sleep Bed', 'Aut atque laudantium quos repellat est neque iusto autem.', 'Dolor pariatur quos tenetur qui.', '2025-08-07 03:49:20', '2025-08-07 03:49:20'),
	(241, 121, 'en', 'Braberaze', 'Et nam in asperiores omnis qui.', 'Voluptatem et autem minima veritatis.', '2025-08-07 03:49:20', '2025-08-07 03:49:20'),
	(242, 121, 'ar', 'Braberaze', 'Dicta fuga omnis quas fugiat.', 'Voluptate aut occaecati id id.', '2025-08-07 03:49:20', '2025-08-07 03:49:20'),
	(243, 122, 'en', 'Neon Sofa', 'Hic odit suscipit nemo placeat optio.', 'Reiciendis vitae aspernatur voluptatum maiores dolorem corporis corporis.', '2025-08-07 03:49:20', '2025-08-07 03:49:20'),
	(244, 122, 'ar', 'Neon Sofa', 'Est magni accusantium incidunt impedit voluptas in expedita.', 'Reprehenderit praesentium nemo qui perferendis architecto rem.', '2025-08-07 03:49:20', '2025-08-07 03:49:20'),
	(245, 123, 'en', 'Woman Collection', 'Nam incidunt qui rerum quas.', 'Voluptatem quos optio ad molestiae rerum.', '2025-08-07 03:49:20', '2025-08-07 03:49:20'),
	(246, 123, 'ar', 'Woman Collection', 'Distinctio ut quia veritatis autem in reprehenderit.', 'Consequuntur vel quis ea aspernatur quam aut voluptas.', '2025-08-07 03:49:20', '2025-08-07 03:49:20'),
	(247, 124, 'en', 'Electronics', 'Rerum qui ipsum eveniet consequatur.', 'Omnis dolorem aut vitae est assumenda.', '2025-08-07 03:49:20', '2025-08-07 03:49:20'),
	(248, 124, 'ar', 'Electronics', 'Incidunt vel nihil doloribus saepe doloribus impedit non.', 'Et quod explicabo saepe doloremque ipsum qui.', '2025-08-07 03:49:20', '2025-08-07 03:49:20'),
	(249, 125, 'en', 'Sleep Bed', 'Sint et voluptatem necessitatibus nisi sunt.', 'Iste molestiae sequi et.', '2025-08-07 03:49:20', '2025-08-07 03:49:20'),
	(250, 125, 'ar', 'Sleep Bed', 'Sed natus expedita quaerat iure odit asperiores.', 'Aut sunt soluta unde molestias et.', '2025-08-07 03:49:20', '2025-08-07 03:49:20'),
	(251, 126, 'en', 'Green Leafy', 'Neque sapiente enim doloremque eligendi ut nostrum.', 'Voluptatum quo qui optio voluptatum aliquid molestiae corporis.', '2025-08-07 03:49:20', '2025-08-07 03:49:20'),
	(252, 126, 'ar', 'Green Leafy', 'Cum eum vel numquam nam magnam rerum.', 'Ut velit nemo id.', '2025-08-07 03:49:20', '2025-08-07 03:49:20'),
	(253, 127, 'en', 'Shoes', 'Similique voluptates cupiditate dolorem esse maiores.', 'Magnam harum aperiam inventore non.', '2025-08-07 03:49:20', '2025-08-07 03:49:20'),
	(254, 127, 'ar', 'Shoes', 'Accusantium omnis dolore eveniet dignissimos numquam.', 'Aut autem dicta eligendi rerum laudantium nihil architecto.', '2025-08-07 03:49:20', '2025-08-07 03:49:20'),
	(255, 128, 'en', 'Home Appliances', 'Asperiores facere nobis odio aut quo sequi.', 'Sed est est iusto earum aut.', '2025-08-07 03:49:20', '2025-08-07 03:49:20'),
	(256, 128, 'ar', 'Home Appliances', 'Eum vel vel autem vitae et.', 'Mollitia accusamus voluptatem accusantium exercitationem eos non hic.', '2025-08-07 03:49:20', '2025-08-07 03:49:20'),
	(257, 129, 'en', 'Female Collection', 'Iusto eum omnis quis repellendus saepe.', 'Dolorum occaecati voluptatum voluptas.', '2025-08-07 03:49:20', '2025-08-07 03:49:20'),
	(258, 129, 'ar', 'Female Collection', 'Consequuntur dolore sit et quis hic autem.', 'Rerum praesentium vel molestias odio fuga assumenda et.', '2025-08-07 03:49:20', '2025-08-07 03:49:20'),
	(259, 130, 'en', 'Sofa Set', 'Laboriosam quia fugit illum commodi.', 'Unde dolor ducimus consequatur aut ea cum.', '2025-08-07 03:49:20', '2025-08-07 03:49:20'),
	(260, 130, 'ar', 'Sofa Set', 'Et voluptatum incidunt rerum sed quod.', 'Accusantium eveniet nemo doloremque nihil.', '2025-08-07 03:49:21', '2025-08-07 03:49:21'),
	(261, 131, 'en', 'Fish', 'Mollitia voluptatem quasi nesciunt.', 'Omnis ut esse itaque quod.', '2025-08-07 03:49:21', '2025-08-07 03:49:21'),
	(262, 131, 'ar', 'Fish', 'Nobis ad qui et facilis ducimus nesciunt pariatur.', 'Est in minus et eos sed voluptatum rerum.', '2025-08-07 03:49:21', '2025-08-07 03:49:21'),
	(263, 132, 'en', 'Braberaze', 'Quibusdam ut rerum architecto veritatis enim repellat.', 'Expedita quas totam in dolor nisi.', '2025-08-07 03:49:21', '2025-08-07 03:49:21'),
	(264, 132, 'ar', 'Braberaze', 'Voluptas fugit nobis et error et eveniet.', 'Molestiae accusantium placeat minus aperiam quae facilis consectetur.', '2025-08-07 03:49:21', '2025-08-07 03:49:21'),
	(265, 133, 'en', 'Fish', 'Sed aut consequatur incidunt minima error asperiores placeat molestias.', 'Id omnis aliquid molestias et.', '2025-08-07 03:49:21', '2025-08-07 03:49:21'),
	(266, 133, 'ar', 'Fish', 'Et rerum tempora deserunt et quasi voluptas.', 'Et reprehenderit rem beatae quia officia voluptatem omnis vel.', '2025-08-07 03:49:21', '2025-08-07 03:49:21'),
	(267, 134, 'en', 'Home Decor', 'Architecto consequatur est omnis modi eius quaerat.', 'Tempora saepe voluptates ducimus ut.', '2025-08-07 03:49:21', '2025-08-07 03:49:21'),
	(268, 134, 'ar', 'Home Decor', 'Est ut deleniti unde ut facere quis minus amet.', 'Velit qui enim ab non eos a qui quae.', '2025-08-07 03:49:21', '2025-08-07 03:49:21'),
	(269, 135, 'en', 'Clothing', 'Sed voluptatibus aut nam cum suscipit.', 'Repellat quis dolorum temporibus soluta adipisci.', '2025-08-07 03:49:21', '2025-08-07 03:49:21'),
	(270, 135, 'ar', 'Clothing', 'Labore corporis praesentium omnis ipsa a qui quod enim.', 'Dignissimos velit facere dolorem cupiditate velit aut odit.', '2025-08-07 03:49:21', '2025-08-07 03:49:21'),
	(271, 136, 'en', 'Neon Sofa', 'Ut libero earum maxime sunt non.', 'Id aperiam et quibusdam veniam reprehenderit laudantium.', '2025-08-07 03:49:21', '2025-08-07 03:49:21'),
	(272, 136, 'ar', 'Neon Sofa', 'Ipsum explicabo qui possimus sed et et.', 'Aspernatur beatae blanditiis repudiandae voluptatem molestiae non vitae ullam.', '2025-08-07 03:49:21', '2025-08-07 03:49:21'),
	(273, 137, 'en', 'Girl Collection', 'Maxime nemo voluptatem optio ex.', 'Officia itaque vitae aut.', '2025-08-07 03:49:21', '2025-08-07 03:49:21'),
	(274, 137, 'ar', 'Girl Collection', 'Mollitia quo porro eius at eveniet.', 'Consequatur rerum suscipit nesciunt aut inventore sunt.', '2025-08-07 03:49:21', '2025-08-07 03:49:21'),
	(275, 138, 'en', 'Strawberries', 'Eum voluptatem maiores quis et voluptatum.', 'Incidunt est sapiente autem voluptates et.', '2025-08-07 03:49:21', '2025-08-07 03:49:21'),
	(276, 138, 'ar', 'Strawberries', 'In quasi totam hic consectetur consectetur amet.', 'Tenetur nulla debitis voluptatem harum sapiente.', '2025-08-07 03:49:21', '2025-08-07 03:49:21'),
	(277, 139, 'en', 'Sofa Set', 'Ut optio labore sed minima nostrum.', 'Voluptatem quo et veritatis qui saepe rerum officia.', '2025-08-07 03:49:21', '2025-08-07 03:49:21'),
	(278, 139, 'ar', 'Sofa Set', 'Tenetur officia omnis quasi sit.', 'Distinctio ut hic ut pariatur.', '2025-08-07 03:49:21', '2025-08-07 03:49:21'),
	(279, 140, 'en', 'Fish', 'Id accusantium cumque totam eum facilis.', 'Dolorem ex quasi velit porro ea earum.', '2025-08-07 03:49:21', '2025-08-07 03:49:21'),
	(280, 140, 'ar', 'Fish', 'Blanditiis tempore illum accusantium.', 'Quod voluptatem quas magnam autem ea.', '2025-08-07 03:49:21', '2025-08-07 03:49:21'),
	(281, 141, 'en', 'Reading', 'Occaecati nesciunt cupiditate temporibus assumenda.', 'Blanditiis et ut cumque nesciunt porro.', '2025-08-07 03:49:21', '2025-08-07 03:49:21'),
	(282, 141, 'ar', 'Reading', 'Molestias dolores error aut consequatur placeat.', 'Ut quia quibusdam reiciendis repudiandae quam nam.', '2025-08-07 03:49:21', '2025-08-07 03:49:21'),
	(283, 142, 'en', 'Electronics', 'Labore et placeat laborum culpa.', 'Aut ex asperiores magnam modi minima nulla.', '2025-08-07 03:49:21', '2025-08-07 03:49:21'),
	(284, 142, 'ar', 'Electronics', 'Excepturi assumenda necessitatibus ea rem sit minima.', 'Eius aliquam ut ea dolores et voluptas.', '2025-08-07 03:49:21', '2025-08-07 03:49:21'),
	(285, 143, 'en', 'Health & Beauty', 'Et fuga natus sit at.', 'Omnis quae quidem id.', '2025-08-07 03:49:21', '2025-08-07 03:49:21'),
	(286, 143, 'ar', 'Health & Beauty', 'Soluta aliquam qui voluptas ipsum non numquam.', 'Accusantium sunt est ea.', '2025-08-07 03:49:21', '2025-08-07 03:49:21'),
	(287, 144, 'en', 'Fish', 'Neque illum optio nemo dignissimos vel repellendus rem necessitatibus.', 'Velit mollitia animi aspernatur sunt error.', '2025-08-07 03:49:21', '2025-08-07 03:49:21'),
	(288, 144, 'ar', 'Fish', 'Quia et culpa et esse.', 'Repellendus totam nihil molestiae assumenda explicabo deserunt.', '2025-08-07 03:49:21', '2025-08-07 03:49:21'),
	(289, 145, 'en', 'Girl Collection', 'Ex autem pariatur nemo quidem.', 'Minima id velit quam exercitationem necessitatibus perferendis.', '2025-08-07 03:49:21', '2025-08-07 03:49:21'),
	(290, 145, 'ar', 'Girl Collection', 'Voluptatem dolor et alias eum qui cum quisquam.', 'Occaecati dolorem nam quidem perferendis.', '2025-08-07 03:49:21', '2025-08-07 03:49:21'),
	(291, 146, 'en', 'Wardrobe', 'Sint repellat nemo ab vitae aliquid deserunt.', 'Reprehenderit veniam quod eos minus sit.', '2025-08-07 03:49:21', '2025-08-07 03:49:21'),
	(292, 146, 'ar', 'Wardrobe', 'Aut qui accusantium natus eius quo a consequuntur.', 'Corrupti sint autem deleniti laboriosam velit enim.', '2025-08-07 03:49:21', '2025-08-07 03:49:21'),
	(293, 147, 'en', 'Braberaze', 'Porro quis voluptas non earum dolor ipsam.', 'Et fuga vitae ut.', '2025-08-07 03:49:21', '2025-08-07 03:49:21'),
	(294, 147, 'ar', 'Braberaze', 'Inventore qui impedit ratione provident molestiae voluptatem natus vel.', 'Ratione ullam veniam quo qui suscipit sint.', '2025-08-07 03:49:21', '2025-08-07 03:49:21'),
	(295, 148, 'en', 'Reading', 'Praesentium et ad officiis aperiam voluptatem.', 'Minus eum inventore modi vero excepturi.', '2025-08-07 03:49:21', '2025-08-07 03:49:21'),
	(296, 148, 'ar', 'Reading', 'Atque harum maiores consectetur vero architecto non.', 'Culpa ut illum ipsam in aliquam delectus.', '2025-08-07 03:49:21', '2025-08-07 03:49:21'),
	(297, 149, 'en', 'Woman Collection', 'Rerum non esse tempore laborum.', 'Asperiores repellendus ratione sunt architecto unde qui expedita et.', '2025-08-07 03:49:21', '2025-08-07 03:49:21'),
	(298, 149, 'ar', 'Woman Collection', 'Soluta est blanditiis amet ipsum quibusdam nobis nulla.', 'Sequi enim ducimus non voluptas quas.', '2025-08-07 03:49:21', '2025-08-07 03:49:21'),
	(299, 150, 'en', 'Unisex Collection', 'Incidunt dolorem quia aut sit aut culpa.', 'Rerum facere aliquam dolor sequi voluptas.', '2025-08-07 03:49:21', '2025-08-07 03:49:21'),
	(300, 150, 'ar', 'Unisex Collection', 'Quia tenetur repellat odio officiis voluptatem voluptas.', 'Repellat voluptate sequi quaerat non quia asperiores animi.', '2025-08-07 03:49:21', '2025-08-07 03:49:21'),
	(301, 151, 'en', 'Sofa Set', 'Sint similique corporis qui cumque.', 'Omnis doloremque repellendus sunt voluptatem sequi et quia.', '2025-08-07 03:49:21', '2025-08-07 03:49:21'),
	(302, 151, 'ar', 'Sofa Set', 'Quis officia sunt nihil consectetur sint consequatur quia delectus.', 'Consectetur rerum et sit magnam.', '2025-08-07 03:49:21', '2025-08-07 03:49:21'),
	(303, 152, 'en', 'T-Table', 'Ea enim illo rerum molestiae et unde reprehenderit.', 'Et recusandae provident et nihil quia atque ea.', '2025-08-07 03:49:21', '2025-08-07 03:49:21'),
	(304, 152, 'ar', 'T-Table', 'Velit dolorum perferendis quo ipsum ut.', 'Laboriosam saepe inventore inventore debitis odio et.', '2025-08-07 03:49:21', '2025-08-07 03:49:21'),
	(305, 153, 'en', 'Meat', 'Rerum rem illo repellendus deserunt id dicta.', 'Accusantium voluptatibus reiciendis voluptates aut commodi ad.', '2025-08-07 03:49:21', '2025-08-07 03:49:21'),
	(306, 153, 'ar', 'Meat', 'Placeat expedita magni aliquam modi qui.', 'Quo quo cupiditate sunt doloribus et sed.', '2025-08-07 03:49:21', '2025-08-07 03:49:21'),
	(307, 154, 'en', 'Writing', 'Veniam voluptas at veniam totam quaerat dignissimos.', 'Et hic et vero ut rerum corporis numquam quae.', '2025-08-07 03:49:21', '2025-08-07 03:49:21'),
	(308, 154, 'ar', 'Writing', 'Reprehenderit quisquam sit sit consequatur autem nihil.', 'Neque quae possimus vel autem.', '2025-08-07 03:49:21', '2025-08-07 03:49:21'),
	(309, 155, 'en', 'Strawberries', 'Assumenda aliquam occaecati aliquam fugiat autem facere rerum.', 'Ea dolores ab beatae numquam unde voluptates.', '2025-08-07 03:49:21', '2025-08-07 03:49:21'),
	(310, 155, 'ar', 'Strawberries', 'Sint quia est deserunt quae sed aut aliquid et.', 'Unde itaque odit nulla repellendus sunt tenetur harum.', '2025-08-07 03:49:21', '2025-08-07 03:49:21'),
	(311, 156, 'en', 'T-Table', 'Reprehenderit suscipit impedit odio eaque adipisci molestiae accusantium nam.', 'Ipsa vero enim labore architecto.', '2025-08-07 03:49:21', '2025-08-07 03:49:21'),
	(312, 156, 'ar', 'T-Table', 'Aut aut et quo.', 'Dolor aut ipsam ut illo ea repudiandae voluptas.', '2025-08-07 03:49:21', '2025-08-07 03:49:21'),
	(313, 157, 'en', 'Strawberries', 'Consectetur eius consequatur qui excepturi non sit.', 'Numquam nemo cumque delectus.', '2025-08-07 03:49:21', '2025-08-07 03:49:21'),
	(314, 157, 'ar', 'Strawberries', 'Cumque in aut porro incidunt repellat laudantium.', 'Perspiciatis porro et consectetur.', '2025-08-07 03:49:21', '2025-08-07 03:49:21'),
	(315, 158, 'en', 'Shoes', 'Et fugit odit dolore facere veritatis est.', 'Quidem ut voluptas recusandae et qui ut.', '2025-08-07 03:49:21', '2025-08-07 03:49:21'),
	(316, 158, 'ar', 'Shoes', 'Dolor est totam porro adipisci quia ipsam.', 'Qui sed sunt laborum voluptatem suscipit.', '2025-08-07 03:49:21', '2025-08-07 03:49:21'),
	(317, 159, 'en', 'Clothing', 'Ipsam quo cupiditate voluptatem ullam ipsam ut exercitationem.', 'Nisi facilis ipsa enim nobis ratione explicabo.', '2025-08-07 03:49:21', '2025-08-07 03:49:21'),
	(318, 159, 'ar', 'Clothing', 'Consequuntur beatae unde eaque amet numquam hic commodi.', 'Molestiae delectus minus ut dolorem voluptas eligendi.', '2025-08-07 03:49:21', '2025-08-07 03:49:21'),
	(319, 160, 'en', 'Neon Sofa', 'Corporis expedita numquam dolorum accusantium.', 'Nobis nemo ad et voluptatum officia voluptatem maxime.', '2025-08-07 03:49:21', '2025-08-07 03:49:21'),
	(320, 160, 'ar', 'Neon Sofa', 'Quisquam praesentium modi cumque consectetur omnis.', 'Magnam quas suscipit quisquam deleniti sapiente.', '2025-08-07 03:49:21', '2025-08-07 03:49:21'),
	(321, 161, 'en', 'Sleep Bed', 'Harum repudiandae consequuntur reiciendis perspiciatis.', 'Voluptate explicabo quidem eos fugiat non atque.', '2025-08-07 03:49:21', '2025-08-07 03:49:21'),
	(322, 161, 'ar', 'Sleep Bed', 'Labore rerum earum sapiente ad id nisi.', 'Voluptatem quas commodi voluptatem id rerum.', '2025-08-07 03:49:21', '2025-08-07 03:49:21'),
	(323, 162, 'en', 'Sleep Bed', 'Doloribus omnis dolor molestiae est at quis necessitatibus.', 'Et et doloribus sint earum.', '2025-08-07 03:49:21', '2025-08-07 03:49:21'),
	(324, 162, 'ar', 'Sleep Bed', 'Dolores vero dolorum consequatur corporis earum.', 'Minus cumque illum in eos est.', '2025-08-07 03:49:21', '2025-08-07 03:49:21'),
	(325, 163, 'en', 'Woman Collection', 'Laboriosam fuga commodi dolorem autem modi possimus nam.', 'Adipisci eos ut nisi id iste omnis.', '2025-08-07 03:49:21', '2025-08-07 03:49:21'),
	(326, 163, 'ar', 'Woman Collection', 'Assumenda laborum neque qui blanditiis quia repellat est.', 'Deleniti temporibus facilis occaecati quaerat totam dolor ut odio.', '2025-08-07 03:49:21', '2025-08-07 03:49:21'),
	(327, 164, 'en', 'Green Leafy', 'Reiciendis ut qui facilis reprehenderit consequatur voluptas voluptates.', 'Expedita distinctio repudiandae facilis enim reprehenderit.', '2025-08-07 03:49:21', '2025-08-07 03:49:21'),
	(328, 164, 'ar', 'Green Leafy', 'Et sed voluptatem est impedit.', 'Magnam quis sunt sequi nesciunt quis iure rem omnis.', '2025-08-07 03:49:21', '2025-08-07 03:49:21'),
	(329, 165, 'en', 'Wardrobe', 'Labore inventore itaque pariatur ipsam nesciunt qui ea.', 'Ut ullam vitae error minima fugiat ab.', '2025-08-07 03:49:21', '2025-08-07 03:49:21'),
	(330, 165, 'ar', 'Wardrobe', 'Sunt excepturi reiciendis beatae assumenda occaecati ducimus.', 'Voluptas et voluptatem ratione doloremque.', '2025-08-07 03:49:21', '2025-08-07 03:49:21'),
	(331, 166, 'en', 'Writing', 'Rerum facere officia cum.', 'Tempore deserunt enim quam nisi voluptate vero.', '2025-08-07 03:49:21', '2025-08-07 03:49:21'),
	(332, 166, 'ar', 'Writing', 'Eos repudiandae quas atque alias blanditiis.', 'Dolor quam voluptatibus ea dignissimos distinctio aut.', '2025-08-07 03:49:21', '2025-08-07 03:49:21'),
	(333, 167, 'en', 'Female Collection', 'Explicabo corporis placeat non.', 'Maiores voluptatem quibusdam eum rem aperiam.', '2025-08-07 03:49:21', '2025-08-07 03:49:21'),
	(334, 167, 'ar', 'Female Collection', 'Nihil ipsum cumque aut quisquam quia qui.', 'Quo veniam reprehenderit incidunt vel consequatur rerum.', '2025-08-07 03:49:21', '2025-08-07 03:49:21'),
	(335, 168, 'en', 'Woman Collection', 'Quos nobis aspernatur modi.', 'Quia expedita delectus amet possimus culpa.', '2025-08-07 03:49:21', '2025-08-07 03:49:21'),
	(336, 168, 'ar', 'Woman Collection', 'Nesciunt qui qui dolorem sed aperiam tempora.', 'Non quam qui et qui nobis eos.', '2025-08-07 03:49:21', '2025-08-07 03:49:21'),
	(337, 169, 'en', 'Green Leafy', 'Ut nihil dolor blanditiis eligendi corporis.', 'Provident quisquam quas nisi nisi quia ducimus.', '2025-08-07 03:49:21', '2025-08-07 03:49:21'),
	(338, 169, 'ar', 'Green Leafy', 'Qui dignissimos at eveniet modi et.', 'Ut doloribus vero beatae vel.', '2025-08-07 03:49:21', '2025-08-07 03:49:21'),
	(339, 170, 'en', 'Shoes', 'Voluptatem quam quisquam quam officia harum.', 'Dignissimos ut voluptatibus debitis aliquam et provident.', '2025-08-07 03:49:21', '2025-08-07 03:49:21'),
	(340, 170, 'ar', 'Shoes', 'Consequatur quia corporis sit voluptatem sit.', 'Dolorem unde nemo ipsum praesentium sunt voluptatem aut.', '2025-08-07 03:49:21', '2025-08-07 03:49:21'),
	(341, 171, 'en', 'Home Decor', 'Et illum rerum enim sit et.', 'Veritatis rem ut cumque consequuntur voluptates minima.', '2025-08-07 03:49:21', '2025-08-07 03:49:21'),
	(342, 171, 'ar', 'Home Decor', 'Eos corporis quisquam aspernatur id iure et.', 'Officia quia reprehenderit necessitatibus ut explicabo assumenda id.', '2025-08-07 03:49:21', '2025-08-07 03:49:21'),
	(343, 172, 'en', 'Writing', 'Sequi aut quasi et qui ea consequuntur.', 'Ad ut omnis explicabo cum enim aspernatur repudiandae.', '2025-08-07 03:49:21', '2025-08-07 03:49:21'),
	(344, 172, 'ar', 'Writing', 'Itaque repellat molestiae laboriosam voluptatum.', 'Aspernatur saepe ullam dolorem atque.', '2025-08-07 03:49:21', '2025-08-07 03:49:21'),
	(345, 173, 'en', 'Woman Collection', 'Mollitia magni similique nihil ea quas quaerat.', 'Velit omnis cumque excepturi sunt reiciendis.', '2025-08-07 03:49:21', '2025-08-07 03:49:21'),
	(346, 173, 'ar', 'Woman Collection', 'Voluptatem nobis nesciunt voluptatem cupiditate voluptas nostrum asperiores magni.', 'Quasi dolor quibusdam alias dolores laborum.', '2025-08-07 03:49:21', '2025-08-07 03:49:21'),
	(347, 174, 'en', 'Writing', 'Libero facere reprehenderit et.', 'Facilis officiis incidunt qui esse vel.', '2025-08-07 03:49:21', '2025-08-07 03:49:21'),
	(348, 174, 'ar', 'Writing', 'Eum molestiae voluptatem voluptas eligendi est vero aut.', 'Perspiciatis vel doloremque omnis quo non aut soluta.', '2025-08-07 03:49:21', '2025-08-07 03:49:21'),
	(349, 175, 'en', 'Man Collection', 'Quod nulla est temporibus modi quidem.', 'Aut iste eius dolorum illum animi.', '2025-08-07 03:49:21', '2025-08-07 03:49:21'),
	(350, 175, 'ar', 'Man Collection', 'Maxime animi omnis qui ut.', 'Ea qui ea ex.', '2025-08-07 03:49:21', '2025-08-07 03:49:21'),
	(351, 176, 'en', 'Living Room', 'Rem itaque ut sunt nemo dolorem accusamus.', 'Ea quia consequuntur adipisci quod repudiandae eveniet est.', '2025-08-07 03:49:21', '2025-08-07 03:49:21'),
	(352, 176, 'ar', 'Living Room', 'Recusandae ipsum quae voluptas omnis.', 'Quo qui laborum beatae.', '2025-08-07 03:49:21', '2025-08-07 03:49:21'),
	(353, 177, 'en', 'Fish', 'Ex veniam itaque omnis quia odio dolor nihil cupiditate.', 'Delectus est quam non nisi autem mollitia odio.', '2025-08-07 03:49:21', '2025-08-07 03:49:21'),
	(354, 177, 'ar', 'Fish', 'Voluptas sit occaecati laudantium consequuntur saepe.', 'Harum dolores nisi beatae asperiores pariatur iusto culpa.', '2025-08-07 03:49:21', '2025-08-07 03:49:21'),
	(355, 178, 'en', 'Meat', 'Vitae sapiente mollitia sunt molestiae.', 'Aliquam perferendis hic quam et ut ut a.', '2025-08-07 03:49:21', '2025-08-07 03:49:21'),
	(356, 178, 'ar', 'Meat', 'Voluptate nobis qui dolorem.', 'Neque nulla molestiae perferendis at ut id molestiae.', '2025-08-07 03:49:21', '2025-08-07 03:49:21'),
	(357, 179, 'en', 'Sofa Set', 'Aut aut est vel.', 'Qui iste cupiditate tempora magnam ratione nisi.', '2025-08-07 03:49:21', '2025-08-07 03:49:21'),
	(358, 179, 'ar', 'Sofa Set', 'Quia facere numquam eos nostrum.', 'Cum animi exercitationem nostrum.', '2025-08-07 03:49:21', '2025-08-07 03:49:21'),
	(359, 180, 'en', 'Sleep Bed', 'Corporis enim aut distinctio rerum nulla mollitia repudiandae.', 'Esse dolore est qui dolorem.', '2025-08-07 03:49:21', '2025-08-07 03:49:21'),
	(360, 180, 'ar', 'Sleep Bed', 'Quia temporibus est est vero odit sint temporibus.', 'Reiciendis est aliquid sint ad eum fugit.', '2025-08-07 03:49:21', '2025-08-07 03:49:21');

-- Dumping structure for table topcommerce.cities
DROP TABLE IF EXISTS `cities`;
CREATE TABLE IF NOT EXISTS `cities` (
  `id` bigint(20) unsigned NOT NULL AUTO_INCREMENT,
  `name` varchar(255) NOT NULL,
  `state_id` bigint(20) unsigned NOT NULL,
  `created_at` timestamp NULL DEFAULT NULL,
  `updated_at` timestamp NULL DEFAULT NULL,
  PRIMARY KEY (`id`),
  KEY `cities_state_id_foreign` (`state_id`),
  CONSTRAINT `cities_state_id_foreign` FOREIGN KEY (`state_id`) REFERENCES `states` (`id`) ON DELETE CASCADE
) ENGINE=InnoDB AUTO_INCREMENT=501 DEFAULT CHARSET=utf8mb4 COLLATE=utf8mb4_unicode_ci;

-- Dumping data for table topcommerce.cities: ~500 rows (approximately)
DELETE FROM `cities`;
INSERT INTO `cities` (`id`, `name`, `state_id`, `created_at`, `updated_at`) VALUES
	(1, 'South Josephchester', 1, '2025-08-07 03:49:15', '2025-08-07 03:49:15'),
	(2, 'Port Earnest', 1, '2025-08-07 03:49:15', '2025-08-07 03:49:15'),
	(3, 'McLaughlinberg', 1, '2025-08-07 03:49:15', '2025-08-07 03:49:15'),
	(4, 'Ginomouth', 1, '2025-08-07 03:49:15', '2025-08-07 03:49:15'),
	(5, 'Vernicehaven', 1, '2025-08-07 03:49:15', '2025-08-07 03:49:15'),
	(6, 'Jaymeport', 2, '2025-08-07 03:49:15', '2025-08-07 03:49:15'),
	(7, 'Cartwrightstad', 2, '2025-08-07 03:49:15', '2025-08-07 03:49:15'),
	(8, 'Saultown', 2, '2025-08-07 03:49:15', '2025-08-07 03:49:15'),
	(9, 'Maynardshire', 2, '2025-08-07 03:49:15', '2025-08-07 03:49:15'),
	(10, 'West Betteview', 2, '2025-08-07 03:49:15', '2025-08-07 03:49:15'),
	(11, 'Lake Kelsiebury', 3, '2025-08-07 03:49:15', '2025-08-07 03:49:15'),
	(12, 'Leschview', 3, '2025-08-07 03:49:15', '2025-08-07 03:49:15'),
	(13, 'New Elise', 3, '2025-08-07 03:49:15', '2025-08-07 03:49:15'),
	(14, 'Rautown', 3, '2025-08-07 03:49:15', '2025-08-07 03:49:15'),
	(15, 'Bartonmouth', 3, '2025-08-07 03:49:15', '2025-08-07 03:49:15'),
	(16, 'North Norval', 4, '2025-08-07 03:49:15', '2025-08-07 03:49:15'),
	(17, 'Mafaldahaven', 4, '2025-08-07 03:49:15', '2025-08-07 03:49:15'),
	(18, 'Hauckview', 4, '2025-08-07 03:49:15', '2025-08-07 03:49:15'),
	(19, 'Arloside', 4, '2025-08-07 03:49:15', '2025-08-07 03:49:15'),
	(20, 'Sagestad', 4, '2025-08-07 03:49:15', '2025-08-07 03:49:15'),
	(21, 'South Keonmouth', 5, '2025-08-07 03:49:15', '2025-08-07 03:49:15'),
	(22, 'North Kasandramouth', 5, '2025-08-07 03:49:15', '2025-08-07 03:49:15'),
	(23, 'North Alfordport', 5, '2025-08-07 03:49:15', '2025-08-07 03:49:15'),
	(24, 'North Delfinaland', 5, '2025-08-07 03:49:15', '2025-08-07 03:49:15'),
	(25, 'Bergnaumview', 5, '2025-08-07 03:49:15', '2025-08-07 03:49:15'),
	(26, 'Abbottmouth', 6, '2025-08-07 03:49:15', '2025-08-07 03:49:15'),
	(27, 'Lake Gage', 6, '2025-08-07 03:49:15', '2025-08-07 03:49:15'),
	(28, 'Howeside', 6, '2025-08-07 03:49:15', '2025-08-07 03:49:15'),
	(29, 'Aileenmouth', 6, '2025-08-07 03:49:15', '2025-08-07 03:49:15'),
	(30, 'South Garretshire', 6, '2025-08-07 03:49:15', '2025-08-07 03:49:15'),
	(31, 'South Hubertstad', 7, '2025-08-07 03:49:15', '2025-08-07 03:49:15'),
	(32, 'Lake Hendersonview', 7, '2025-08-07 03:49:15', '2025-08-07 03:49:15'),
	(33, 'Lake Ellie', 7, '2025-08-07 03:49:15', '2025-08-07 03:49:15'),
	(34, 'West Maureenmouth', 7, '2025-08-07 03:49:15', '2025-08-07 03:49:15'),
	(35, 'North Pattie', 7, '2025-08-07 03:49:15', '2025-08-07 03:49:15'),
	(36, 'Lake Dean', 8, '2025-08-07 03:49:15', '2025-08-07 03:49:15'),
	(37, 'Eleanorafurt', 8, '2025-08-07 03:49:15', '2025-08-07 03:49:15'),
	(38, 'Violastad', 8, '2025-08-07 03:49:15', '2025-08-07 03:49:15'),
	(39, 'Lake Mariano', 8, '2025-08-07 03:49:15', '2025-08-07 03:49:15'),
	(40, 'South Leland', 8, '2025-08-07 03:49:15', '2025-08-07 03:49:15'),
	(41, 'Luettgenfurt', 9, '2025-08-07 03:49:15', '2025-08-07 03:49:15'),
	(42, 'West Morganview', 9, '2025-08-07 03:49:15', '2025-08-07 03:49:15'),
	(43, 'West Travis', 9, '2025-08-07 03:49:15', '2025-08-07 03:49:15'),
	(44, 'North Sterlingland', 9, '2025-08-07 03:49:15', '2025-08-07 03:49:15'),
	(45, 'Port Violetmouth', 9, '2025-08-07 03:49:15', '2025-08-07 03:49:15'),
	(46, 'Port Americo', 10, '2025-08-07 03:49:15', '2025-08-07 03:49:15'),
	(47, 'Hellerhaven', 10, '2025-08-07 03:49:15', '2025-08-07 03:49:15'),
	(48, 'Aprilbury', 10, '2025-08-07 03:49:15', '2025-08-07 03:49:15'),
	(49, 'Klingport', 10, '2025-08-07 03:49:15', '2025-08-07 03:49:15'),
	(50, 'Port Kaileeport', 10, '2025-08-07 03:49:15', '2025-08-07 03:49:15'),
	(51, 'New Alanaburgh', 11, '2025-08-07 03:49:15', '2025-08-07 03:49:15'),
	(52, 'East Wellington', 11, '2025-08-07 03:49:15', '2025-08-07 03:49:15'),
	(53, 'Lednerfort', 11, '2025-08-07 03:49:15', '2025-08-07 03:49:15'),
	(54, 'Skileshaven', 11, '2025-08-07 03:49:15', '2025-08-07 03:49:15'),
	(55, 'North Ilianastad', 11, '2025-08-07 03:49:15', '2025-08-07 03:49:15'),
	(56, 'Lake Maggieburgh', 12, '2025-08-07 03:49:15', '2025-08-07 03:49:15'),
	(57, 'Lake Ledatown', 12, '2025-08-07 03:49:15', '2025-08-07 03:49:15'),
	(58, 'East Willie', 12, '2025-08-07 03:49:15', '2025-08-07 03:49:15'),
	(59, 'East Willardburgh', 12, '2025-08-07 03:49:15', '2025-08-07 03:49:15'),
	(60, 'New Myrtis', 12, '2025-08-07 03:49:15', '2025-08-07 03:49:15'),
	(61, 'West Rebecafurt', 13, '2025-08-07 03:49:15', '2025-08-07 03:49:15'),
	(62, 'New Norwoodbury', 13, '2025-08-07 03:49:15', '2025-08-07 03:49:15'),
	(63, 'Demetriusport', 13, '2025-08-07 03:49:15', '2025-08-07 03:49:15'),
	(64, 'South Lavernetown', 13, '2025-08-07 03:49:15', '2025-08-07 03:49:15'),
	(65, 'Katharinaland', 13, '2025-08-07 03:49:15', '2025-08-07 03:49:15'),
	(66, 'Stantonmouth', 14, '2025-08-07 03:49:15', '2025-08-07 03:49:15'),
	(67, 'Millerfurt', 14, '2025-08-07 03:49:15', '2025-08-07 03:49:15'),
	(68, 'Oranport', 14, '2025-08-07 03:49:15', '2025-08-07 03:49:15'),
	(69, 'Lake Maxwell', 14, '2025-08-07 03:49:15', '2025-08-07 03:49:15'),
	(70, 'Reaganburgh', 14, '2025-08-07 03:49:15', '2025-08-07 03:49:15'),
	(71, 'Randimouth', 15, '2025-08-07 03:49:15', '2025-08-07 03:49:15'),
	(72, 'West Lennaport', 15, '2025-08-07 03:49:15', '2025-08-07 03:49:15'),
	(73, 'New Samara', 15, '2025-08-07 03:49:16', '2025-08-07 03:49:16'),
	(74, 'North Deannachester', 15, '2025-08-07 03:49:16', '2025-08-07 03:49:16'),
	(75, 'East Dolores', 15, '2025-08-07 03:49:16', '2025-08-07 03:49:16'),
	(76, 'New Rosaliaside', 16, '2025-08-07 03:49:16', '2025-08-07 03:49:16'),
	(77, 'Bernardburgh', 16, '2025-08-07 03:49:16', '2025-08-07 03:49:16'),
	(78, 'North Darrenfurt', 16, '2025-08-07 03:49:16', '2025-08-07 03:49:16'),
	(79, 'Rebecaland', 16, '2025-08-07 03:49:16', '2025-08-07 03:49:16'),
	(80, 'Mathiastown', 16, '2025-08-07 03:49:16', '2025-08-07 03:49:16'),
	(81, 'Donnellyborough', 17, '2025-08-07 03:49:16', '2025-08-07 03:49:16'),
	(82, 'Aidafurt', 17, '2025-08-07 03:49:16', '2025-08-07 03:49:16'),
	(83, 'Eulaliamouth', 17, '2025-08-07 03:49:16', '2025-08-07 03:49:16'),
	(84, 'South Felipemouth', 17, '2025-08-07 03:49:16', '2025-08-07 03:49:16'),
	(85, 'West Mariamview', 17, '2025-08-07 03:49:16', '2025-08-07 03:49:16'),
	(86, 'South Emilioville', 18, '2025-08-07 03:49:16', '2025-08-07 03:49:16'),
	(87, 'Janiyaport', 18, '2025-08-07 03:49:16', '2025-08-07 03:49:16'),
	(88, 'Veumland', 18, '2025-08-07 03:49:16', '2025-08-07 03:49:16'),
	(89, 'Lake Randyland', 18, '2025-08-07 03:49:16', '2025-08-07 03:49:16'),
	(90, 'Kasandraborough', 18, '2025-08-07 03:49:16', '2025-08-07 03:49:16'),
	(91, 'Lake Emory', 19, '2025-08-07 03:49:16', '2025-08-07 03:49:16'),
	(92, 'East Lauren', 19, '2025-08-07 03:49:16', '2025-08-07 03:49:16'),
	(93, 'Lake Virginia', 19, '2025-08-07 03:49:16', '2025-08-07 03:49:16'),
	(94, 'Baumbachtown', 19, '2025-08-07 03:49:16', '2025-08-07 03:49:16'),
	(95, 'Colinchester', 19, '2025-08-07 03:49:16', '2025-08-07 03:49:16'),
	(96, 'South Chrisport', 20, '2025-08-07 03:49:16', '2025-08-07 03:49:16'),
	(97, 'Morissettechester', 20, '2025-08-07 03:49:16', '2025-08-07 03:49:16'),
	(98, 'Lake Triston', 20, '2025-08-07 03:49:16', '2025-08-07 03:49:16'),
	(99, 'Teresachester', 20, '2025-08-07 03:49:16', '2025-08-07 03:49:16'),
	(100, 'West Camillestad', 20, '2025-08-07 03:49:16', '2025-08-07 03:49:16'),
	(101, 'Port Alene', 21, '2025-08-07 03:49:16', '2025-08-07 03:49:16'),
	(102, 'Port Yesseniamouth', 21, '2025-08-07 03:49:16', '2025-08-07 03:49:16'),
	(103, 'Donnellyberg', 21, '2025-08-07 03:49:16', '2025-08-07 03:49:16'),
	(104, 'Lake Shanon', 21, '2025-08-07 03:49:16', '2025-08-07 03:49:16'),
	(105, 'Port Louieside', 21, '2025-08-07 03:49:16', '2025-08-07 03:49:16'),
	(106, 'Jillianton', 22, '2025-08-07 03:49:16', '2025-08-07 03:49:16'),
	(107, 'New Mathewchester', 22, '2025-08-07 03:49:16', '2025-08-07 03:49:16'),
	(108, 'New Eleanoretown', 22, '2025-08-07 03:49:16', '2025-08-07 03:49:16'),
	(109, 'New Elmoreberg', 22, '2025-08-07 03:49:16', '2025-08-07 03:49:16'),
	(110, 'Hertashire', 22, '2025-08-07 03:49:16', '2025-08-07 03:49:16'),
	(111, 'New Judah', 23, '2025-08-07 03:49:16', '2025-08-07 03:49:16'),
	(112, 'South Amandahaven', 23, '2025-08-07 03:49:16', '2025-08-07 03:49:16'),
	(113, 'Christiansenview', 23, '2025-08-07 03:49:16', '2025-08-07 03:49:16'),
	(114, 'Rhodabury', 23, '2025-08-07 03:49:16', '2025-08-07 03:49:16'),
	(115, 'Port Shanelville', 23, '2025-08-07 03:49:16', '2025-08-07 03:49:16'),
	(116, 'East Evangeline', 24, '2025-08-07 03:49:16', '2025-08-07 03:49:16'),
	(117, 'Delphaville', 24, '2025-08-07 03:49:16', '2025-08-07 03:49:16'),
	(118, 'Anastacioside', 24, '2025-08-07 03:49:16', '2025-08-07 03:49:16'),
	(119, 'Aureliochester', 24, '2025-08-07 03:49:16', '2025-08-07 03:49:16'),
	(120, 'Lake Gilbert', 24, '2025-08-07 03:49:16', '2025-08-07 03:49:16'),
	(121, 'New Mathias', 25, '2025-08-07 03:49:16', '2025-08-07 03:49:16'),
	(122, 'Rasheedland', 25, '2025-08-07 03:49:16', '2025-08-07 03:49:16'),
	(123, 'Lake Shakira', 25, '2025-08-07 03:49:16', '2025-08-07 03:49:16'),
	(124, 'South Kelleyborough', 25, '2025-08-07 03:49:16', '2025-08-07 03:49:16'),
	(125, 'New Irwin', 25, '2025-08-07 03:49:16', '2025-08-07 03:49:16'),
	(126, 'Roseland', 26, '2025-08-07 03:49:16', '2025-08-07 03:49:16'),
	(127, 'New Libbiebury', 26, '2025-08-07 03:49:16', '2025-08-07 03:49:16'),
	(128, 'South Taylor', 26, '2025-08-07 03:49:16', '2025-08-07 03:49:16'),
	(129, 'New Lisandro', 26, '2025-08-07 03:49:16', '2025-08-07 03:49:16'),
	(130, 'Mitchellville', 26, '2025-08-07 03:49:16', '2025-08-07 03:49:16'),
	(131, 'Alleneville', 27, '2025-08-07 03:49:16', '2025-08-07 03:49:16'),
	(132, 'Heavenborough', 27, '2025-08-07 03:49:16', '2025-08-07 03:49:16'),
	(133, 'Littleside', 27, '2025-08-07 03:49:16', '2025-08-07 03:49:16'),
	(134, 'Ianbury', 27, '2025-08-07 03:49:16', '2025-08-07 03:49:16'),
	(135, 'Elizabethshire', 27, '2025-08-07 03:49:16', '2025-08-07 03:49:16'),
	(136, 'Port Randi', 28, '2025-08-07 03:49:16', '2025-08-07 03:49:16'),
	(137, 'New Abigail', 28, '2025-08-07 03:49:16', '2025-08-07 03:49:16'),
	(138, 'Rosellaborough', 28, '2025-08-07 03:49:16', '2025-08-07 03:49:16'),
	(139, 'North Erikaberg', 28, '2025-08-07 03:49:16', '2025-08-07 03:49:16'),
	(140, 'Balistrerishire', 28, '2025-08-07 03:49:16', '2025-08-07 03:49:16'),
	(141, 'Lake Malvina', 29, '2025-08-07 03:49:16', '2025-08-07 03:49:16'),
	(142, 'West Magnus', 29, '2025-08-07 03:49:16', '2025-08-07 03:49:16'),
	(143, 'Kaitlinchester', 29, '2025-08-07 03:49:16', '2025-08-07 03:49:16'),
	(144, 'McLaughlinton', 29, '2025-08-07 03:49:16', '2025-08-07 03:49:16'),
	(145, 'East Andre', 29, '2025-08-07 03:49:16', '2025-08-07 03:49:16'),
	(146, 'Port Andresfort', 30, '2025-08-07 03:49:16', '2025-08-07 03:49:16'),
	(147, 'Littelshire', 30, '2025-08-07 03:49:16', '2025-08-07 03:49:16'),
	(148, 'New Westleybury', 30, '2025-08-07 03:49:16', '2025-08-07 03:49:16'),
	(149, 'North Crystalville', 30, '2025-08-07 03:49:16', '2025-08-07 03:49:16'),
	(150, 'Marvinfurt', 30, '2025-08-07 03:49:16', '2025-08-07 03:49:16'),
	(151, 'New Sandy', 31, '2025-08-07 03:49:16', '2025-08-07 03:49:16'),
	(152, 'South Alexandrineton', 31, '2025-08-07 03:49:16', '2025-08-07 03:49:16'),
	(153, 'East Isaimouth', 31, '2025-08-07 03:49:16', '2025-08-07 03:49:16'),
	(154, 'Robbview', 31, '2025-08-07 03:49:16', '2025-08-07 03:49:16'),
	(155, 'Lake Abbigailhaven', 31, '2025-08-07 03:49:16', '2025-08-07 03:49:16'),
	(156, 'Ursulaport', 32, '2025-08-07 03:49:16', '2025-08-07 03:49:16'),
	(157, 'New Lupe', 32, '2025-08-07 03:49:16', '2025-08-07 03:49:16'),
	(158, 'Harveychester', 32, '2025-08-07 03:49:16', '2025-08-07 03:49:16'),
	(159, 'Collinsshire', 32, '2025-08-07 03:49:16', '2025-08-07 03:49:16'),
	(160, 'East Julieview', 32, '2025-08-07 03:49:16', '2025-08-07 03:49:16'),
	(161, 'Lake Lysanne', 33, '2025-08-07 03:49:16', '2025-08-07 03:49:16'),
	(162, 'Waterschester', 33, '2025-08-07 03:49:16', '2025-08-07 03:49:16'),
	(163, 'East Forrest', 33, '2025-08-07 03:49:16', '2025-08-07 03:49:16'),
	(164, 'New Michaela', 33, '2025-08-07 03:49:16', '2025-08-07 03:49:16'),
	(165, 'Lockmanside', 33, '2025-08-07 03:49:16', '2025-08-07 03:49:16'),
	(166, 'Pinkhaven', 34, '2025-08-07 03:49:16', '2025-08-07 03:49:16'),
	(167, 'Rupertmouth', 34, '2025-08-07 03:49:16', '2025-08-07 03:49:16'),
	(168, 'Mullerland', 34, '2025-08-07 03:49:16', '2025-08-07 03:49:16'),
	(169, 'East Toy', 34, '2025-08-07 03:49:16', '2025-08-07 03:49:16'),
	(170, 'Port Diegoton', 34, '2025-08-07 03:49:16', '2025-08-07 03:49:16'),
	(171, 'New Marcusville', 35, '2025-08-07 03:49:16', '2025-08-07 03:49:16'),
	(172, 'Mrazfurt', 35, '2025-08-07 03:49:16', '2025-08-07 03:49:16'),
	(173, 'Lednerland', 35, '2025-08-07 03:49:16', '2025-08-07 03:49:16'),
	(174, 'Antonioland', 35, '2025-08-07 03:49:16', '2025-08-07 03:49:16'),
	(175, 'Kirlinfurt', 35, '2025-08-07 03:49:16', '2025-08-07 03:49:16'),
	(176, 'Botsfordport', 36, '2025-08-07 03:49:16', '2025-08-07 03:49:16'),
	(177, 'North Norval', 36, '2025-08-07 03:49:16', '2025-08-07 03:49:16'),
	(178, 'East Lulu', 36, '2025-08-07 03:49:16', '2025-08-07 03:49:16'),
	(179, 'Ceasarfort', 36, '2025-08-07 03:49:16', '2025-08-07 03:49:16'),
	(180, 'Port Tina', 36, '2025-08-07 03:49:16', '2025-08-07 03:49:16'),
	(181, 'Florianchester', 37, '2025-08-07 03:49:16', '2025-08-07 03:49:16'),
	(182, 'Jazmynburgh', 37, '2025-08-07 03:49:16', '2025-08-07 03:49:16'),
	(183, 'Kautzerport', 37, '2025-08-07 03:49:16', '2025-08-07 03:49:16'),
	(184, 'Corinefort', 37, '2025-08-07 03:49:16', '2025-08-07 03:49:16'),
	(185, 'Port Nelliebury', 37, '2025-08-07 03:49:16', '2025-08-07 03:49:16'),
	(186, 'West Vida', 38, '2025-08-07 03:49:16', '2025-08-07 03:49:16'),
	(187, 'McGlynnburgh', 38, '2025-08-07 03:49:16', '2025-08-07 03:49:16'),
	(188, 'Gradyside', 38, '2025-08-07 03:49:16', '2025-08-07 03:49:16'),
	(189, 'Rauberg', 38, '2025-08-07 03:49:16', '2025-08-07 03:49:16'),
	(190, 'Boylestad', 38, '2025-08-07 03:49:16', '2025-08-07 03:49:16'),
	(191, 'South Chauncey', 39, '2025-08-07 03:49:16', '2025-08-07 03:49:16'),
	(192, 'North Rosa', 39, '2025-08-07 03:49:16', '2025-08-07 03:49:16'),
	(193, 'Howellland', 39, '2025-08-07 03:49:16', '2025-08-07 03:49:16'),
	(194, 'Randyhaven', 39, '2025-08-07 03:49:16', '2025-08-07 03:49:16'),
	(195, 'Constancefort', 39, '2025-08-07 03:49:16', '2025-08-07 03:49:16'),
	(196, 'East Alannaburgh', 40, '2025-08-07 03:49:16', '2025-08-07 03:49:16'),
	(197, 'New Russellview', 40, '2025-08-07 03:49:16', '2025-08-07 03:49:16'),
	(198, 'New Howardfort', 40, '2025-08-07 03:49:16', '2025-08-07 03:49:16'),
	(199, 'Lake Zoie', 40, '2025-08-07 03:49:16', '2025-08-07 03:49:16'),
	(200, 'North Augustusland', 40, '2025-08-07 03:49:16', '2025-08-07 03:49:16'),
	(201, 'Dominiqueburgh', 41, '2025-08-07 03:49:16', '2025-08-07 03:49:16'),
	(202, 'Parkermouth', 41, '2025-08-07 03:49:16', '2025-08-07 03:49:16'),
	(203, 'East Karli', 41, '2025-08-07 03:49:16', '2025-08-07 03:49:16'),
	(204, 'New Oswaldofurt', 41, '2025-08-07 03:49:16', '2025-08-07 03:49:16'),
	(205, 'Chanelleshire', 41, '2025-08-07 03:49:16', '2025-08-07 03:49:16'),
	(206, 'Kochfurt', 42, '2025-08-07 03:49:16', '2025-08-07 03:49:16'),
	(207, 'North Mauricio', 42, '2025-08-07 03:49:16', '2025-08-07 03:49:16'),
	(208, 'Port Elian', 42, '2025-08-07 03:49:16', '2025-08-07 03:49:16'),
	(209, 'South Twila', 42, '2025-08-07 03:49:16', '2025-08-07 03:49:16'),
	(210, 'East Tyrellton', 42, '2025-08-07 03:49:16', '2025-08-07 03:49:16'),
	(211, 'Braunton', 43, '2025-08-07 03:49:16', '2025-08-07 03:49:16'),
	(212, 'Hannaport', 43, '2025-08-07 03:49:16', '2025-08-07 03:49:16'),
	(213, 'Bergstromfurt', 43, '2025-08-07 03:49:16', '2025-08-07 03:49:16'),
	(214, 'North Andersonburgh', 43, '2025-08-07 03:49:16', '2025-08-07 03:49:16'),
	(215, 'Boydside', 43, '2025-08-07 03:49:16', '2025-08-07 03:49:16'),
	(216, 'Lake Maximillian', 44, '2025-08-07 03:49:16', '2025-08-07 03:49:16'),
	(217, 'Hansenfurt', 44, '2025-08-07 03:49:16', '2025-08-07 03:49:16'),
	(218, 'Ritchieberg', 44, '2025-08-07 03:49:16', '2025-08-07 03:49:16'),
	(219, 'Tonyborough', 44, '2025-08-07 03:49:16', '2025-08-07 03:49:16'),
	(220, 'Bruenside', 44, '2025-08-07 03:49:16', '2025-08-07 03:49:16'),
	(221, 'New Meaganmouth', 45, '2025-08-07 03:49:16', '2025-08-07 03:49:16'),
	(222, 'North Christiana', 45, '2025-08-07 03:49:16', '2025-08-07 03:49:16'),
	(223, 'Port Autumn', 45, '2025-08-07 03:49:16', '2025-08-07 03:49:16'),
	(224, 'Montybury', 45, '2025-08-07 03:49:16', '2025-08-07 03:49:16'),
	(225, 'North Pedro', 45, '2025-08-07 03:49:16', '2025-08-07 03:49:16'),
	(226, 'Port Jett', 46, '2025-08-07 03:49:16', '2025-08-07 03:49:16'),
	(227, 'New Nataliaview', 46, '2025-08-07 03:49:16', '2025-08-07 03:49:16'),
	(228, 'Justinaland', 46, '2025-08-07 03:49:16', '2025-08-07 03:49:16'),
	(229, 'North Janick', 46, '2025-08-07 03:49:16', '2025-08-07 03:49:16'),
	(230, 'West Dangelo', 46, '2025-08-07 03:49:16', '2025-08-07 03:49:16'),
	(231, 'Luciousland', 47, '2025-08-07 03:49:16', '2025-08-07 03:49:16'),
	(232, 'East Marcus', 47, '2025-08-07 03:49:16', '2025-08-07 03:49:16'),
	(233, 'Hoegershire', 47, '2025-08-07 03:49:16', '2025-08-07 03:49:16'),
	(234, 'New Pearlieland', 47, '2025-08-07 03:49:16', '2025-08-07 03:49:16'),
	(235, 'South Devan', 47, '2025-08-07 03:49:16', '2025-08-07 03:49:16'),
	(236, 'Eichmannburgh', 48, '2025-08-07 03:49:16', '2025-08-07 03:49:16'),
	(237, 'East Rubyechester', 48, '2025-08-07 03:49:16', '2025-08-07 03:49:16'),
	(238, 'Fernebury', 48, '2025-08-07 03:49:16', '2025-08-07 03:49:16'),
	(239, 'West Dianna', 48, '2025-08-07 03:49:16', '2025-08-07 03:49:16'),
	(240, 'Port Kodyfort', 48, '2025-08-07 03:49:16', '2025-08-07 03:49:16'),
	(241, 'Gorczanybury', 49, '2025-08-07 03:49:16', '2025-08-07 03:49:16'),
	(242, 'Dickinsonhaven', 49, '2025-08-07 03:49:16', '2025-08-07 03:49:16'),
	(243, 'New Mohammadmouth', 49, '2025-08-07 03:49:16', '2025-08-07 03:49:16'),
	(244, 'South Eleanoreview', 49, '2025-08-07 03:49:16', '2025-08-07 03:49:16'),
	(245, 'Guiseppeville', 49, '2025-08-07 03:49:16', '2025-08-07 03:49:16'),
	(246, 'East Dylanberg', 50, '2025-08-07 03:49:16', '2025-08-07 03:49:16'),
	(247, 'Jackymouth', 50, '2025-08-07 03:49:16', '2025-08-07 03:49:16'),
	(248, 'East Jaeden', 50, '2025-08-07 03:49:16', '2025-08-07 03:49:16'),
	(249, 'New Bessiemouth', 50, '2025-08-07 03:49:16', '2025-08-07 03:49:16'),
	(250, 'Lake Marisaside', 50, '2025-08-07 03:49:16', '2025-08-07 03:49:16'),
	(251, 'Norbertport', 51, '2025-08-07 03:49:16', '2025-08-07 03:49:16'),
	(252, 'East Carmen', 51, '2025-08-07 03:49:16', '2025-08-07 03:49:16'),
	(253, 'Leschview', 51, '2025-08-07 03:49:16', '2025-08-07 03:49:16'),
	(254, 'Macejkovicview', 51, '2025-08-07 03:49:16', '2025-08-07 03:49:16'),
	(255, 'New Houstonport', 51, '2025-08-07 03:49:16', '2025-08-07 03:49:16'),
	(256, 'Sengerfurt', 52, '2025-08-07 03:49:16', '2025-08-07 03:49:16'),
	(257, 'Port Michale', 52, '2025-08-07 03:49:16', '2025-08-07 03:49:16'),
	(258, 'Harrisonland', 52, '2025-08-07 03:49:16', '2025-08-07 03:49:16'),
	(259, 'Lake Jolieport', 52, '2025-08-07 03:49:16', '2025-08-07 03:49:16'),
	(260, 'Monahanview', 52, '2025-08-07 03:49:16', '2025-08-07 03:49:16'),
	(261, 'Colliermouth', 53, '2025-08-07 03:49:16', '2025-08-07 03:49:16'),
	(262, 'Douglasburgh', 53, '2025-08-07 03:49:16', '2025-08-07 03:49:16'),
	(263, 'Kelliestad', 53, '2025-08-07 03:49:16', '2025-08-07 03:49:16'),
	(264, 'North Ana', 53, '2025-08-07 03:49:16', '2025-08-07 03:49:16'),
	(265, 'Brendenland', 53, '2025-08-07 03:49:16', '2025-08-07 03:49:16'),
	(266, 'South Wiley', 54, '2025-08-07 03:49:16', '2025-08-07 03:49:16'),
	(267, 'Lake Libby', 54, '2025-08-07 03:49:16', '2025-08-07 03:49:16'),
	(268, 'Williamsonfort', 54, '2025-08-07 03:49:16', '2025-08-07 03:49:16'),
	(269, 'Jettieside', 54, '2025-08-07 03:49:16', '2025-08-07 03:49:16'),
	(270, 'Brekkeshire', 54, '2025-08-07 03:49:16', '2025-08-07 03:49:16'),
	(271, 'Cormiermouth', 55, '2025-08-07 03:49:16', '2025-08-07 03:49:16'),
	(272, 'Olafville', 55, '2025-08-07 03:49:16', '2025-08-07 03:49:16'),
	(273, 'South Sister', 55, '2025-08-07 03:49:16', '2025-08-07 03:49:16'),
	(274, 'Torpshire', 55, '2025-08-07 03:49:16', '2025-08-07 03:49:16'),
	(275, 'Annabellburgh', 55, '2025-08-07 03:49:16', '2025-08-07 03:49:16'),
	(276, 'Joelleville', 56, '2025-08-07 03:49:16', '2025-08-07 03:49:16'),
	(277, 'Port Marcel', 56, '2025-08-07 03:49:16', '2025-08-07 03:49:16'),
	(278, 'Schambergerfurt', 56, '2025-08-07 03:49:16', '2025-08-07 03:49:16'),
	(279, 'Kesslermouth', 56, '2025-08-07 03:49:16', '2025-08-07 03:49:16'),
	(280, 'Jaydamouth', 56, '2025-08-07 03:49:16', '2025-08-07 03:49:16'),
	(281, 'North Tommouth', 57, '2025-08-07 03:49:16', '2025-08-07 03:49:16'),
	(282, 'Runtemouth', 57, '2025-08-07 03:49:16', '2025-08-07 03:49:16'),
	(283, 'Fayfort', 57, '2025-08-07 03:49:16', '2025-08-07 03:49:16'),
	(284, 'Camrenfort', 57, '2025-08-07 03:49:16', '2025-08-07 03:49:16'),
	(285, 'Lake Lionel', 57, '2025-08-07 03:49:16', '2025-08-07 03:49:16'),
	(286, 'New Ansley', 58, '2025-08-07 03:49:16', '2025-08-07 03:49:16'),
	(287, 'East Vadafurt', 58, '2025-08-07 03:49:16', '2025-08-07 03:49:16'),
	(288, 'Kochfort', 58, '2025-08-07 03:49:16', '2025-08-07 03:49:16'),
	(289, 'New Justina', 58, '2025-08-07 03:49:16', '2025-08-07 03:49:16'),
	(290, 'North Arely', 58, '2025-08-07 03:49:16', '2025-08-07 03:49:16'),
	(291, 'North Abbiehaven', 59, '2025-08-07 03:49:16', '2025-08-07 03:49:16'),
	(292, 'Faheyburgh', 59, '2025-08-07 03:49:16', '2025-08-07 03:49:16'),
	(293, 'Kerlukeville', 59, '2025-08-07 03:49:16', '2025-08-07 03:49:16'),
	(294, 'South Aric', 59, '2025-08-07 03:49:16', '2025-08-07 03:49:16'),
	(295, 'Lyricstad', 59, '2025-08-07 03:49:16', '2025-08-07 03:49:16'),
	(296, 'Greenholttown', 60, '2025-08-07 03:49:16', '2025-08-07 03:49:16'),
	(297, 'Gaetanoland', 60, '2025-08-07 03:49:16', '2025-08-07 03:49:16'),
	(298, 'Santosburgh', 60, '2025-08-07 03:49:16', '2025-08-07 03:49:16'),
	(299, 'New Arvelland', 60, '2025-08-07 03:49:16', '2025-08-07 03:49:16'),
	(300, 'New Teagan', 60, '2025-08-07 03:49:16', '2025-08-07 03:49:16'),
	(301, 'Orrinstad', 61, '2025-08-07 03:49:16', '2025-08-07 03:49:16'),
	(302, 'Raheemfurt', 61, '2025-08-07 03:49:16', '2025-08-07 03:49:16'),
	(303, 'Rempelfurt', 61, '2025-08-07 03:49:16', '2025-08-07 03:49:16'),
	(304, 'Port Carmelville', 61, '2025-08-07 03:49:16', '2025-08-07 03:49:16'),
	(305, 'West Kaylieberg', 61, '2025-08-07 03:49:16', '2025-08-07 03:49:16'),
	(306, 'East Esta', 62, '2025-08-07 03:49:16', '2025-08-07 03:49:16'),
	(307, 'New Rubie', 62, '2025-08-07 03:49:16', '2025-08-07 03:49:16'),
	(308, 'South Annabel', 62, '2025-08-07 03:49:16', '2025-08-07 03:49:16'),
	(309, 'North Ryley', 62, '2025-08-07 03:49:16', '2025-08-07 03:49:16'),
	(310, 'Stokeshaven', 62, '2025-08-07 03:49:16', '2025-08-07 03:49:16'),
	(311, 'Nikolausport', 63, '2025-08-07 03:49:16', '2025-08-07 03:49:16'),
	(312, 'Prosaccoport', 63, '2025-08-07 03:49:16', '2025-08-07 03:49:16'),
	(313, 'North Arvilla', 63, '2025-08-07 03:49:16', '2025-08-07 03:49:16'),
	(314, 'East Chesleymouth', 63, '2025-08-07 03:49:16', '2025-08-07 03:49:16'),
	(315, 'Gailview', 63, '2025-08-07 03:49:16', '2025-08-07 03:49:16'),
	(316, 'Aliafort', 64, '2025-08-07 03:49:16', '2025-08-07 03:49:16'),
	(317, 'Velmatown', 64, '2025-08-07 03:49:16', '2025-08-07 03:49:16'),
	(318, 'Jarenmouth', 64, '2025-08-07 03:49:16', '2025-08-07 03:49:16'),
	(319, 'South Murl', 64, '2025-08-07 03:49:16', '2025-08-07 03:49:16'),
	(320, 'Lake Ubaldochester', 64, '2025-08-07 03:49:16', '2025-08-07 03:49:16'),
	(321, 'South Orvalland', 65, '2025-08-07 03:49:16', '2025-08-07 03:49:16'),
	(322, 'Maeganton', 65, '2025-08-07 03:49:16', '2025-08-07 03:49:16'),
	(323, 'North Carolyneland', 65, '2025-08-07 03:49:16', '2025-08-07 03:49:16'),
	(324, 'Imogeneborough', 65, '2025-08-07 03:49:16', '2025-08-07 03:49:16'),
	(325, 'Volkmanview', 65, '2025-08-07 03:49:16', '2025-08-07 03:49:16'),
	(326, 'Port Amaliaview', 66, '2025-08-07 03:49:16', '2025-08-07 03:49:16'),
	(327, 'Reneeberg', 66, '2025-08-07 03:49:16', '2025-08-07 03:49:16'),
	(328, 'Koeppmouth', 66, '2025-08-07 03:49:16', '2025-08-07 03:49:16'),
	(329, 'Marvinview', 66, '2025-08-07 03:49:16', '2025-08-07 03:49:16'),
	(330, 'North Williamland', 66, '2025-08-07 03:49:16', '2025-08-07 03:49:16'),
	(331, 'East Hubertberg', 67, '2025-08-07 03:49:16', '2025-08-07 03:49:16'),
	(332, 'North Maia', 67, '2025-08-07 03:49:16', '2025-08-07 03:49:16'),
	(333, 'Susanafurt', 67, '2025-08-07 03:49:16', '2025-08-07 03:49:16'),
	(334, 'Avisside', 67, '2025-08-07 03:49:16', '2025-08-07 03:49:16'),
	(335, 'South Jaysonberg', 67, '2025-08-07 03:49:16', '2025-08-07 03:49:16'),
	(336, 'New Alessandro', 68, '2025-08-07 03:49:16', '2025-08-07 03:49:16'),
	(337, 'Zemlakbury', 68, '2025-08-07 03:49:16', '2025-08-07 03:49:16'),
	(338, 'East Joshuah', 68, '2025-08-07 03:49:16', '2025-08-07 03:49:16'),
	(339, 'Lake Norris', 68, '2025-08-07 03:49:16', '2025-08-07 03:49:16'),
	(340, 'Port Shaylee', 68, '2025-08-07 03:49:16', '2025-08-07 03:49:16'),
	(341, 'East Generalbury', 69, '2025-08-07 03:49:16', '2025-08-07 03:49:16'),
	(342, 'Port Jo', 69, '2025-08-07 03:49:16', '2025-08-07 03:49:16'),
	(343, 'Lake Selmer', 69, '2025-08-07 03:49:16', '2025-08-07 03:49:16'),
	(344, 'East Loren', 69, '2025-08-07 03:49:16', '2025-08-07 03:49:16'),
	(345, 'Lake Paris', 69, '2025-08-07 03:49:16', '2025-08-07 03:49:16'),
	(346, 'Port Keanu', 70, '2025-08-07 03:49:16', '2025-08-07 03:49:16'),
	(347, 'South Eda', 70, '2025-08-07 03:49:16', '2025-08-07 03:49:16'),
	(348, 'Stoneburgh', 70, '2025-08-07 03:49:16', '2025-08-07 03:49:16'),
	(349, 'North Josianneside', 70, '2025-08-07 03:49:16', '2025-08-07 03:49:16'),
	(350, 'South Samson', 70, '2025-08-07 03:49:16', '2025-08-07 03:49:16'),
	(351, 'East Laishaview', 71, '2025-08-07 03:49:16', '2025-08-07 03:49:16'),
	(352, 'Lake Kathlyn', 71, '2025-08-07 03:49:16', '2025-08-07 03:49:16'),
	(353, 'New Amaniland', 71, '2025-08-07 03:49:16', '2025-08-07 03:49:16'),
	(354, 'South Deshaun', 71, '2025-08-07 03:49:16', '2025-08-07 03:49:16'),
	(355, 'East Novella', 71, '2025-08-07 03:49:16', '2025-08-07 03:49:16'),
	(356, 'Lake Mortonborough', 72, '2025-08-07 03:49:16', '2025-08-07 03:49:16'),
	(357, 'West Monica', 72, '2025-08-07 03:49:16', '2025-08-07 03:49:16'),
	(358, 'Kreigerland', 72, '2025-08-07 03:49:16', '2025-08-07 03:49:16'),
	(359, 'Herzogton', 72, '2025-08-07 03:49:16', '2025-08-07 03:49:16'),
	(360, 'Shieldstown', 72, '2025-08-07 03:49:16', '2025-08-07 03:49:16'),
	(361, 'Monteborough', 73, '2025-08-07 03:49:16', '2025-08-07 03:49:16'),
	(362, 'Jaskolskiton', 73, '2025-08-07 03:49:16', '2025-08-07 03:49:16'),
	(363, 'East Lilyanbury', 73, '2025-08-07 03:49:16', '2025-08-07 03:49:16'),
	(364, 'Kenyonmouth', 73, '2025-08-07 03:49:16', '2025-08-07 03:49:16'),
	(365, 'Madieberg', 73, '2025-08-07 03:49:16', '2025-08-07 03:49:16'),
	(366, 'Keltonburgh', 74, '2025-08-07 03:49:16', '2025-08-07 03:49:16'),
	(367, 'Schmittfort', 74, '2025-08-07 03:49:16', '2025-08-07 03:49:16'),
	(368, 'Biankamouth', 74, '2025-08-07 03:49:16', '2025-08-07 03:49:16'),
	(369, 'Lake Johathanview', 74, '2025-08-07 03:49:16', '2025-08-07 03:49:16'),
	(370, 'South Eldorahaven', 74, '2025-08-07 03:49:16', '2025-08-07 03:49:16'),
	(371, 'East Arch', 75, '2025-08-07 03:49:16', '2025-08-07 03:49:16'),
	(372, 'Littleport', 75, '2025-08-07 03:49:16', '2025-08-07 03:49:16'),
	(373, 'Jonasburgh', 75, '2025-08-07 03:49:16', '2025-08-07 03:49:16'),
	(374, 'Port Ignacio', 75, '2025-08-07 03:49:16', '2025-08-07 03:49:16'),
	(375, 'Schambergerview', 75, '2025-08-07 03:49:16', '2025-08-07 03:49:16'),
	(376, 'Lake Timmytown', 76, '2025-08-07 03:49:16', '2025-08-07 03:49:16'),
	(377, 'Kaceystad', 76, '2025-08-07 03:49:16', '2025-08-07 03:49:16'),
	(378, 'Darionport', 76, '2025-08-07 03:49:16', '2025-08-07 03:49:16'),
	(379, 'South Noel', 76, '2025-08-07 03:49:16', '2025-08-07 03:49:16'),
	(380, 'Littleburgh', 76, '2025-08-07 03:49:16', '2025-08-07 03:49:16'),
	(381, 'Monserratehaven', 77, '2025-08-07 03:49:16', '2025-08-07 03:49:16'),
	(382, 'Lake Aniyahmouth', 77, '2025-08-07 03:49:16', '2025-08-07 03:49:16'),
	(383, 'North Lempiport', 77, '2025-08-07 03:49:16', '2025-08-07 03:49:16'),
	(384, 'North Percival', 77, '2025-08-07 03:49:16', '2025-08-07 03:49:16'),
	(385, 'Serenityland', 77, '2025-08-07 03:49:16', '2025-08-07 03:49:16'),
	(386, 'Aliyaview', 78, '2025-08-07 03:49:16', '2025-08-07 03:49:16'),
	(387, 'North Linwood', 78, '2025-08-07 03:49:16', '2025-08-07 03:49:16'),
	(388, 'South Wilma', 78, '2025-08-07 03:49:16', '2025-08-07 03:49:16'),
	(389, 'Hillsmouth', 78, '2025-08-07 03:49:16', '2025-08-07 03:49:16'),
	(390, 'New Tina', 78, '2025-08-07 03:49:16', '2025-08-07 03:49:16'),
	(391, 'Spinkaburgh', 79, '2025-08-07 03:49:16', '2025-08-07 03:49:16'),
	(392, 'Lake Jada', 79, '2025-08-07 03:49:16', '2025-08-07 03:49:16'),
	(393, 'Ewaldbury', 79, '2025-08-07 03:49:16', '2025-08-07 03:49:16'),
	(394, 'North Alexaville', 79, '2025-08-07 03:49:16', '2025-08-07 03:49:16'),
	(395, 'Katlynton', 79, '2025-08-07 03:49:16', '2025-08-07 03:49:16'),
	(396, 'North Rhea', 80, '2025-08-07 03:49:16', '2025-08-07 03:49:16'),
	(397, 'New Nat', 80, '2025-08-07 03:49:16', '2025-08-07 03:49:16'),
	(398, 'Lake Destineyberg', 80, '2025-08-07 03:49:16', '2025-08-07 03:49:16'),
	(399, 'Kassulkeside', 80, '2025-08-07 03:49:16', '2025-08-07 03:49:16'),
	(400, 'Monahanberg', 80, '2025-08-07 03:49:16', '2025-08-07 03:49:16'),
	(401, 'North Bernhard', 81, '2025-08-07 03:49:16', '2025-08-07 03:49:16'),
	(402, 'New Kaylie', 81, '2025-08-07 03:49:16', '2025-08-07 03:49:16'),
	(403, 'South Gerson', 81, '2025-08-07 03:49:17', '2025-08-07 03:49:17'),
	(404, 'Paucekfort', 81, '2025-08-07 03:49:17', '2025-08-07 03:49:17'),
	(405, 'New Sadieberg', 81, '2025-08-07 03:49:17', '2025-08-07 03:49:17'),
	(406, 'Port Carolanneberg', 82, '2025-08-07 03:49:17', '2025-08-07 03:49:17'),
	(407, 'East Aprilville', 82, '2025-08-07 03:49:17', '2025-08-07 03:49:17'),
	(408, 'New Seantown', 82, '2025-08-07 03:49:17', '2025-08-07 03:49:17'),
	(409, 'New Bridiebury', 82, '2025-08-07 03:49:17', '2025-08-07 03:49:17'),
	(410, 'Weststad', 82, '2025-08-07 03:49:17', '2025-08-07 03:49:17'),
	(411, 'New Sethfurt', 83, '2025-08-07 03:49:17', '2025-08-07 03:49:17'),
	(412, 'West Manuel', 83, '2025-08-07 03:49:17', '2025-08-07 03:49:17'),
	(413, 'Nelsonview', 83, '2025-08-07 03:49:17', '2025-08-07 03:49:17'),
	(414, 'Port Bonita', 83, '2025-08-07 03:49:17', '2025-08-07 03:49:17'),
	(415, 'Sipesland', 83, '2025-08-07 03:49:17', '2025-08-07 03:49:17'),
	(416, 'Nienowshire', 84, '2025-08-07 03:49:17', '2025-08-07 03:49:17'),
	(417, 'Janelleberg', 84, '2025-08-07 03:49:17', '2025-08-07 03:49:17'),
	(418, 'West Shannastad', 84, '2025-08-07 03:49:17', '2025-08-07 03:49:17'),
	(419, 'West Arlo', 84, '2025-08-07 03:49:17', '2025-08-07 03:49:17'),
	(420, 'East Larueside', 84, '2025-08-07 03:49:17', '2025-08-07 03:49:17'),
	(421, 'West Nannieport', 85, '2025-08-07 03:49:17', '2025-08-07 03:49:17'),
	(422, 'Lake Zacherychester', 85, '2025-08-07 03:49:17', '2025-08-07 03:49:17'),
	(423, 'Ritchiemouth', 85, '2025-08-07 03:49:17', '2025-08-07 03:49:17'),
	(424, 'East Kasandraport', 85, '2025-08-07 03:49:17', '2025-08-07 03:49:17'),
	(425, 'Port Jace', 85, '2025-08-07 03:49:17', '2025-08-07 03:49:17'),
	(426, 'Maximilliahaven', 86, '2025-08-07 03:49:17', '2025-08-07 03:49:17'),
	(427, 'Lake Lorimouth', 86, '2025-08-07 03:49:17', '2025-08-07 03:49:17'),
	(428, 'North Dedric', 86, '2025-08-07 03:49:17', '2025-08-07 03:49:17'),
	(429, 'New Frederique', 86, '2025-08-07 03:49:17', '2025-08-07 03:49:17'),
	(430, 'Nathanaeltown', 86, '2025-08-07 03:49:17', '2025-08-07 03:49:17'),
	(431, 'Meghanfort', 87, '2025-08-07 03:49:17', '2025-08-07 03:49:17'),
	(432, 'East Anjali', 87, '2025-08-07 03:49:17', '2025-08-07 03:49:17'),
	(433, 'Sengerhaven', 87, '2025-08-07 03:49:17', '2025-08-07 03:49:17'),
	(434, 'East Daphneeton', 87, '2025-08-07 03:49:17', '2025-08-07 03:49:17'),
	(435, 'New Stacey', 87, '2025-08-07 03:49:17', '2025-08-07 03:49:17'),
	(436, 'Port Betsyhaven', 88, '2025-08-07 03:49:17', '2025-08-07 03:49:17'),
	(437, 'South Stephanie', 88, '2025-08-07 03:49:17', '2025-08-07 03:49:17'),
	(438, 'Halvorsonhaven', 88, '2025-08-07 03:49:17', '2025-08-07 03:49:17'),
	(439, 'Collierstad', 88, '2025-08-07 03:49:17', '2025-08-07 03:49:17'),
	(440, 'Melbaview', 88, '2025-08-07 03:49:17', '2025-08-07 03:49:17'),
	(441, 'VonRuedenberg', 89, '2025-08-07 03:49:17', '2025-08-07 03:49:17'),
	(442, 'Port Calista', 89, '2025-08-07 03:49:17', '2025-08-07 03:49:17'),
	(443, 'South Chadton', 89, '2025-08-07 03:49:17', '2025-08-07 03:49:17'),
	(444, 'Brianneburgh', 89, '2025-08-07 03:49:17', '2025-08-07 03:49:17'),
	(445, 'Cummerataville', 89, '2025-08-07 03:49:17', '2025-08-07 03:49:17'),
	(446, 'North Tateberg', 90, '2025-08-07 03:49:17', '2025-08-07 03:49:17'),
	(447, 'North Kristofer', 90, '2025-08-07 03:49:17', '2025-08-07 03:49:17'),
	(448, 'South Hilarioburgh', 90, '2025-08-07 03:49:17', '2025-08-07 03:49:17'),
	(449, 'New Michellestad', 90, '2025-08-07 03:49:17', '2025-08-07 03:49:17'),
	(450, 'Keelyhaven', 90, '2025-08-07 03:49:17', '2025-08-07 03:49:17'),
	(451, 'Averyfurt', 91, '2025-08-07 03:49:17', '2025-08-07 03:49:17'),
	(452, 'New Marysechester', 91, '2025-08-07 03:49:17', '2025-08-07 03:49:17'),
	(453, 'Aniyaview', 91, '2025-08-07 03:49:17', '2025-08-07 03:49:17'),
	(454, 'Shanahanmouth', 91, '2025-08-07 03:49:17', '2025-08-07 03:49:17'),
	(455, 'South Christianton', 91, '2025-08-07 03:49:17', '2025-08-07 03:49:17'),
	(456, 'Baileyburgh', 92, '2025-08-07 03:49:17', '2025-08-07 03:49:17'),
	(457, 'North Toniport', 92, '2025-08-07 03:49:17', '2025-08-07 03:49:17'),
	(458, 'Enidton', 92, '2025-08-07 03:49:17', '2025-08-07 03:49:17'),
	(459, 'New Jeaniechester', 92, '2025-08-07 03:49:17', '2025-08-07 03:49:17'),
	(460, 'East Shanelshire', 92, '2025-08-07 03:49:17', '2025-08-07 03:49:17'),
	(461, 'New Stephaniabury', 93, '2025-08-07 03:49:17', '2025-08-07 03:49:17'),
	(462, 'New Alannaville', 93, '2025-08-07 03:49:17', '2025-08-07 03:49:17'),
	(463, 'Lake Coleman', 93, '2025-08-07 03:49:17', '2025-08-07 03:49:17'),
	(464, 'East Milesberg', 93, '2025-08-07 03:49:17', '2025-08-07 03:49:17'),
	(465, 'North Chaya', 93, '2025-08-07 03:49:17', '2025-08-07 03:49:17'),
	(466, 'Marisolberg', 94, '2025-08-07 03:49:17', '2025-08-07 03:49:17'),
	(467, 'Abigayleberg', 94, '2025-08-07 03:49:17', '2025-08-07 03:49:17'),
	(468, 'Emmybury', 94, '2025-08-07 03:49:17', '2025-08-07 03:49:17'),
	(469, 'East Mina', 94, '2025-08-07 03:49:17', '2025-08-07 03:49:17'),
	(470, 'Port Al', 94, '2025-08-07 03:49:17', '2025-08-07 03:49:17'),
	(471, 'Ressiemouth', 95, '2025-08-07 03:49:17', '2025-08-07 03:49:17'),
	(472, 'New Austen', 95, '2025-08-07 03:49:17', '2025-08-07 03:49:17'),
	(473, 'East Lela', 95, '2025-08-07 03:49:17', '2025-08-07 03:49:17'),
	(474, 'Artside', 95, '2025-08-07 03:49:17', '2025-08-07 03:49:17'),
	(475, 'West Anderson', 95, '2025-08-07 03:49:17', '2025-08-07 03:49:17'),
	(476, 'Lake Rosendoburgh', 96, '2025-08-07 03:49:17', '2025-08-07 03:49:17'),
	(477, 'Monahanborough', 96, '2025-08-07 03:49:17', '2025-08-07 03:49:17'),
	(478, 'Bretshire', 96, '2025-08-07 03:49:17', '2025-08-07 03:49:17'),
	(479, 'New Prudence', 96, '2025-08-07 03:49:17', '2025-08-07 03:49:17'),
	(480, 'Lefflerhaven', 96, '2025-08-07 03:49:17', '2025-08-07 03:49:17'),
	(481, 'South Jamelside', 97, '2025-08-07 03:49:17', '2025-08-07 03:49:17'),
	(482, 'Lake Leo', 97, '2025-08-07 03:49:17', '2025-08-07 03:49:17'),
	(483, 'Schadenville', 97, '2025-08-07 03:49:17', '2025-08-07 03:49:17'),
	(484, 'New Nickolasside', 97, '2025-08-07 03:49:17', '2025-08-07 03:49:17'),
	(485, 'Swaniawskiberg', 97, '2025-08-07 03:49:17', '2025-08-07 03:49:17'),
	(486, 'Botsfordmouth', 98, '2025-08-07 03:49:17', '2025-08-07 03:49:17'),
	(487, 'Medhurstland', 98, '2025-08-07 03:49:17', '2025-08-07 03:49:17'),
	(488, 'East Godfrey', 98, '2025-08-07 03:49:17', '2025-08-07 03:49:17'),
	(489, 'Pricebury', 98, '2025-08-07 03:49:17', '2025-08-07 03:49:17'),
	(490, 'Haleighmouth', 98, '2025-08-07 03:49:17', '2025-08-07 03:49:17'),
	(491, 'Lake Kevin', 99, '2025-08-07 03:49:17', '2025-08-07 03:49:17'),
	(492, 'West Richmond', 99, '2025-08-07 03:49:17', '2025-08-07 03:49:17'),
	(493, 'Feilmouth', 99, '2025-08-07 03:49:17', '2025-08-07 03:49:17'),
	(494, 'New Zelda', 99, '2025-08-07 03:49:17', '2025-08-07 03:49:17'),
	(495, 'West Milford', 99, '2025-08-07 03:49:17', '2025-08-07 03:49:17'),
	(496, 'Lake Judyfort', 100, '2025-08-07 03:49:17', '2025-08-07 03:49:17'),
	(497, 'West Magnoliamouth', 100, '2025-08-07 03:49:17', '2025-08-07 03:49:17'),
	(498, 'North Lemuelchester', 100, '2025-08-07 03:49:17', '2025-08-07 03:49:17'),
	(499, 'West Darrel', 100, '2025-08-07 03:49:17', '2025-08-07 03:49:17'),
	(500, 'Schusterbury', 100, '2025-08-07 03:49:17', '2025-08-07 03:49:17');

-- Dumping structure for table topcommerce.configurations
DROP TABLE IF EXISTS `configurations`;
CREATE TABLE IF NOT EXISTS `configurations` (
  `id` bigint(20) unsigned NOT NULL AUTO_INCREMENT,
  `config` varchar(255) NOT NULL,
  `value` varchar(255) NOT NULL,
  `created_at` timestamp NULL DEFAULT NULL,
  `updated_at` timestamp NULL DEFAULT NULL,
  PRIMARY KEY (`id`)
) ENGINE=InnoDB AUTO_INCREMENT=3 DEFAULT CHARSET=utf8mb4 COLLATE=utf8mb4_unicode_ci;

-- Dumping data for table topcommerce.configurations: ~2 rows (approximately)
DELETE FROM `configurations`;
INSERT INTO `configurations` (`id`, `config`, `value`, `created_at`, `updated_at`) VALUES
	(1, 'setup_stage', '1', '2024-12-03 17:13:51', '2025-08-07 03:51:48'),
	(2, 'setup_complete', '0', '2024-12-03 17:13:51', '2025-08-07 03:51:48');

-- Dumping structure for table topcommerce.contact_messages
DROP TABLE IF EXISTS `contact_messages`;
CREATE TABLE IF NOT EXISTS `contact_messages` (
  `id` bigint(20) unsigned NOT NULL AUTO_INCREMENT,
  `name` varchar(255) NOT NULL,
  `email` varchar(255) DEFAULT NULL,
  `phone` varchar(255) DEFAULT NULL,
  `subject` varchar(255) DEFAULT NULL,
  `message` text NOT NULL,
  `created_at` timestamp NULL DEFAULT NULL,
  `updated_at` timestamp NULL DEFAULT NULL,
  PRIMARY KEY (`id`)
) ENGINE=InnoDB DEFAULT CHARSET=utf8mb4 COLLATE=utf8mb4_unicode_ci;

-- Dumping data for table topcommerce.contact_messages: ~0 rows (approximately)
DELETE FROM `contact_messages`;

-- Dumping structure for table topcommerce.countries
DROP TABLE IF EXISTS `countries`;
CREATE TABLE IF NOT EXISTS `countries` (
  `id` bigint(20) unsigned NOT NULL AUTO_INCREMENT,
  `name` varchar(255) NOT NULL,
  `code` varchar(255) NOT NULL,
  `slug` varchar(255) NOT NULL,
  `status` enum('active','inactive') NOT NULL DEFAULT 'active',
  `created_at` timestamp NULL DEFAULT NULL,
  `updated_at` timestamp NULL DEFAULT NULL,
  PRIMARY KEY (`id`)
) ENGINE=InnoDB AUTO_INCREMENT=21 DEFAULT CHARSET=utf8mb4 COLLATE=utf8mb4_unicode_ci;

-- Dumping data for table topcommerce.countries: ~20 rows (approximately)
DELETE FROM `countries`;
INSERT INTO `countries` (`id`, `name`, `code`, `slug`, `status`, `created_at`, `updated_at`) VALUES
	(1, 'Afghanistan', 'AF', '', 'active', '2025-08-07 03:49:15', '2025-08-07 03:49:15'),
	(2, 'Aland Islands', 'AX', '', 'active', '2025-08-07 03:49:15', '2025-08-07 03:49:15'),
	(3, 'Albania', 'AL', '', 'active', '2025-08-07 03:49:15', '2025-08-07 03:49:15'),
	(4, 'Algeria', 'DZ', '', 'active', '2025-08-07 03:49:16', '2025-08-07 03:49:16'),
	(5, 'American Samoa', 'AS', '', 'active', '2025-08-07 03:49:16', '2025-08-07 03:49:16'),
	(6, 'Andorra', 'AD', '', 'active', '2025-08-07 03:49:16', '2025-08-07 03:49:16'),
	(7, 'Angola', 'AO', '', 'active', '2025-08-07 03:49:16', '2025-08-07 03:49:16'),
	(8, 'Anguilla', 'AI', '', 'active', '2025-08-07 03:49:16', '2025-08-07 03:49:16'),
	(9, 'Antarctica', 'AQ', '', 'active', '2025-08-07 03:49:16', '2025-08-07 03:49:16'),
	(10, 'Antigua and Barbuda', 'AG', '', 'active', '2025-08-07 03:49:16', '2025-08-07 03:49:16'),
	(11, 'Argentina', 'AR', '', 'active', '2025-08-07 03:49:16', '2025-08-07 03:49:16'),
	(12, 'Armenia', 'AM', '', 'active', '2025-08-07 03:49:16', '2025-08-07 03:49:16'),
	(13, 'Aruba', 'AW', '', 'active', '2025-08-07 03:49:16', '2025-08-07 03:49:16'),
	(14, 'Australia', 'AU', '', 'active', '2025-08-07 03:49:16', '2025-08-07 03:49:16'),
	(15, 'Austria', 'AT', '', 'active', '2025-08-07 03:49:16', '2025-08-07 03:49:16'),
	(16, 'Azerbaijan', 'AZ', '', 'active', '2025-08-07 03:49:16', '2025-08-07 03:49:16'),
	(17, 'Bahamas', 'BS', '', 'active', '2025-08-07 03:49:16', '2025-08-07 03:49:16'),
	(18, 'Bahrain', 'BH', '', 'active', '2025-08-07 03:49:17', '2025-08-07 03:49:17'),
	(19, 'Bangladesh', 'BD', '', 'active', '2025-08-07 03:49:17', '2025-08-07 03:49:17'),
	(20, 'Barbados', 'BB', '', 'active', '2025-08-07 03:49:17', '2025-08-07 03:49:17');

-- Dumping structure for table topcommerce.coupons
DROP TABLE IF EXISTS `coupons`;
CREATE TABLE IF NOT EXISTS `coupons` (
  `id` bigint(20) unsigned NOT NULL AUTO_INCREMENT,
  `author_id` bigint(20) unsigned NOT NULL DEFAULT 0,
  `coupon_code` varchar(255) NOT NULL,
  `discount` decimal(8,2) NOT NULL,
  `apply_for` enum('product','category','all') NOT NULL DEFAULT 'all',
  `minimum_spend` decimal(18,4) unsigned DEFAULT NULL,
  `usage_limit_per_coupon` bigint(20) unsigned DEFAULT NULL,
  `usage_limit_per_customer` int(10) unsigned DEFAULT NULL,
  `can_use_with_campaign` tinyint(1) NOT NULL DEFAULT 0,
  `free_shipping` tinyint(1) NOT NULL DEFAULT 0,
  `is_percent` tinyint(1) NOT NULL DEFAULT 1,
  `start_date` timestamp NOT NULL DEFAULT current_timestamp() ON UPDATE current_timestamp(),
  `expired_date` timestamp NULL DEFAULT NULL,
  `is_never_expired` tinyint(1) NOT NULL DEFAULT 0,
  `used` int(10) unsigned NOT NULL DEFAULT 0,
  `show_homepage` tinyint(1) NOT NULL DEFAULT 0,
  `status` tinyint(1) NOT NULL DEFAULT 1,
  `created_at` timestamp NULL DEFAULT NULL,
  `updated_at` timestamp NULL DEFAULT NULL,
  PRIMARY KEY (`id`)
) ENGINE=InnoDB AUTO_INCREMENT=16 DEFAULT CHARSET=utf8mb4 COLLATE=utf8mb4_unicode_ci;

-- Dumping data for table topcommerce.coupons: ~15 rows (approximately)
DELETE FROM `coupons`;
INSERT INTO `coupons` (`id`, `author_id`, `coupon_code`, `discount`, `apply_for`, `minimum_spend`, `usage_limit_per_coupon`, `usage_limit_per_customer`, `can_use_with_campaign`, `free_shipping`, `is_percent`, `start_date`, `expired_date`, `is_never_expired`, `used`, `show_homepage`, `status`, `created_at`, `updated_at`) VALUES
	(1, 0, 'KNS79M7', 38.00, 'all', 860.0200, NULL, 2, 1, 0, 1, '2025-08-07 10:57:55', NULL, 1, 84, 1, 1, '2025-08-07 03:49:19', '2025-08-07 04:57:55'),
	(2, 0, '65CC09IZKT', 38.00, 'product', NULL, 52, 9, 0, 1, 1, '2025-06-17 11:26:50', NULL, 1, 85, 1, 1, '2025-08-07 03:49:19', '2025-08-07 03:49:19'),
	(3, 0, 'COE0GOV', 31.00, 'product', 519.2300, 23, 10, 1, 0, 1, '2025-07-15 17:27:17', NULL, 1, 76, 1, 1, '2025-08-07 03:49:19', '2025-08-07 03:49:19'),
	(4, 0, 'X9IXBAF', 39.00, 'category', 365.6200, NULL, 3, 0, 1, 1, '2025-07-18 20:53:45', '2026-03-20 02:50:36', 0, 29, 1, 1, '2025-08-07 03:49:19', '2025-08-07 03:49:19'),
	(5, 0, '0UYQ9SE', 104.35, 'all', NULL, 62, NULL, 1, 0, 0, '2025-04-01 08:25:49', NULL, 1, 75, 1, 1, '2025-08-07 03:49:19', '2025-08-07 03:49:19'),
	(6, 0, 'OVO4ROL65N', 133.07, 'product', 550.2400, 83, 7, 1, 0, 0, '2025-02-25 03:02:00', '2025-07-30 01:31:36', 0, 13, 1, 1, '2025-08-07 03:49:19', '2025-08-07 03:49:19'),
	(7, 0, '5MDMZKM41', 21.00, 'all', 348.2500, NULL, NULL, 1, 1, 1, '2025-05-19 14:25:36', NULL, 1, 11, 1, 1, '2025-08-07 03:49:19', '2025-08-07 03:49:19'),
	(8, 0, '1QW02PE3', 25.00, 'all', 628.1300, NULL, NULL, 0, 0, 1, '2025-07-08 04:01:12', '2025-07-28 00:59:54', 0, 51, 1, 1, '2025-08-07 03:49:19', '2025-08-07 03:49:19'),
	(9, 0, 'JMOHH', 48.83, 'category', NULL, 2, 3, 1, 1, 0, '2025-03-12 07:15:59', '2025-10-01 14:49:58', 0, 22, 1, 1, '2025-08-07 03:49:19', '2025-08-07 03:49:19'),
	(10, 0, 'XOH5H233XG', 43.00, 'all', 63.7100, NULL, NULL, 0, 1, 1, '2025-04-25 15:24:35', NULL, 1, 68, 1, 1, '2025-08-07 03:49:19', '2025-08-07 03:49:19'),
	(11, 0, 'S35JA', 9.00, 'all', 313.8400, NULL, 9, 1, 1, 1, '2025-03-02 17:25:02', NULL, 1, 81, 1, 1, '2025-08-07 03:49:19', '2025-08-07 03:49:19'),
	(12, 0, 'URQLS', 21.17, 'all', 199.6500, 33, NULL, 0, 0, 0, '2025-03-27 04:52:08', NULL, 1, 45, 1, 1, '2025-08-07 03:49:19', '2025-08-07 03:49:19'),
	(13, 0, 'OC6ZODA3', 32.00, 'product', 815.8700, 6, 4, 1, 0, 1, '2025-07-29 18:48:43', '2026-04-10 01:49:58', 0, 66, 1, 1, '2025-08-07 03:49:19', '2025-08-07 03:49:19'),
	(14, 0, 'CJPT4EHV', 1.00, 'category', NULL, 97, NULL, 0, 0, 1, '2025-04-03 19:26:33', NULL, 1, 89, 1, 1, '2025-08-07 03:49:19', '2025-08-07 03:49:19'),
	(15, 0, 'BUTOOHEZ', 25.00, 'category', 750.6700, 43, 4, 0, 0, 1, '2025-06-29 13:45:47', '2026-06-22 18:46:16', 0, 96, 1, 1, '2025-08-07 03:49:19', '2025-08-07 03:49:19');

-- Dumping structure for table topcommerce.coupon_categories
DROP TABLE IF EXISTS `coupon_categories`;
CREATE TABLE IF NOT EXISTS `coupon_categories` (
  `coupon_id` bigint(20) unsigned NOT NULL,
  `category_id` bigint(20) unsigned NOT NULL,
  `exclude` tinyint(1) NOT NULL DEFAULT 0,
  PRIMARY KEY (`coupon_id`,`category_id`,`exclude`),
  KEY `coupon_categories_category_id_foreign` (`category_id`),
  CONSTRAINT `coupon_categories_category_id_foreign` FOREIGN KEY (`category_id`) REFERENCES `categories` (`id`) ON DELETE CASCADE,
  CONSTRAINT `coupon_categories_coupon_id_foreign` FOREIGN KEY (`coupon_id`) REFERENCES `coupons` (`id`) ON DELETE CASCADE
) ENGINE=InnoDB DEFAULT CHARSET=utf8mb4 COLLATE=utf8mb4_unicode_ci;

-- Dumping data for table topcommerce.coupon_categories: ~0 rows (approximately)
DELETE FROM `coupon_categories`;

-- Dumping structure for table topcommerce.coupon_histories
DROP TABLE IF EXISTS `coupon_histories`;
CREATE TABLE IF NOT EXISTS `coupon_histories` (
  `id` bigint(20) unsigned NOT NULL AUTO_INCREMENT,
  `author_id` int(11) DEFAULT 0,
  `user_id` int(11) DEFAULT 0,
  `order_id` bigint(20) unsigned DEFAULT NULL,
  `coupon_code` varchar(255) NOT NULL,
  `coupon_id` int(11) NOT NULL,
  `discount_amount` decimal(8,2) NOT NULL,
  `created_at` timestamp NULL DEFAULT NULL,
  `updated_at` timestamp NULL DEFAULT NULL,
  PRIMARY KEY (`id`)
) ENGINE=InnoDB AUTO_INCREMENT=2 DEFAULT CHARSET=utf8mb4 COLLATE=utf8mb4_unicode_ci;

-- Dumping data for table topcommerce.coupon_histories: ~1 rows (approximately)
DELETE FROM `coupon_histories`;
INSERT INTO `coupon_histories` (`id`, `author_id`, `user_id`, `order_id`, `coupon_code`, `coupon_id`, `discount_amount`, `created_at`, `updated_at`) VALUES
	(1, 0, 1002, 15, 'KNS79M7', 1, 731.39, '2025-08-07 04:57:55', '2025-08-07 04:57:55');

-- Dumping structure for table topcommerce.coupon_products
DROP TABLE IF EXISTS `coupon_products`;
CREATE TABLE IF NOT EXISTS `coupon_products` (
  `coupon_id` bigint(20) unsigned NOT NULL,
  `product_id` bigint(20) unsigned NOT NULL,
  `exclude` tinyint(1) NOT NULL DEFAULT 0,
  PRIMARY KEY (`coupon_id`,`product_id`),
  KEY `coupon_products_product_id_foreign` (`product_id`),
  CONSTRAINT `coupon_products_coupon_id_foreign` FOREIGN KEY (`coupon_id`) REFERENCES `coupons` (`id`) ON DELETE CASCADE,
  CONSTRAINT `coupon_products_product_id_foreign` FOREIGN KEY (`product_id`) REFERENCES `products` (`id`) ON DELETE CASCADE
) ENGINE=InnoDB DEFAULT CHARSET=utf8mb4 COLLATE=utf8mb4_unicode_ci;

-- Dumping data for table topcommerce.coupon_products: ~0 rows (approximately)
DELETE FROM `coupon_products`;

-- Dumping structure for table topcommerce.coupon_translations
DROP TABLE IF EXISTS `coupon_translations`;
CREATE TABLE IF NOT EXISTS `coupon_translations` (
  `id` bigint(20) unsigned NOT NULL AUTO_INCREMENT,
  `coupon_id` bigint(20) unsigned NOT NULL,
  `name` varchar(255) NOT NULL,
  `lang_code` varchar(3) NOT NULL,
  `created_at` timestamp NULL DEFAULT NULL,
  `updated_at` timestamp NULL DEFAULT NULL,
  PRIMARY KEY (`id`)
) ENGINE=InnoDB AUTO_INCREMENT=31 DEFAULT CHARSET=utf8mb4 COLLATE=utf8mb4_unicode_ci;

-- Dumping data for table topcommerce.coupon_translations: ~30 rows (approximately)
DELETE FROM `coupon_translations`;
INSERT INTO `coupon_translations` (`id`, `coupon_id`, `name`, `lang_code`, `created_at`, `updated_at`) VALUES
	(1, 1, 'Incidunt incidunt fugit facere recusandae.', 'en', '2025-08-07 03:49:19', '2025-08-07 03:49:19'),
	(2, 1, 'Repellendus dolores ut earum ipsa voluptas.', 'ar', '2025-08-07 03:49:19', '2025-08-07 03:49:19'),
	(3, 2, 'Eius cum quam tempora blanditiis voluptatum enim quia.', 'en', '2025-08-07 03:49:19', '2025-08-07 03:49:19'),
	(4, 2, 'Quam error quo sit quasi.', 'ar', '2025-08-07 03:49:19', '2025-08-07 03:49:19'),
	(5, 3, 'Necessitatibus laudantium consequatur esse quis sed aut est.', 'en', '2025-08-07 03:49:19', '2025-08-07 03:49:19'),
	(6, 3, 'Rerum perspiciatis quis inventore reiciendis vero.', 'ar', '2025-08-07 03:49:19', '2025-08-07 03:49:19'),
	(7, 4, 'Qui quas voluptatum velit consequatur et.', 'en', '2025-08-07 03:49:19', '2025-08-07 03:49:19'),
	(8, 4, 'Officiis esse ipsa asperiores placeat omnis nam.', 'ar', '2025-08-07 03:49:19', '2025-08-07 03:49:19'),
	(9, 5, 'Quod labore sunt provident reprehenderit est animi.', 'en', '2025-08-07 03:49:19', '2025-08-07 03:49:19'),
	(10, 5, 'Quaerat dolor et et blanditiis.', 'ar', '2025-08-07 03:49:19', '2025-08-07 03:49:19'),
	(11, 6, 'Repellat ut iste eaque architecto.', 'en', '2025-08-07 03:49:19', '2025-08-07 03:49:19'),
	(12, 6, 'Quis esse amet quia earum eligendi fuga et.', 'ar', '2025-08-07 03:49:19', '2025-08-07 03:49:19'),
	(13, 7, 'Nihil reprehenderit laudantium illum enim eum fugit sunt.', 'en', '2025-08-07 03:49:19', '2025-08-07 03:49:19'),
	(14, 7, 'Sunt vero ut quibusdam corrupti numquam eveniet odit.', 'ar', '2025-08-07 03:49:19', '2025-08-07 03:49:19'),
	(15, 8, 'Autem nostrum molestiae repellendus reprehenderit excepturi modi.', 'en', '2025-08-07 03:49:19', '2025-08-07 03:49:19'),
	(16, 8, 'Sint iure error nisi qui ut.', 'ar', '2025-08-07 03:49:19', '2025-08-07 03:49:19'),
	(17, 9, 'Ducimus vel distinctio magnam voluptas quis voluptate ad.', 'en', '2025-08-07 03:49:19', '2025-08-07 03:49:19'),
	(18, 9, 'Ut aut perferendis pariatur sequi quis aliquid eaque.', 'ar', '2025-08-07 03:49:19', '2025-08-07 03:49:19'),
	(19, 10, 'Magni qui quaerat ut totam ut ut voluptatem.', 'en', '2025-08-07 03:49:19', '2025-08-07 03:49:19'),
	(20, 10, 'Aut adipisci aperiam reprehenderit natus illum sit ut.', 'ar', '2025-08-07 03:49:19', '2025-08-07 03:49:19'),
	(21, 11, 'Qui delectus provident omnis fugiat delectus cupiditate harum facilis.', 'en', '2025-08-07 03:49:19', '2025-08-07 03:49:19'),
	(22, 11, 'Quo id quis aliquid ut nostrum sunt ea sapiente.', 'ar', '2025-08-07 03:49:19', '2025-08-07 03:49:19'),
	(23, 12, 'Ut modi sint et voluptatem nemo consequatur quo.', 'en', '2025-08-07 03:49:19', '2025-08-07 03:49:19'),
	(24, 12, 'Non totam harum quia molestiae nihil qui.', 'ar', '2025-08-07 03:49:19', '2025-08-07 03:49:19'),
	(25, 13, 'Est ducimus explicabo dolorum et in.', 'en', '2025-08-07 03:49:19', '2025-08-07 03:49:19'),
	(26, 13, 'Ipsa dolorum omnis vitae cupiditate nulla explicabo consequatur.', 'ar', '2025-08-07 03:49:19', '2025-08-07 03:49:19'),
	(27, 14, 'Velit quos ut sed voluptates libero ducimus repudiandae.', 'en', '2025-08-07 03:49:19', '2025-08-07 03:49:19'),
	(28, 14, 'Aut labore dolorum voluptas et inventore veniam.', 'ar', '2025-08-07 03:49:19', '2025-08-07 03:49:19'),
	(29, 15, 'Aut pariatur dignissimos officiis eum nemo laboriosam natus.', 'en', '2025-08-07 03:49:19', '2025-08-07 03:49:19'),
	(30, 15, 'Qui odit impedit at dicta quas veniam aut ipsam.', 'ar', '2025-08-07 03:49:19', '2025-08-07 03:49:19');

-- Dumping structure for table topcommerce.cross_sell_products
DROP TABLE IF EXISTS `cross_sell_products`;
CREATE TABLE IF NOT EXISTS `cross_sell_products` (
  `product_id` bigint(20) unsigned NOT NULL,
  `cross_sell_product_id` bigint(20) unsigned NOT NULL,
  PRIMARY KEY (`product_id`,`cross_sell_product_id`),
  KEY `cross_sell_products_cross_sell_product_id_foreign` (`cross_sell_product_id`),
  CONSTRAINT `cross_sell_products_cross_sell_product_id_foreign` FOREIGN KEY (`cross_sell_product_id`) REFERENCES `products` (`id`) ON DELETE CASCADE,
  CONSTRAINT `cross_sell_products_product_id_foreign` FOREIGN KEY (`product_id`) REFERENCES `products` (`id`) ON DELETE CASCADE
) ENGINE=InnoDB DEFAULT CHARSET=utf8mb4 COLLATE=utf8mb4_unicode_ci;

-- Dumping data for table topcommerce.cross_sell_products: ~0 rows (approximately)
DELETE FROM `cross_sell_products`;

-- Dumping structure for table topcommerce.customizable_page_translations
DROP TABLE IF EXISTS `customizable_page_translations`;
CREATE TABLE IF NOT EXISTS `customizable_page_translations` (
  `id` bigint(20) unsigned NOT NULL AUTO_INCREMENT,
  `customizeable_page_id` bigint(20) unsigned NOT NULL,
  `lang_code` varchar(255) NOT NULL,
  `title` varchar(255) NOT NULL,
  `description` longtext DEFAULT NULL,
  `created_at` timestamp NULL DEFAULT NULL,
  `updated_at` timestamp NULL DEFAULT NULL,
  PRIMARY KEY (`id`),
  KEY `customizable_page_translations_customizeable_page_id_index` (`customizeable_page_id`),
  KEY `customizable_page_translations_lang_code_index` (`lang_code`)
) ENGINE=InnoDB AUTO_INCREMENT=11 DEFAULT CHARSET=utf8mb4 COLLATE=utf8mb4_unicode_ci;

-- Dumping data for table topcommerce.customizable_page_translations: ~10 rows (approximately)
DELETE FROM `customizable_page_translations`;
INSERT INTO `customizable_page_translations` (`id`, `customizeable_page_id`, `lang_code`, `title`, `description`, `created_at`, `updated_at`) VALUES
	(1, 1, 'en', 'Terms & Conditions', '<h3 class="title">Who we are</h3>\n                    <p><b>Suggested text:</b> Our website address is: https://yourwebsite.com</p>\n                    <h3 class="title">Comments</h3>\n                    <p><b>Suggested text:</b> When visitors leave comments on the site we collect the data shown\n                        in the comments form, and also the visitors IP address and browser user agent string to\n                        help spam detection.</p>\n                    <p>An anonymized string created from your email address (also called a hash) may be provided\n                        to the Gravatar service to see if you are using it. The Gravatar service privacy policy\n                        is available here: https://automattic.com/privacy/. After approval of your comment, your\n                        profile picture is visible to the public in the context of your comment.</p>\n                    <h3 class="title">Media</h3>\n                    <p><b>Suggested text:</b> If you upload images to the website, you should avoid uploading\n                        images with embedded location data (EXIF GPS) included. Visitors to the website can\n                        download and extract any location data from images on the website.</p>\n                    <h3 class="title">Cookies</h3>\n                    <p><b>Suggested text:</b> If you leave a comment on our site you may opt-in to saving your\n                        name, email address and website in\n                        cookies. These are for your convenience so that you do not have to fill in your details\n                        again when you leave another\n                        comment. These cookies will last for one year.</p>\n                    <p>If you visit our login page, we will set a temporary cookie to determine if your browser\n                        accepts cookies. This cookie\n                        contains no personal data and is discarded when you close your browser.</p>\n                    <p>When you log in, we will also set up several cookies to save your login information and\n                        your screen display choices.\n                        Login cookies last for two days, and screen options cookies last for a year. If you\n                        select "Remember Me", your login\n                        will persist for two weeks. If you log out of your account, the login cookies will be\n                        removed.</p>\n                    <p>If you edit or publish an article, an additional cookie will be saved in your browser.\n                        This cookie includes no personal\n                        data and simply indicates the post ID of the article you just edited. It expires after 1\n                        day.</p>\n                    <h3 class="title">Embedded content from other websites</h3>\n                    <p><b>Suggested text:</b> Articles on this site may include embedded content (e.g. videos,\n                        images, articles, etc.). Embedded\n                        content from other websites behaves in the exact same way as if the visitor has visited\n                        the other website.</p>\n                    <p>These websites may collect data about you, use cookies, embed additional third-party\n                        tracking, and monitor your\n                        interaction with that embedded content, including tracking your interaction with the\n                        embedded content if you have an\n                        account and are logged in to that website.</p>\n                    <p>For users that register on our website (if any), we also store the personal information\n                        they provide in their user\n                        profile. All users can see, edit, or delete their personal information at any time\n                        (except they cannot change their\n                        username). Website administrators can also see and edit that information. browser user\n                        agent string to help spam detection.</p>', '2025-08-07 03:49:19', '2025-08-07 03:49:19'),
	(2, 1, 'ar', 'Terms & Conditions', '<h3 class="title">Who we are</h3>\n                    <p><b>Suggested text:</b> Our website address is: https://yourwebsite.com</p>\n                    <h3 class="title">Comments</h3>\n                    <p><b>Suggested text:</b> When visitors leave comments on the site we collect the data shown\n                        in the comments form, and also the visitors IP address and browser user agent string to\n                        help spam detection.</p>\n                    <p>An anonymized string created from your email address (also called a hash) may be provided\n                        to the Gravatar service to see if you are using it. The Gravatar service privacy policy\n                        is available here: https://automattic.com/privacy/. After approval of your comment, your\n                        profile picture is visible to the public in the context of your comment.</p>\n                    <h3 class="title">Media</h3>\n                    <p><b>Suggested text:</b> If you upload images to the website, you should avoid uploading\n                        images with embedded location data (EXIF GPS) included. Visitors to the website can\n                        download and extract any location data from images on the website.</p>\n                    <h3 class="title">Cookies</h3>\n                    <p><b>Suggested text:</b> If you leave a comment on our site you may opt-in to saving your\n                        name, email address and website in\n                        cookies. These are for your convenience so that you do not have to fill in your details\n                        again when you leave another\n                        comment. These cookies will last for one year.</p>\n                    <p>If you visit our login page, we will set a temporary cookie to determine if your browser\n                        accepts cookies. This cookie\n                        contains no personal data and is discarded when you close your browser.</p>\n                    <p>When you log in, we will also set up several cookies to save your login information and\n                        your screen display choices.\n                        Login cookies last for two days, and screen options cookies last for a year. If you\n                        select "Remember Me", your login\n                        will persist for two weeks. If you log out of your account, the login cookies will be\n                        removed.</p>\n                    <p>If you edit or publish an article, an additional cookie will be saved in your browser.\n                        This cookie includes no personal\n                        data and simply indicates the post ID of the article you just edited. It expires after 1\n                        day.</p>\n                    <h3 class="title">Embedded content from other websites</h3>\n                    <p><b>Suggested text:</b> Articles on this site may include embedded content (e.g. videos,\n                        images, articles, etc.). Embedded\n                        content from other websites behaves in the exact same way as if the visitor has visited\n                        the other website.</p>\n                    <p>These websites may collect data about you, use cookies, embed additional third-party\n                        tracking, and monitor your\n                        interaction with that embedded content, including tracking your interaction with the\n                        embedded content if you have an\n                        account and are logged in to that website.</p>\n                    <p>For users that register on our website (if any), we also store the personal information\n                        they provide in their user\n                        profile. All users can see, edit, or delete their personal information at any time\n                        (except they cannot change their\n                        username). Website administrators can also see and edit that information. browser user\n                        agent string to help spam detection.</p>', '2025-08-07 03:49:19', '2025-08-07 03:49:19'),
	(3, 2, 'en', 'Privacy Policy', '<h3 class="title">Who we are</h3>\n                    <p><b>Suggested text:</b> Our website address is: https://yourwebsite.com</p>\n                    <h3 class="title">Comments</h3>\n                    <p><b>Suggested text:</b> When visitors leave comments on the site we collect the data shown\n                        in the comments form, and also the visitors IP address and browser user agent string to\n                        help spam detection.</p>\n                    <p>An anonymized string created from your email address (also called a hash) may be provided\n                        to the Gravatar service to see if you are using it. The Gravatar service privacy policy\n                        is available here: https://automattic.com/privacy/. After approval of your comment, your\n                        profile picture is visible to the public in the context of your comment.</p>\n                    <h3 class="title">Media</h3>\n                    <p><b>Suggested text:</b> If you upload images to the website, you should avoid uploading\n                        images with embedded location data (EXIF GPS) included. Visitors to the website can\n                        download and extract any location data from images on the website.</p>\n                    <h3 class="title">Cookies</h3>\n                    <p><b>Suggested text:</b> If you leave a comment on our site you may opt-in to saving your\n                        name, email address and website in\n                        cookies. These are for your convenience so that you do not have to fill in your details\n                        again when you leave another\n                        comment. These cookies will last for one year.</p>\n                    <p>If you visit our login page, we will set a temporary cookie to determine if your browser\n                        accepts cookies. This cookie\n                        contains no personal data and is discarded when you close your browser.</p>\n                    <p>When you log in, we will also set up several cookies to save your login information and\n                        your screen display choices.\n                        Login cookies last for two days, and screen options cookies last for a year. If you\n                        select "Remember Me", your login\n                        will persist for two weeks. If you log out of your account, the login cookies will be\n                        removed.</p>\n                    <p>If you edit or publish an article, an additional cookie will be saved in your browser.\n                        This cookie includes no personal\n                        data and simply indicates the post ID of the article you just edited. It expires after 1\n                        day.</p>\n                    <h3 class="title">Embedded content from other websites</h3>\n                    <p><b>Suggested text:</b> Articles on this site may include embedded content (e.g. videos,\n                        images, articles, etc.). Embedded\n                        content from other websites behaves in the exact same way as if the visitor has visited\n                        the other website.</p>\n                    <p>These websites may collect data about you, use cookies, embed additional third-party\n                        tracking, and monitor your\n                        interaction with that embedded content, including tracking your interaction with the\n                        embedded content if you have an\n                        account and are logged in to that website.</p>\n                    <p>For users that register on our website (if any), we also store the personal information\n                        they provide in their user\n                        profile. All users can see, edit, or delete their personal information at any time\n                        (except they cannot change their\n                        username). Website administrators can also see and edit that information. browser user\n                        agent string to help spam detection.</p>', '2025-08-07 03:49:19', '2025-08-07 03:49:19'),
	(4, 2, 'ar', 'Privacy Policy', '<h3 class="title">Who we are</h3>\n                    <p><b>Suggested text:</b> Our website address is: https://yourwebsite.com</p>\n                    <h3 class="title">Comments</h3>\n                    <p><b>Suggested text:</b> When visitors leave comments on the site we collect the data shown\n                        in the comments form, and also the visitors IP address and browser user agent string to\n                        help spam detection.</p>\n                    <p>An anonymized string created from your email address (also called a hash) may be provided\n                        to the Gravatar service to see if you are using it. The Gravatar service privacy policy\n                        is available here: https://automattic.com/privacy/. After approval of your comment, your\n                        profile picture is visible to the public in the context of your comment.</p>\n                    <h3 class="title">Media</h3>\n                    <p><b>Suggested text:</b> If you upload images to the website, you should avoid uploading\n                        images with embedded location data (EXIF GPS) included. Visitors to the website can\n                        download and extract any location data from images on the website.</p>\n                    <h3 class="title">Cookies</h3>\n                    <p><b>Suggested text:</b> If you leave a comment on our site you may opt-in to saving your\n                        name, email address and website in\n                        cookies. These are for your convenience so that you do not have to fill in your details\n                        again when you leave another\n                        comment. These cookies will last for one year.</p>\n                    <p>If you visit our login page, we will set a temporary cookie to determine if your browser\n                        accepts cookies. This cookie\n                        contains no personal data and is discarded when you close your browser.</p>\n                    <p>When you log in, we will also set up several cookies to save your login information and\n                        your screen display choices.\n                        Login cookies last for two days, and screen options cookies last for a year. If you\n                        select "Remember Me", your login\n                        will persist for two weeks. If you log out of your account, the login cookies will be\n                        removed.</p>\n                    <p>If you edit or publish an article, an additional cookie will be saved in your browser.\n                        This cookie includes no personal\n                        data and simply indicates the post ID of the article you just edited. It expires after 1\n                        day.</p>\n                    <h3 class="title">Embedded content from other websites</h3>\n                    <p><b>Suggested text:</b> Articles on this site may include embedded content (e.g. videos,\n                        images, articles, etc.). Embedded\n                        content from other websites behaves in the exact same way as if the visitor has visited\n                        the other website.</p>\n                    <p>These websites may collect data about you, use cookies, embed additional third-party\n                        tracking, and monitor your\n                        interaction with that embedded content, including tracking your interaction with the\n                        embedded content if you have an\n                        account and are logged in to that website.</p>\n                    <p>For users that register on our website (if any), we also store the personal information\n                        they provide in their user\n                        profile. All users can see, edit, or delete their personal information at any time\n                        (except they cannot change their\n                        username). Website administrators can also see and edit that information. browser user\n                        agent string to help spam detection.</p>', '2025-08-07 03:49:19', '2025-08-07 03:49:19'),
	(5, 3, 'en', 'Return Policy', '<h3 class="title">Who we are</h3>\n                    <p><b>Suggested text:</b> Our website address is: https://yourwebsite.com</p>\n                    <h3 class="title">Comments</h3>\n                    <p><b>Suggested text:</b> When visitors leave comments on the site we collect the data shown\n                        in the comments form, and also the visitors IP address and browser user agent string to\n                        help spam detection.</p>\n                    <p>An anonymized string created from your email address (also called a hash) may be provided\n                        to the Gravatar service to see if you are using it. The Gravatar service privacy policy\n                        is available here: https://automattic.com/privacy/. After approval of your comment, your\n                        profile picture is visible to the public in the context of your comment.</p>\n                    <h3 class="title">Media</h3>\n                    <p><b>Suggested text:</b> If you upload images to the website, you should avoid uploading\n                        images with embedded location data (EXIF GPS) included. Visitors to the website can\n                        download and extract any location data from images on the website.</p>\n                    <h3 class="title">Cookies</h3>\n                    <p><b>Suggested text:</b> If you leave a comment on our site you may opt-in to saving your\n                        name, email address and website in\n                        cookies. These are for your convenience so that you do not have to fill in your details\n                        again when you leave another\n                        comment. These cookies will last for one year.</p>\n                    <p>If you visit our login page, we will set a temporary cookie to determine if your browser\n                        accepts cookies. This cookie\n                        contains no personal data and is discarded when you close your browser.</p>\n                    <p>When you log in, we will also set up several cookies to save your login information and\n                        your screen display choices.\n                        Login cookies last for two days, and screen options cookies last for a year. If you\n                        select "Remember Me", your login\n                        will persist for two weeks. If you log out of your account, the login cookies will be\n                        removed.</p>\n                    <p>If you edit or publish an article, an additional cookie will be saved in your browser.\n                        This cookie includes no personal\n                        data and simply indicates the post ID of the article you just edited. It expires after 1\n                        day.</p>\n                    <h3 class="title">Embedded content from other websites</h3>\n                    <p><b>Suggested text:</b> Articles on this site may include embedded content (e.g. videos,\n                        images, articles, etc.). Embedded\n                        content from other websites behaves in the exact same way as if the visitor has visited\n                        the other website.</p>\n                    <p>These websites may collect data about you, use cookies, embed additional third-party\n                        tracking, and monitor your\n                        interaction with that embedded content, including tracking your interaction with the\n                        embedded content if you have an\n                        account and are logged in to that website.</p>\n                    <p>For users that register on our website (if any), we also store the personal information\n                        they provide in their user\n                        profile. All users can see, edit, or delete their personal information at any time\n                        (except they cannot change their\n                        username). Website administrators can also see and edit that information. browser user\n                        agent string to help spam detection.</p>', '2025-08-07 03:49:19', '2025-08-07 03:49:19'),
	(6, 3, 'ar', 'Return Policy', '<h3 class="title">Who we are</h3>\n                    <p><b>Suggested text:</b> Our website address is: https://yourwebsite.com</p>\n                    <h3 class="title">Comments</h3>\n                    <p><b>Suggested text:</b> When visitors leave comments on the site we collect the data shown\n                        in the comments form, and also the visitors IP address and browser user agent string to\n                        help spam detection.</p>\n                    <p>An anonymized string created from your email address (also called a hash) may be provided\n                        to the Gravatar service to see if you are using it. The Gravatar service privacy policy\n                        is available here: https://automattic.com/privacy/. After approval of your comment, your\n                        profile picture is visible to the public in the context of your comment.</p>\n                    <h3 class="title">Media</h3>\n                    <p><b>Suggested text:</b> If you upload images to the website, you should avoid uploading\n                        images with embedded location data (EXIF GPS) included. Visitors to the website can\n                        download and extract any location data from images on the website.</p>\n                    <h3 class="title">Cookies</h3>\n                    <p><b>Suggested text:</b> If you leave a comment on our site you may opt-in to saving your\n                        name, email address and website in\n                        cookies. These are for your convenience so that you do not have to fill in your details\n                        again when you leave another\n                        comment. These cookies will last for one year.</p>\n                    <p>If you visit our login page, we will set a temporary cookie to determine if your browser\n                        accepts cookies. This cookie\n                        contains no personal data and is discarded when you close your browser.</p>\n                    <p>When you log in, we will also set up several cookies to save your login information and\n                        your screen display choices.\n                        Login cookies last for two days, and screen options cookies last for a year. If you\n                        select "Remember Me", your login\n                        will persist for two weeks. If you log out of your account, the login cookies will be\n                        removed.</p>\n                    <p>If you edit or publish an article, an additional cookie will be saved in your browser.\n                        This cookie includes no personal\n                        data and simply indicates the post ID of the article you just edited. It expires after 1\n                        day.</p>\n                    <h3 class="title">Embedded content from other websites</h3>\n                    <p><b>Suggested text:</b> Articles on this site may include embedded content (e.g. videos,\n                        images, articles, etc.). Embedded\n                        content from other websites behaves in the exact same way as if the visitor has visited\n                        the other website.</p>\n                    <p>These websites may collect data about you, use cookies, embed additional third-party\n                        tracking, and monitor your\n                        interaction with that embedded content, including tracking your interaction with the\n                        embedded content if you have an\n                        account and are logged in to that website.</p>\n                    <p>For users that register on our website (if any), we also store the personal information\n                        they provide in their user\n                        profile. All users can see, edit, or delete their personal information at any time\n                        (except they cannot change their\n                        username). Website administrators can also see and edit that information. browser user\n                        agent string to help spam detection.</p>', '2025-08-07 03:49:19', '2025-08-07 03:49:19'),
	(7, 4, 'en', 'Join a seller', '<h3>Become an seller</h3>\n                        <p>It is a long established fact that a reader will be distracted by the readable content of a\n                            page when looking at its layout. The point of using Lorem Ipsum is that it has a\n                            more-or-less normal distribution of letters, as opposed to using \'Content here, content\n                            here, making it look like readable English.</p>\n\n                        <p>Nemo enim ipsam voluptatem quia voluptas sit aspernatur aut odit aut fugit, sed quia\n                            consequuntur magni dolores eos qui ratione voluptatem sequi nesciunt. Neque porro quisquam\n                            est, qui dolorem ipsum quia dolor sit amet, consectetur, adipisci velit, sed quia non\n                            numquam eius modi tempora incidunt ut labore.</p>\n\n                        <h3>Seller Rules</h3>\n                        <p>Nemo enim ipsam voluptatem quia voluptas sit aspernatur aut odit aut fugit, sed quia\n                            consequuntur magni dolores eos qui ratione voluptatem sequi nesciunt. Neque porro quisquam\n                            est, qui dolorem ipsum quia dolor sit amet, consectetur, adipisci velit, sed quia non\n                            numquam eius modi tempora incidunt ut labore.</p>\n                        <ul>\n                            <li>Basic knowledge and detailed understanding of CSS3 to create.</li>\n                            <li>Details Idea about HTMLS, Creating Basic Web Pages using HTMLS</li>\n                            <li>Web Page Layout Design and Slider Creation</li>\n                            <li>Image Insert method af web site</li>\n                            <li>Creating Styling Web Pages Using CSS3</li>\n                        </ul>\n                        <h3>Start With Courses</h3>\n                        <p>Nemo enim ipsam voluptatem quia voluptas sit aspernatur aut odit aut fugit, sed quia\n                            consequuntur magni dolores eos qui ratione voluptatem sequi nesciunt. Neque porro quisquam\n                            est, qui dolorem ipsum quia dolor sit amet, consectetur, adipisci velit, sed quia non\n                            numquam eius modi tempora incidunt ut labore.</p>\n                        <ul>\n                            <li>Basic knowledge and detailed understanding of CSS3 to create.</li>\n                            <li>Details Idea about HTMLS, Creating Basic Web Pages using HTMLS</li>\n                            <li>Basic knowledge and detailed understanding of CSS3 to create.</li>\n                            <li>Web Page Layout Design and Slider Creation</li>\n                        </ul>\n                        <p>Nemo enim ipsam voluptatem quia voluptas sit aspernatur aut odit aut fugit, sed quia\n                            consequuntur magni dolores eos qui ratione voluptatem sequi nesciunt.</p>\n                        <h3>vendor Rules</h3>\n                        <p>Nemo enim ipsam voluptatem quia voluptas sit aspernatur aut odit aut fugit, sed quia\n                            consequuntur magni dolores eos qui ratione voluptatem sequi nesciunt. Neque porro quisquam\n                            est, qui dolorem ipsum quia dolor sit amet, consectetur, adipisci velit, sed quia non\n                            numquam eius modi tempora incidunt ut labore.</p>\n                        <ul>\n                            <li>Basic knowledge and detailed understanding of CSS3 to create.</li>\n                            <li>Details Idea about HTMLS, Creating Basic Web Pages using HTMLS</li>\n                            <li>Web Page Layout Design and Slider Creation</li>\n                            <li>Image Insert method af web site</li>\n                            <li>Creating Styling Web Pages Using CSS3</li>\n                        </ul>\n                        <h3>Start With Products</h3>\n                        <p>Nemo enim ipsam voluptatem quia voluptas sit aspernatur aut odit aut fugit, sed quia\n                            consequuntur magni dolores eos qui ratione voluptatem sequi nesciunt. Neque porro quisquam\n                            est, qui dolorem ipsum quia dolor sit amet, consectetur, adipisci velit, sed quia non\n                            numquam eius modi tempora incidunt ut labore.</p>\n                        <ul>\n                            <li>Basic knowledge and detailed understanding of CSS3 to create.</li>\n                            <li>Details Idea about HTMLS, Creating Basic Web Pages using HTMLS</li>\n                            <li>Basic knowledge and detailed understanding of CSS3 to create.</li>\n                            <li>Web Page Layout Design and Slider Creation</li>\n                        </ul>\n                        <p>Nemo enim ipsam voluptatem quia voluptas sit aspernatur aut odit aut fugit, sed quia\n                            consequuntur magni dolores eos qui ratione voluptatem sequi nesciunt.</p>', '2025-08-07 03:49:19', '2025-08-07 03:49:19'),
	(8, 4, 'ar', 'Join a seller', '<h3>Become an seller</h3>\n                        <p>It is a long established fact that a reader will be distracted by the readable content of a\n                            page when looking at its layout. The point of using Lorem Ipsum is that it has a\n                            more-or-less normal distribution of letters, as opposed to using \'Content here, content\n                            here, making it look like readable English.</p>\n\n                        <p>Nemo enim ipsam voluptatem quia voluptas sit aspernatur aut odit aut fugit, sed quia\n                            consequuntur magni dolores eos qui ratione voluptatem sequi nesciunt. Neque porro quisquam\n                            est, qui dolorem ipsum quia dolor sit amet, consectetur, adipisci velit, sed quia non\n                            numquam eius modi tempora incidunt ut labore.</p>\n\n                        <h3>Seller Rules</h3>\n                        <p>Nemo enim ipsam voluptatem quia voluptas sit aspernatur aut odit aut fugit, sed quia\n                            consequuntur magni dolores eos qui ratione voluptatem sequi nesciunt. Neque porro quisquam\n                            est, qui dolorem ipsum quia dolor sit amet, consectetur, adipisci velit, sed quia non\n                            numquam eius modi tempora incidunt ut labore.</p>\n                        <ul>\n                            <li>Basic knowledge and detailed understanding of CSS3 to create.</li>\n                            <li>Details Idea about HTMLS, Creating Basic Web Pages using HTMLS</li>\n                            <li>Web Page Layout Design and Slider Creation</li>\n                            <li>Image Insert method af web site</li>\n                            <li>Creating Styling Web Pages Using CSS3</li>\n                        </ul>\n                        <h3>Start With Courses</h3>\n                        <p>Nemo enim ipsam voluptatem quia voluptas sit aspernatur aut odit aut fugit, sed quia\n                            consequuntur magni dolores eos qui ratione voluptatem sequi nesciunt. Neque porro quisquam\n                            est, qui dolorem ipsum quia dolor sit amet, consectetur, adipisci velit, sed quia non\n                            numquam eius modi tempora incidunt ut labore.</p>\n                        <ul>\n                            <li>Basic knowledge and detailed understanding of CSS3 to create.</li>\n                            <li>Details Idea about HTMLS, Creating Basic Web Pages using HTMLS</li>\n                            <li>Basic knowledge and detailed understanding of CSS3 to create.</li>\n                            <li>Web Page Layout Design and Slider Creation</li>\n                        </ul>\n                        <p>Nemo enim ipsam voluptatem quia voluptas sit aspernatur aut odit aut fugit, sed quia\n                            consequuntur magni dolores eos qui ratione voluptatem sequi nesciunt.</p>\n                        <h3>vendor Rules</h3>\n                        <p>Nemo enim ipsam voluptatem quia voluptas sit aspernatur aut odit aut fugit, sed quia\n                            consequuntur magni dolores eos qui ratione voluptatem sequi nesciunt. Neque porro quisquam\n                            est, qui dolorem ipsum quia dolor sit amet, consectetur, adipisci velit, sed quia non\n                            numquam eius modi tempora incidunt ut labore.</p>\n                        <ul>\n                            <li>Basic knowledge and detailed understanding of CSS3 to create.</li>\n                            <li>Details Idea about HTMLS, Creating Basic Web Pages using HTMLS</li>\n                            <li>Web Page Layout Design and Slider Creation</li>\n                            <li>Image Insert method af web site</li>\n                            <li>Creating Styling Web Pages Using CSS3</li>\n                        </ul>\n                        <h3>Start With Products</h3>\n                        <p>Nemo enim ipsam voluptatem quia voluptas sit aspernatur aut odit aut fugit, sed quia\n                            consequuntur magni dolores eos qui ratione voluptatem sequi nesciunt. Neque porro quisquam\n                            est, qui dolorem ipsum quia dolor sit amet, consectetur, adipisci velit, sed quia non\n                            numquam eius modi tempora incidunt ut labore.</p>\n                        <ul>\n                            <li>Basic knowledge and detailed understanding of CSS3 to create.</li>\n                            <li>Details Idea about HTMLS, Creating Basic Web Pages using HTMLS</li>\n                            <li>Basic knowledge and detailed understanding of CSS3 to create.</li>\n                            <li>Web Page Layout Design and Slider Creation</li>\n                        </ul>\n                        <p>Nemo enim ipsam voluptatem quia voluptas sit aspernatur aut odit aut fugit, sed quia\n                            consequuntur magni dolores eos qui ratione voluptatem sequi nesciunt.</p>', '2025-08-07 03:49:19', '2025-08-07 03:49:19'),
	(9, 5, 'en', 'Example Page', '<h3 class="title">Who we are</h3>\n                    <p><b>Suggested text:</b> Our website address is: https://yourwebsite.com</p>\n                    <h3 class="title">Comments</h3>\n                    <p><b>Suggested text:</b> When visitors leave comments on the site we collect the data shown\n                        in the comments form, and also the visitors IP address and browser user agent string to\n                        help spam detection.</p>\n                    <p>An anonymized string created from your email address (also called a hash) may be provided\n                        to the Gravatar service to see if you are using it. The Gravatar service privacy policy\n                        is available here: https://automattic.com/privacy/. After approval of your comment, your\n                        profile picture is visible to the public in the context of your comment.</p>\n                    <h3 class="title">Media</h3>\n                    <p><b>Suggested text:</b> If you upload images to the website, you should avoid uploading\n                        images with embedded location data (EXIF GPS) included. Visitors to the website can\n                        download and extract any location data from images on the website.</p>\n                    <h3 class="title">Cookies</h3>\n                    <p><b>Suggested text:</b> If you leave a comment on our site you may opt-in to saving your\n                        name, email address and website in\n                        cookies. These are for your convenience so that you do not have to fill in your details\n                        again when you leave another\n                        comment. These cookies will last for one year.</p>\n                    <p>If you visit our login page, we will set a temporary cookie to determine if your browser\n                        accepts cookies. This cookie\n                        contains no personal data and is discarded when you close your browser.</p>\n                    <p>When you log in, we will also set up several cookies to save your login information and\n                        your screen display choices.\n                        Login cookies last for two days, and screen options cookies last for a year. If you\n                        select "Remember Me", your login\n                        will persist for two weeks. If you log out of your account, the login cookies will be\n                        removed.</p>\n                    <p>If you edit or publish an article, an additional cookie will be saved in your browser.\n                        This cookie includes no personal\n                        data and simply indicates the post ID of the article you just edited. It expires after 1\n                        day.</p>\n                    <h3 class="title">Embedded content from other websites</h3>\n                    <p><b>Suggested text:</b> Articles on this site may include embedded content (e.g. videos,\n                        images, articles, etc.). Embedded\n                        content from other websites behaves in the exact same way as if the visitor has visited\n                        the other website.</p>\n                    <p>These websites may collect data about you, use cookies, embed additional third-party\n                        tracking, and monitor your\n                        interaction with that embedded content, including tracking your interaction with the\n                        embedded content if you have an\n                        account and are logged in to that website.</p>\n                    <p>For users that register on our website (if any), we also store the personal information\n                        they provide in their user\n                        profile. All users can see, edit, or delete their personal information at any time\n                        (except they cannot change their\n                        username). Website administrators can also see and edit that information. browser user\n                        agent string to help spam detection.</p>', '2025-08-07 03:49:19', '2025-08-07 03:49:19'),
	(10, 5, 'ar', 'Example Page', '<h3 class="title">Who we are</h3>\n                    <p><b>Suggested text:</b> Our website address is: https://yourwebsite.com</p>\n                    <h3 class="title">Comments</h3>\n                    <p><b>Suggested text:</b> When visitors leave comments on the site we collect the data shown\n                        in the comments form, and also the visitors IP address and browser user agent string to\n                        help spam detection.</p>\n                    <p>An anonymized string created from your email address (also called a hash) may be provided\n                        to the Gravatar service to see if you are using it. The Gravatar service privacy policy\n                        is available here: https://automattic.com/privacy/. After approval of your comment, your\n                        profile picture is visible to the public in the context of your comment.</p>\n                    <h3 class="title">Media</h3>\n                    <p><b>Suggested text:</b> If you upload images to the website, you should avoid uploading\n                        images with embedded location data (EXIF GPS) included. Visitors to the website can\n                        download and extract any location data from images on the website.</p>\n                    <h3 class="title">Cookies</h3>\n                    <p><b>Suggested text:</b> If you leave a comment on our site you may opt-in to saving your\n                        name, email address and website in\n                        cookies. These are for your convenience so that you do not have to fill in your details\n                        again when you leave another\n                        comment. These cookies will last for one year.</p>\n                    <p>If you visit our login page, we will set a temporary cookie to determine if your browser\n                        accepts cookies. This cookie\n                        contains no personal data and is discarded when you close your browser.</p>\n                    <p>When you log in, we will also set up several cookies to save your login information and\n                        your screen display choices.\n                        Login cookies last for two days, and screen options cookies last for a year. If you\n                        select "Remember Me", your login\n                        will persist for two weeks. If you log out of your account, the login cookies will be\n                        removed.</p>\n                    <p>If you edit or publish an article, an additional cookie will be saved in your browser.\n                        This cookie includes no personal\n                        data and simply indicates the post ID of the article you just edited. It expires after 1\n                        day.</p>\n                    <h3 class="title">Embedded content from other websites</h3>\n                    <p><b>Suggested text:</b> Articles on this site may include embedded content (e.g. videos,\n                        images, articles, etc.). Embedded\n                        content from other websites behaves in the exact same way as if the visitor has visited\n                        the other website.</p>\n                    <p>These websites may collect data about you, use cookies, embed additional third-party\n                        tracking, and monitor your\n                        interaction with that embedded content, including tracking your interaction with the\n                        embedded content if you have an\n                        account and are logged in to that website.</p>\n                    <p>For users that register on our website (if any), we also store the personal information\n                        they provide in their user\n                        profile. All users can see, edit, or delete their personal information at any time\n                        (except they cannot change their\n                        username). Website administrators can also see and edit that information. browser user\n                        agent string to help spam detection.</p>', '2025-08-07 03:49:19', '2025-08-07 03:49:19');

-- Dumping structure for table topcommerce.customizeable_pages
DROP TABLE IF EXISTS `customizeable_pages`;
CREATE TABLE IF NOT EXISTS `customizeable_pages` (
  `id` bigint(20) unsigned NOT NULL AUTO_INCREMENT,
  `slug` varchar(255) NOT NULL,
  `icon` varchar(255) DEFAULT NULL,
  `status` tinyint(1) NOT NULL DEFAULT 1,
  `created_at` timestamp NULL DEFAULT NULL,
  `updated_at` timestamp NULL DEFAULT NULL,
  PRIMARY KEY (`id`),
  UNIQUE KEY `customizeable_pages_slug_unique` (`slug`)
) ENGINE=InnoDB AUTO_INCREMENT=6 DEFAULT CHARSET=utf8mb4 COLLATE=utf8mb4_unicode_ci;

-- Dumping data for table topcommerce.customizeable_pages: ~5 rows (approximately)
DELETE FROM `customizeable_pages`;
INSERT INTO `customizeable_pages` (`id`, `slug`, `icon`, `status`, `created_at`, `updated_at`) VALUES
	(1, 'terms-contidions', NULL, 1, '2025-08-07 03:49:19', '2025-08-07 03:49:19'),
	(2, 'privacy-policy', NULL, 1, '2025-08-07 03:49:19', '2025-08-07 03:49:19'),
	(3, 'return-policy', NULL, 1, '2025-08-07 03:49:19', '2025-08-07 03:49:19'),
	(4, 'join-as-seller', NULL, 1, '2025-08-07 03:49:19', '2025-08-07 03:49:19'),
	(5, 'example', NULL, 1, '2025-08-07 03:49:19', '2025-08-07 03:49:19');

-- Dumping structure for table topcommerce.custom_addons
DROP TABLE IF EXISTS `custom_addons`;
CREATE TABLE IF NOT EXISTS `custom_addons` (
  `id` bigint(20) unsigned NOT NULL AUTO_INCREMENT,
  `name` varchar(255) NOT NULL,
  `slug` varchar(255) NOT NULL,
  `is_default` tinyint(1) NOT NULL DEFAULT 0,
  `isPaid` tinyint(1) NOT NULL DEFAULT 1,
  `description` text DEFAULT NULL,
  `author` longtext CHARACTER SET utf8mb4 COLLATE utf8mb4_bin DEFAULT NULL CHECK (json_valid(`author`)),
  `options` longtext CHARACTER SET utf8mb4 COLLATE utf8mb4_bin DEFAULT NULL CHECK (json_valid(`options`)),
  `icon` varchar(255) DEFAULT NULL,
  `license` varchar(255) DEFAULT NULL,
  `url` varchar(255) DEFAULT NULL,
  `version` varchar(255) DEFAULT NULL,
  `last_update` date DEFAULT NULL,
  `status` tinyint(1) NOT NULL DEFAULT 0,
  `created_at` timestamp NULL DEFAULT NULL,
  `updated_at` timestamp NULL DEFAULT NULL,
  PRIMARY KEY (`id`),
  KEY `custom_addons_name_index` (`name`),
  KEY `idx_custom_addons_status` (`status`)
) ENGINE=InnoDB DEFAULT CHARSET=utf8mb4 COLLATE=utf8mb4_unicode_ci;

-- Dumping data for table topcommerce.custom_addons: ~0 rows (approximately)
DELETE FROM `custom_addons`;

-- Dumping structure for table topcommerce.custom_codes
DROP TABLE IF EXISTS `custom_codes`;
CREATE TABLE IF NOT EXISTS `custom_codes` (
  `id` bigint(20) unsigned NOT NULL AUTO_INCREMENT,
  `css` text DEFAULT NULL,
  `header_javascript` text DEFAULT NULL,
  `body_javascript` text DEFAULT NULL,
  `footer_javascript` text DEFAULT NULL,
  `created_at` timestamp NULL DEFAULT NULL,
  `updated_at` timestamp NULL DEFAULT NULL,
  PRIMARY KEY (`id`)
) ENGINE=InnoDB DEFAULT CHARSET=utf8mb4 COLLATE=utf8mb4_unicode_ci;

-- Dumping data for table topcommerce.custom_codes: ~0 rows (approximately)
DELETE FROM `custom_codes`;

-- Dumping structure for table topcommerce.custom_paginations
DROP TABLE IF EXISTS `custom_paginations`;
CREATE TABLE IF NOT EXISTS `custom_paginations` (
  `id` bigint(20) unsigned NOT NULL AUTO_INCREMENT,
  `section_name` varchar(255) NOT NULL,
  `item_qty` int(11) NOT NULL DEFAULT 1,
  `created_at` timestamp NULL DEFAULT NULL,
  `updated_at` timestamp NULL DEFAULT NULL,
  PRIMARY KEY (`id`)
) ENGINE=InnoDB AUTO_INCREMENT=12 DEFAULT CHARSET=utf8mb4 COLLATE=utf8mb4_unicode_ci;

-- Dumping data for table topcommerce.custom_paginations: ~11 rows (approximately)
DELETE FROM `custom_paginations`;
INSERT INTO `custom_paginations` (`id`, `section_name`, `item_qty`, `created_at`, `updated_at`) VALUES
	(1, 'Blog List', 10, '2025-08-07 03:49:14', '2025-08-07 03:49:14'),
	(2, 'Blog Comment', 10, '2025-08-07 03:49:14', '2025-08-07 03:49:14'),
	(3, 'Language List', 10, '2025-08-07 03:49:14', '2025-08-07 03:49:14'),
	(4, 'category_list', 24, '2025-08-07 03:49:14', '2025-08-07 03:49:14'),
	(5, 'brand_list', 24, '2025-08-07 03:49:14', '2025-08-07 03:49:14'),
	(6, 'product_list', 18, '2025-08-07 03:49:14', '2025-08-07 03:49:14'),
	(7, 'shop_list', 18, '2025-08-07 03:49:14', '2025-08-07 03:49:14'),
	(8, 'shop_product_list', 9, '2025-08-07 03:49:14', '2025-08-07 03:49:14'),
	(9, 'user_wishlist', 9, '2025-08-07 03:49:14', '2025-08-07 03:49:14'),
	(10, 'user_reviews', 9, '2025-08-07 03:49:14', '2025-08-07 03:49:14'),
	(11, 'user_orders', 10, '2025-08-07 03:49:14', '2025-08-07 03:49:14');

-- Dumping structure for table topcommerce.email_templates
DROP TABLE IF EXISTS `email_templates`;
CREATE TABLE IF NOT EXISTS `email_templates` (
  `id` bigint(20) unsigned NOT NULL AUTO_INCREMENT,
  `name` varchar(255) NOT NULL,
  `subject` varchar(255) NOT NULL,
  `message` longtext NOT NULL,
  `created_at` timestamp NULL DEFAULT NULL,
  `updated_at` timestamp NULL DEFAULT NULL,
  PRIMARY KEY (`id`)
) ENGINE=InnoDB AUTO_INCREMENT=23 DEFAULT CHARSET=utf8mb4 COLLATE=utf8mb4_unicode_ci;

-- Dumping data for table topcommerce.email_templates: ~22 rows (approximately)
DELETE FROM `email_templates`;
INSERT INTO `email_templates` (`id`, `name`, `subject`, `message`, `created_at`, `updated_at`) VALUES
	(1, 'password_changed', 'Password Changed', '<p>Dear {{user_name}},</p>\n                <p>Your password has been changed successfully.</p>', '2025-08-07 03:49:14', '2025-08-07 03:49:14'),
	(2, 'email_changed', 'Email Changed', '<p>Dear {{user_name}},</p>\n                <p>Your email has been changed successfully. Please Click the following link and Verified Your Email. Your new email is {{email}}</p>', '2025-08-07 03:49:14', '2025-08-07 03:49:14'),
	(3, 'password_reset', 'Password Reset', '<p>Dear {{user_name}},</p>\n                <p>Do you want to reset your password? Please Click the following link and Reset Your Password.</p>', '2025-08-07 03:49:14', '2025-08-07 03:49:14'),
	(4, 'contact_mail', 'Contact Email', '<p>Hello there,</p>\n                <p>&nbsp;Mr. {{name}} has sent a new message. you can see the message details below.&nbsp;</p>\n                <p>Email: {{email}}</p>\n                <p>Phone: {{phone}}</p>\n                <p>Subject: {{subject}}</p>\n                <p>Message: {{message}}</p>', '2025-08-07 03:49:14', '2025-08-07 03:49:14'),
	(5, 'subscribe_notification', 'Subscribe Notification', '<p>Hi there, Congratulations! Your Subscription has been created successfully. Please Click the following link and Verified Your Subscription. If you will not approve this link, you can not get any newsletter from us.</p>', '2025-08-07 03:49:14', '2025-08-07 03:49:14'),
	(6, 'social_login', 'Social Login', '<p>Hello {{user_name}},</p>\n                <p>Welcome to {{app_name}}! Your account has been created successfully.</p>\n                <p>Your password: {{password}}</p>\n                <p>You can log in to your account at <a href="https://websolutionus.com">https://websolutionus.com</a></p>\n                <p>Thank you for joining us.</p>', '2025-08-07 03:49:14', '2025-08-07 03:49:14'),
	(7, 'user_verification', 'User Verification', '<p>Dear {{user_name}},</p>\n                <p>Congratulations! Your account has been created successfully. Please click the following link to activate your account.</p>', '2025-08-07 03:49:14', '2025-08-07 03:49:14'),
	(8, 'shop_verification', 'Vendor Shop Verification', '<p>Dear {{shop_name}},</p>\n                <p>Congratulations! Your shop has been created successfully. Please click the following link to activate your shop.</p>', '2025-08-07 03:49:14', '2025-08-07 03:49:14'),
	(9, 'shop_verification_complete', 'Shop Verification Completed', '<p>Dear {{shop_name}},</p>\n                <p>Congratulations! Your shop has been verified successfully. Now you can start selling your products.</p>', '2025-08-07 03:49:14', '2025-08-07 03:49:14'),
	(10, 'order_placed', 'Order Placed', '<p>Hello {{user_name}},</p>\n                <p>Your order has been placed successfully. Your order id is: #{{order_id}}</p>\n                <p>Order Status: {{order_status}}</p>\n                <p>Amount To Pay: {{amount}} {{amount_currency}}</p>\n                <p>Payment Method: {{payment_method}}</p>\n                <p>Payment Status: {{payment_status}}</p>\n                <p>Shipping Address: {{shipping_address}}</p>\n                <p>Thanks &amp; Regards</p>', '2025-08-07 03:49:14', '2025-08-07 03:49:14'),
	(11, 'order_status_update', 'Order Status Update', '<p>Hello {{user_name}},</p>\n                <p>Your order <b>#{{order_id}}</b> status has been changed to {{order_status}}</p>\n                <p>Payment: {{amount}} {{amount_currency}}</p>\n                <p>Payment Method: {{payment_method}}</p>\n                <p>Payment Status: {{payment_status}}</p>\n                <p>Shipping Address: {{shipping_address}}</p>\n                <p>Thanks &amp; Regards</p>', '2025-08-07 03:49:14', '2025-08-07 03:49:14'),
	(12, 'order_payment_status_update', 'Order Payment Status Update', '<p>Hello {{user_name}},</p>\n                <p>Your order <b>#{{order_id}}</b> payment status has been changed to {{payment_status}}</p>\n                <p>Order Status: {{order_status}}</p>\n                <p>Payment: {{amount}} {{amount_currency}}</p>\n                <p>Payment Method: {{payment_method}}</p>\n                <p>Shipping Address: {{shipping_address}}</p>\n                <p>Thanks &amp; Regards</p>', '2025-08-07 03:49:14', '2025-08-07 03:49:14'),
	(13, 'seller_order_status_update', 'Order Status Update by Admin', '<p>Hello {{user_name}},</p>\n                <p>A order on your shop with order id <b>#{{order_id}}</b> status has been changed to {{order_status}} by admin</p>\n                <p>Payment: {{amount}} {{amount_currency}}</p>\n                <p>Payment Method: {{payment_method}}</p>\n                <p>Payment Status: {{payment_status}}</p>\n                <p>Shipping Address: {{shipping_address}}</p>\n                <p>Thanks &amp; Regards</p>', '2025-08-07 03:49:14', '2025-08-07 03:49:14'),
	(14, 'order_payment_confirmed', 'Order Payment Confirmed', '<p>Hello {{user_name}},</p>\n                <p>Your order <b>#{{order_id}}</b> payment has been confirmed</p>\n                <p>Payment: {{amount}} {{amount_currency}}</p>\n                <p>Payment Method: {{payment_method}}</p>\n                <p>Payment Status: {{payment_status}}</p>\n                <p>Shipping Address: {{shipping_address}}</p>\n                <p>Billing Address: {{billing_address}}</p>\n                <p>Thanks &amp; Regards</p>', '2025-08-07 03:49:14', '2025-08-07 03:49:14'),
	(15, 'requested_withdraw', 'Withdraw Request Received', '<p>Dear {{user_name}},</p>\n                <p>We are happy to say that, we have received your withdraw request.</p>\n                <p>Thanks &amp; Regards</p>', '2025-08-07 03:49:14', '2025-08-07 03:49:14'),
	(16, 'approved_withdraw', 'Withdraw Request Approval', '<p>Dear {{user_name}},</p>\n                <p>We are happy to say that, we have send a withdraw amount {{amount}} to your provided {{method}} payment method information.</p>\n                <p>Thanks &amp; Regards</p>', '2025-08-07 03:49:14', '2025-08-07 03:49:14'),
	(17, 'product_approved', 'Your Product Approved', '<p>Dear {{shop_name}},</p>\n                <p>Congratulations! Your product <b>{{product_name}}</b> has been approved successfully. Now you can start selling your products. Check the product details at from the links below.</p>\n                <p>Thanks &amp; Regards</p>', '2025-08-07 03:49:14', '2025-08-07 03:49:14'),
	(18, 'kyc_approved', 'Your ID Verification Approved', '<p>Dear {{shop_name}},</p>\n                <p>Congratulations! Your ID verification has been approved successfully. Now you can start selling your products.</p>\n                <p>Thanks &amp; Regards</p>', '2025-08-07 03:49:14', '2025-08-07 03:49:14'),
	(19, 'wallet_request_approved', 'Wallet Request Approved', '<p>Dear {{shop_name}},</p>\n                <p>Congratulations! We have added {{amount}} to your wallet. Check your wallet balance at from the links below.</p>\n                <p>Thanks &amp; Regards</p>', '2025-08-07 03:49:14', '2025-08-07 03:49:14'),
	(20, 'commission_received', 'Commission Received', '<p>Dear {{shop_name}},</p>\n                <p>Congratulations! You received a commission of {{amount}} for your product <b>{{product_name}}</b>. Check the product details at from the links below.</p>\n                <p>Thanks &amp; Regards</p>', '2025-08-07 03:49:14', '2025-08-07 03:49:14'),
	(21, 'seller_deleted', 'Seller Profile Deleted', '<p>Dear {{shop_name}},</p>\n                <p>Your seller profile has been deleted successfully. Now you can not sell your products. But you can use this id as a regular user.</p>\n                <p>Thanks &amp; Regards</p>', '2025-08-07 03:49:14', '2025-08-07 03:49:14'),
	(22, 'order_placed_vendor', 'New Order Placed on Your Shop', '<p>Hello {{user_name}},</p>\n                <p>Your order has been placed to your {{shop_name}}. Your order id is: #{{order_id}}</p>\n                <p>Order Status: {{order_status}}</p>\n                <p>Amount To Pay: {{amount}} {{amount_currency}}</p>\n                <p>Payment Method: {{payment_method}}</p>\n                <p>Payment Status: {{payment_status}}</p>\n                <p>Shipping Address: {{shipping_address}}</p>\n                <p>Thanks &amp; Regards</p>', '2025-08-07 03:49:14', '2025-08-07 03:49:14');

-- Dumping structure for table topcommerce.failed_jobs
DROP TABLE IF EXISTS `failed_jobs`;
CREATE TABLE IF NOT EXISTS `failed_jobs` (
  `id` bigint(20) unsigned NOT NULL AUTO_INCREMENT,
  `uuid` varchar(255) NOT NULL,
  `connection` text NOT NULL,
  `queue` text NOT NULL,
  `payload` longtext NOT NULL,
  `exception` longtext NOT NULL,
  `failed_at` timestamp NOT NULL DEFAULT current_timestamp(),
  PRIMARY KEY (`id`),
  UNIQUE KEY `failed_jobs_uuid_unique` (`uuid`)
) ENGINE=InnoDB DEFAULT CHARSET=utf8mb4 COLLATE=utf8mb4_unicode_ci;

-- Dumping data for table topcommerce.failed_jobs: ~0 rows (approximately)
DELETE FROM `failed_jobs`;

-- Dumping structure for table topcommerce.faqs
DROP TABLE IF EXISTS `faqs`;
CREATE TABLE IF NOT EXISTS `faqs` (
  `id` bigint(20) unsigned NOT NULL AUTO_INCREMENT,
  `status` tinyint(1) NOT NULL DEFAULT 1,
  `group` tinyint(4) NOT NULL DEFAULT 1,
  `created_at` timestamp NULL DEFAULT NULL,
  `updated_at` timestamp NULL DEFAULT NULL,
  PRIMARY KEY (`id`)
) ENGINE=InnoDB AUTO_INCREMENT=31 DEFAULT CHARSET=utf8mb4 COLLATE=utf8mb4_unicode_ci;

-- Dumping data for table topcommerce.faqs: ~30 rows (approximately)
DELETE FROM `faqs`;
INSERT INTO `faqs` (`id`, `status`, `group`, `created_at`, `updated_at`) VALUES
	(1, 1, 2, '2025-08-07 03:49:19', '2025-08-07 03:49:19'),
	(2, 1, 4, '2025-08-07 03:49:19', '2025-08-07 03:49:19'),
	(3, 1, 3, '2025-08-07 03:49:19', '2025-08-07 03:49:19'),
	(4, 1, 4, '2025-08-07 03:49:19', '2025-08-07 03:49:19'),
	(5, 1, 4, '2025-08-07 03:49:19', '2025-08-07 03:49:19'),
	(6, 1, 1, '2025-08-07 03:49:19', '2025-08-07 03:49:19'),
	(7, 1, 1, '2025-08-07 03:49:19', '2025-08-07 03:49:19'),
	(8, 1, 4, '2025-08-07 03:49:19', '2025-08-07 03:49:19'),
	(9, 1, 2, '2025-08-07 03:49:19', '2025-08-07 03:49:19'),
	(10, 1, 2, '2025-08-07 03:49:19', '2025-08-07 03:49:19'),
	(11, 1, 3, '2025-08-07 03:49:19', '2025-08-07 03:49:19'),
	(12, 1, 2, '2025-08-07 03:49:19', '2025-08-07 03:49:19'),
	(13, 1, 3, '2025-08-07 03:49:19', '2025-08-07 03:49:19'),
	(14, 1, 3, '2025-08-07 03:49:19', '2025-08-07 03:49:19'),
	(15, 1, 4, '2025-08-07 03:49:19', '2025-08-07 03:49:19'),
	(16, 1, 2, '2025-08-07 03:49:19', '2025-08-07 03:49:19'),
	(17, 1, 1, '2025-08-07 03:49:19', '2025-08-07 03:49:19'),
	(18, 1, 3, '2025-08-07 03:49:19', '2025-08-07 03:49:19'),
	(19, 1, 3, '2025-08-07 03:49:19', '2025-08-07 03:49:19'),
	(20, 1, 2, '2025-08-07 03:49:19', '2025-08-07 03:49:19'),
	(21, 1, 1, '2025-08-07 03:49:19', '2025-08-07 03:49:19'),
	(22, 1, 3, '2025-08-07 03:49:19', '2025-08-07 03:49:19'),
	(23, 1, 1, '2025-08-07 03:49:19', '2025-08-07 03:49:19'),
	(24, 1, 2, '2025-08-07 03:49:19', '2025-08-07 03:49:19'),
	(25, 1, 2, '2025-08-07 03:49:19', '2025-08-07 03:49:19'),
	(26, 1, 3, '2025-08-07 03:49:19', '2025-08-07 03:49:19'),
	(27, 1, 3, '2025-08-07 03:49:19', '2025-08-07 03:49:19'),
	(28, 1, 1, '2025-08-07 03:49:19', '2025-08-07 03:49:19'),
	(29, 1, 3, '2025-08-07 03:49:19', '2025-08-07 03:49:19'),
	(30, 1, 3, '2025-08-07 03:49:19', '2025-08-07 03:49:19');

-- Dumping structure for table topcommerce.faq_translations
DROP TABLE IF EXISTS `faq_translations`;
CREATE TABLE IF NOT EXISTS `faq_translations` (
  `id` bigint(20) unsigned NOT NULL AUTO_INCREMENT,
  `faq_id` bigint(20) unsigned NOT NULL,
  `lang_code` varchar(255) NOT NULL,
  `question` varchar(255) DEFAULT NULL,
  `answer` text DEFAULT NULL,
  `created_at` timestamp NULL DEFAULT NULL,
  `updated_at` timestamp NULL DEFAULT NULL,
  PRIMARY KEY (`id`)
) ENGINE=InnoDB AUTO_INCREMENT=61 DEFAULT CHARSET=utf8mb4 COLLATE=utf8mb4_unicode_ci;

-- Dumping data for table topcommerce.faq_translations: ~60 rows (approximately)
DELETE FROM `faq_translations`;
INSERT INTO `faq_translations` (`id`, `faq_id`, `lang_code`, `question`, `answer`, `created_at`, `updated_at`) VALUES
	(1, 1, 'en', 'Q1: Libero Quos Quod Placeat Nobis Cupiditate Ut Recusandae Aperiam.', 'Vel quidem voluptatibus qui alias enim quis. Eum sit vero commodi quis nesciunt est esse. Earum inventore reiciendis sunt laudantium.\n\nVel quibusdam qui mollitia eum tempore vel. Nulla amet et ea. In fugiat qui officiis minus quia ratione dolorem. Totam omnis temporibus sint.', '2025-08-07 03:49:19', '2025-08-07 03:49:19'),
	(2, 1, 'ar', 'Q1: Laboriosam Culpa Nihil Ad Culpa.', 'Aut amet necessitatibus molestiae sapiente accusamus. Laudantium est eos quae. Consectetur et vero at in.', '2025-08-07 03:49:19', '2025-08-07 03:49:19'),
	(3, 2, 'en', 'Q2: Deleniti Veniam Cum Sint.', 'Provident animi et vel numquam perspiciatis aut. Laborum atque voluptas quia ipsam. Fuga rerum explicabo repellat ducimus eos repellendus perferendis. Pariatur omnis harum animi et optio provident.', '2025-08-07 03:49:19', '2025-08-07 03:49:19'),
	(4, 2, 'ar', 'Q2: Aliquam Velit Qui Voluptates Vitae Ut Ut.', 'Eos nam vitae tempora consequuntur omnis. Vitae aut sint hic soluta occaecati fugit. Sunt quia sapiente doloribus delectus ut.', '2025-08-07 03:49:19', '2025-08-07 03:49:19'),
	(5, 3, 'en', 'Q3: Est Officia Fuga Quia Quis Error Cumque Cum.', 'Odit quod et officia occaecati. Nulla sit vel esse at sit assumenda esse. Officia consequatur corporis est vitae dolores optio. Deleniti saepe quo aliquam aut laborum.', '2025-08-07 03:49:19', '2025-08-07 03:49:19'),
	(6, 3, 'ar', 'Q3: Dignissimos Culpa Voluptates Quos Consequuntur Eveniet Maxime Rerum.', 'Deleniti nihil nostrum inventore eum recusandae et voluptatibus. Nihil dolores sequi quae fugit excepturi saepe aut. Pariatur enim ullam sunt ducimus. Commodi dolorum veniam est aut et est.\n\nEaque et accusantium quos voluptatibus ea. Voluptatem eius officia sapiente et at eligendi. Sed ea laborum nobis. Quos quos provident ea. Non iste tempora at et repudiandae.', '2025-08-07 03:49:19', '2025-08-07 03:49:19'),
	(7, 4, 'en', 'Q4: Voluptas Non Eos Voluptas.', 'Deserunt officia natus repudiandae omnis. Ratione error id dolores ut qui debitis nihil. Quasi sed voluptate voluptas et sunt consequuntur.\n\nAsperiores recusandae voluptatum inventore aut architecto sequi voluptatum. Quo architecto modi nisi hic beatae eum. Quisquam error nulla debitis repudiandae voluptas quibusdam.', '2025-08-07 03:49:19', '2025-08-07 03:49:19'),
	(8, 4, 'ar', 'Q4: Ut Dolorem Impedit.', 'Hic tempora nobis alias et. Sint magni natus aut autem facilis. Nihil repellendus in perspiciatis repudiandae veniam non perferendis. Deleniti modi aliquam et deserunt dolorum velit laudantium. Animi quidem et minus et.\n\nQui ut et rerum praesentium reiciendis ea distinctio vero. Enim veritatis laborum labore. Aut ipsum autem dolorum fugit cupiditate.', '2025-08-07 03:49:19', '2025-08-07 03:49:19'),
	(9, 5, 'en', 'Q5: Dolore Ut Et Necessitatibus.', 'Reiciendis fuga explicabo eveniet molestiae quo. Veritatis distinctio quia ab sed itaque. Et dolorum facilis magni placeat officia. Voluptatem vel molestiae consequatur in magnam quasi consectetur.', '2025-08-07 03:49:19', '2025-08-07 03:49:19'),
	(10, 5, 'ar', 'Q5: Eaque Illo Dolorem Enim Soluta Cumque.', 'Expedita aliquid quaerat ut perspiciatis dolor qui. Quasi sed dolores animi facere dolore porro. Autem facere sapiente voluptas voluptatem.', '2025-08-07 03:49:19', '2025-08-07 03:49:19'),
	(11, 6, 'en', 'Q6: Odit Id Vitae Alias.', 'Nihil et quia aut eum sequi a quos aut. Vel quod optio facilis. Alias commodi ut et.\n\nNihil voluptates a asperiores quam maiores possimus et. Sunt enim delectus temporibus omnis recusandae dicta enim. Sit quaerat alias quia deleniti nihil ratione.', '2025-08-07 03:49:19', '2025-08-07 03:49:19'),
	(12, 6, 'ar', 'Q6: Earum Accusamus Alias Et Eos Exercitationem Non Autem Minima.', 'Cupiditate a quos voluptatem libero eveniet explicabo. Est ullam illo corporis officiis tenetur. Quia dolores recusandae vel suscipit ducimus occaecati. Labore et facere quas quam.\n\nConsequatur odio et laborum neque illo. Eos placeat eos eius autem perferendis dolor autem. Eveniet et neque est animi explicabo pariatur veritatis. Et et suscipit nostrum.', '2025-08-07 03:49:19', '2025-08-07 03:49:19'),
	(13, 7, 'en', 'Q7: Distinctio Velit Voluptate Sit Ea Facere.', 'Debitis qui necessitatibus nisi dolor. Ducimus id eum facere. Sunt debitis dolores incidunt rerum praesentium. Aut fuga voluptas est est.\n\nModi animi dicta consectetur sit. Harum omnis ex quod magni saepe. Enim fugiat consequatur veniam. Blanditiis et accusantium est voluptatibus.', '2025-08-07 03:49:19', '2025-08-07 03:49:19'),
	(14, 7, 'ar', 'Q7: Provident Distinctio Ducimus Sit Et.', 'Eligendi sed facilis eos laborum fuga eum quibusdam repellendus. Nesciunt repellendus veritatis quis aliquid fuga. Libero non sed alias. Quia aut eius aut fugiat voluptatem recusandae perferendis dolores.', '2025-08-07 03:49:19', '2025-08-07 03:49:19'),
	(15, 8, 'en', 'Q8: Minima Ad Officiis Nesciunt Quaerat Consequuntur.', 'Consequatur aperiam quo et exercitationem omnis. Veniam exercitationem facilis eveniet.\n\nFuga earum blanditiis excepturi. Voluptas non voluptatem perspiciatis rem. Doloremque dicta iste ea porro a. Praesentium cupiditate voluptatem laboriosam dignissimos sit.', '2025-08-07 03:49:19', '2025-08-07 03:49:19'),
	(16, 8, 'ar', 'Q8: Nisi Inventore Dolorem.', 'Omnis eos perferendis ut nobis ut. Maxime quasi ut ut quae nemo. Sed iure dolorem quod totam labore quasi reprehenderit.', '2025-08-07 03:49:19', '2025-08-07 03:49:19'),
	(17, 9, 'en', 'Q9: Non Quis Ut Numquam Laudantium Quos.', 'Sed molestias qui amet. Numquam accusamus vero distinctio sit ex facilis. Animi itaque iure et assumenda quae.\n\nDebitis voluptatem velit veniam esse assumenda doloribus et dolore. Voluptas delectus mollitia enim eligendi. Cumque voluptates deleniti nemo sed enim velit est.', '2025-08-07 03:49:19', '2025-08-07 03:49:19'),
	(18, 9, 'ar', 'Q9: Et Est Ut Labore.', 'Libero quasi perspiciatis corrupti molestiae est mollitia quibusdam et. Doloribus tempore natus deleniti quia voluptas.', '2025-08-07 03:49:19', '2025-08-07 03:49:19'),
	(19, 10, 'en', 'Q10: Eius Necessitatibus Totam Quaerat Consectetur Voluptates.', 'Ut optio et quos occaecati. Est tempora quod beatae vel totam aspernatur. Expedita cupiditate et nulla et.', '2025-08-07 03:49:19', '2025-08-07 03:49:19'),
	(20, 10, 'ar', 'Q10: Aut Iure Dolor Ea Id.', 'Provident earum optio maiores voluptatibus. Possimus sed molestiae veritatis odio ab. Omnis illo suscipit rerum repellendus quaerat officia minima. Laborum facere quia et officiis laboriosam quas.\n\nDolores voluptate at illo aperiam nemo. Non rem est dolorem dolorem voluptas doloremque. Et natus rem sunt.', '2025-08-07 03:49:19', '2025-08-07 03:49:19'),
	(21, 11, 'en', 'Q11: A Molestiae Voluptatem Aperiam Natus Molestias Vero Laboriosam.', 'Sequi soluta voluptatem nihil qui sed architecto. Repellendus dolores quo nulla illo. Quisquam reprehenderit alias autem cumque molestiae id. Ea cumque consequatur quisquam maiores consectetur ut consectetur.', '2025-08-07 03:49:19', '2025-08-07 03:49:19'),
	(22, 11, 'ar', 'Q11: Aperiam Ad Architecto Voluptatem Eos Voluptatem Fugit.', 'Voluptatum optio voluptatum iusto eos non. Quae quidem velit iure sit ut. Quidem ipsam dolores veniam labore fugit vel non rerum. Iure harum voluptatem alias et id ipsam sed nemo.\n\nEos quo quisquam sunt. Modi qui soluta amet magni provident ad. Aspernatur ipsum et asperiores. Rerum blanditiis molestiae soluta voluptatem blanditiis facilis qui. Odio aspernatur consequuntur quo ut dolor ipsam.', '2025-08-07 03:49:19', '2025-08-07 03:49:19'),
	(23, 12, 'en', 'Q12: Velit Id Rerum Nam.', 'Deleniti id nisi inventore animi ut et voluptas. Quas odit ab voluptas ut error. Exercitationem quia rem occaecati odit necessitatibus.', '2025-08-07 03:49:19', '2025-08-07 03:49:19'),
	(24, 12, 'ar', 'Q12: Dolores Inventore Impedit Alias Occaecati Et Qui.', 'Voluptas impedit eaque sequi possimus corporis. Incidunt excepturi nesciunt illum earum. Et mollitia delectus consequatur accusantium similique provident.\n\nLibero quae iure similique et dolorem ut. Porro possimus quo impedit est et molestiae. Nemo totam sed ab possimus laboriosam.', '2025-08-07 03:49:19', '2025-08-07 03:49:19'),
	(25, 13, 'en', 'Q13: In Sed Enim Ratione Sapiente Sapiente Dignissimos Ratione.', 'Dolor reiciendis quia cupiditate quod culpa repellendus. Totam enim quibusdam minima id expedita ab quia. Nulla molestias accusantium aut pariatur sapiente neque dicta. Omnis omnis dolores vero dolores natus. Inventore et et ex expedita reiciendis sit nostrum.\n\nNisi nam quo explicabo illum odio nam aut. Delectus porro autem est ut vitae. Placeat corrupti et qui voluptatum aut. Ipsa commodi consequuntur ut delectus molestiae.', '2025-08-07 03:49:19', '2025-08-07 03:49:19'),
	(26, 13, 'ar', 'Q13: Cumque Sunt Cumque Accusantium.', 'Dolores id excepturi quisquam accusamus officia. Vero cumque dolores voluptas eveniet unde expedita esse. Quam esse omnis voluptas odio.\n\nEt amet voluptas qui autem. Et recusandae eum voluptatem omnis tempora ipsa aperiam. Porro error vel iure perferendis. Cupiditate molestias quia qui velit voluptatem.', '2025-08-07 03:49:19', '2025-08-07 03:49:19'),
	(27, 14, 'en', 'Q14: Assumenda Voluptas Debitis Odit Quam.', 'Et libero delectus porro magni fugiat eum eos. Provident est et alias est assumenda sunt nostrum. Occaecati eos consequatur est officia eveniet architecto.\n\nCulpa laudantium ducimus a omnis est quibusdam quia. Aliquam non veniam aliquid animi. Sapiente non commodi quaerat at nihil sint rerum. Quas excepturi facilis repudiandae deleniti ut vel. Ab molestiae sed voluptatem eos quo eum reiciendis.', '2025-08-07 03:49:19', '2025-08-07 03:49:19'),
	(28, 14, 'ar', 'Q14: Eum Accusantium Dolores Corrupti Consequatur.', 'Itaque et similique velit distinctio voluptatem officia sunt. Autem perspiciatis ut dignissimos nihil facilis et. Quia ut non est a dolorem. Aut reprehenderit ullam fugit occaecati iure sequi eaque.\n\nUt quo praesentium id et. Aut recusandae voluptatum sunt magni reiciendis blanditiis. Reprehenderit quia architecto sequi ut omnis sed. A reprehenderit nulla suscipit pariatur et.', '2025-08-07 03:49:19', '2025-08-07 03:49:19'),
	(29, 15, 'en', 'Q15: Ipsum Nulla Minima Qui Ea.', 'Sapiente ipsam quibusdam consequatur ea repellendus. Qui fugiat nihil sit consequatur asperiores consequuntur in non. Doloribus assumenda repellat fugiat aut dolores voluptatibus aut.', '2025-08-07 03:49:19', '2025-08-07 03:49:19'),
	(30, 15, 'ar', 'Q15: Quia Odit Ex Dolorem Dolorem Nostrum Numquam Voluptate.', 'Ipsum aperiam facilis id culpa natus harum. Est aliquam ut voluptatem deserunt aut laboriosam. Quis saepe voluptates veritatis odio. Repellendus soluta cum eius consequuntur consequatur sit sapiente.\n\nId a corporis qui fugit aliquid est et numquam. Ipsa illo molestiae et voluptates aliquid. Enim porro vel reiciendis dolores placeat sed accusamus est.', '2025-08-07 03:49:19', '2025-08-07 03:49:19'),
	(31, 16, 'en', 'Q16: Nemo Ut Sequi Expedita Commodi Accusantium Magnam Ea Fugiat.', 'Aliquid laboriosam et magnam est non tempora. Dolor aut molestiae vitae sapiente voluptatum quo eligendi. Pariatur nesciunt dolorum et est. Modi neque aut nihil numquam sint sit voluptas neque.', '2025-08-07 03:49:19', '2025-08-07 03:49:19'),
	(32, 16, 'ar', 'Q16: Occaecati Minima Nemo Corrupti Ab.', 'Et vitae adipisci aut nemo quia et esse. Est quibusdam libero at eos praesentium unde nihil laudantium. Animi iste voluptatibus rem amet fuga neque quo.\n\nSit perspiciatis consequuntur quia veritatis. Reprehenderit unde consequatur dolorum impedit asperiores autem. Quaerat necessitatibus sapiente labore et. Et excepturi aut distinctio aperiam repellat et.', '2025-08-07 03:49:19', '2025-08-07 03:49:19'),
	(33, 17, 'en', 'Q17: Provident Vel Aliquid Aperiam Ipsa Non Assumenda Odit Quia.', 'Error pariatur autem fugit ut dolorem. Doloribus numquam dolores quibusdam consectetur perferendis et.\n\nQuod minima doloribus velit. Commodi aliquam cupiditate tempora et et magni. Aliquam impedit voluptates quis est id tenetur.', '2025-08-07 03:49:19', '2025-08-07 03:49:19'),
	(34, 17, 'ar', 'Q17: Repudiandae Dolorem Eligendi Quam Eos Fuga.', 'Nisi libero enim modi beatae error sit. Rem repudiandae dolores repudiandae ea. Eum quo nulla qui quod ipsam quam officia. Architecto provident ipsum maiores vel.\n\nFacere voluptatem eos enim vero iure cupiditate. Quidem natus maiores rerum itaque. Consequatur mollitia inventore at nemo architecto ipsum. Dicta possimus deserunt quibusdam esse doloremque sit. Sit porro numquam quo praesentium est laboriosam.', '2025-08-07 03:49:19', '2025-08-07 03:49:19'),
	(35, 18, 'en', 'Q18: Est Repellendus Magni Cum Quod Nesciunt.', 'Ipsa consequatur et nobis vel. Ad officiis neque ut maiores quo aut. Magni dolor et nisi et dolorum doloremque.\n\nSuscipit distinctio totam cupiditate voluptas. Voluptate blanditiis harum quo tempora ducimus vel excepturi.', '2025-08-07 03:49:19', '2025-08-07 03:49:19'),
	(36, 18, 'ar', 'Q18: Molestiae Quia Voluptas Facere Vero Sed Sint.', 'Facere accusamus non est. Aspernatur dolorum et quo assumenda suscipit laboriosam nulla. Facilis reprehenderit sit aut totam fugit aut ut. Voluptatum est voluptas ea nostrum deserunt.', '2025-08-07 03:49:19', '2025-08-07 03:49:19'),
	(37, 19, 'en', 'Q19: Ipsa Ducimus Aut Quia Id Quia Eligendi.', 'Laboriosam necessitatibus neque aut aut reiciendis. Sed vel cumque consectetur in voluptas sunt. Et blanditiis laborum rerum quis. Esse et vel delectus natus ut ut nam.', '2025-08-07 03:49:19', '2025-08-07 03:49:19'),
	(38, 19, 'ar', 'Q19: Veritatis Molestiae Qui Atque At.', 'Beatae sint libero sunt optio molestias facere eveniet rerum. Animi sed dolores omnis.', '2025-08-07 03:49:19', '2025-08-07 03:49:19'),
	(39, 20, 'en', 'Q20: Voluptates Excepturi Rerum Delectus Dolorem.', 'Nemo optio laudantium perferendis. Est necessitatibus aperiam ullam et ut. Rerum nobis qui eos facere. Rerum nam dolorem quam ullam libero veniam. Reprehenderit ullam eius aut quia saepe.\n\nAliquam qui aut est possimus ipsa. Fugiat facere perspiciatis quasi. Tempore et eum nam.', '2025-08-07 03:49:19', '2025-08-07 03:49:19'),
	(40, 20, 'ar', 'Q20: Quaerat Modi Doloremque Et Rerum.', 'Voluptate eius nihil ipsam quo doloremque sit. Accusantium fuga libero a neque. Officiis omnis recusandae vel tempora temporibus.\n\nBlanditiis sed aut quas dolorem minima tenetur. Culpa corrupti qui eius mollitia necessitatibus. Deleniti odit odit placeat incidunt nesciunt rem explicabo explicabo.', '2025-08-07 03:49:19', '2025-08-07 03:49:19'),
	(41, 21, 'en', 'Q21: Quas Itaque Enim Earum Dolorem Omnis.', 'Voluptas omnis harum ut vel totam et qui. Sunt aliquam eveniet quam sit voluptate. Quaerat vel sunt consequatur impedit. Ut sit illum mollitia recusandae quibusdam.', '2025-08-07 03:49:19', '2025-08-07 03:49:19'),
	(42, 21, 'ar', 'Q21: Dolor Ut Facere Aspernatur Iste Et Quo Voluptas.', 'Voluptatem accusamus rem qui et ea asperiores et. Distinctio quis ipsam nisi rerum. Est illo nemo iure quaerat suscipit sed consectetur. Voluptas reiciendis aliquam magni placeat architecto dolore pariatur eum. Et quibusdam excepturi modi omnis iusto consequatur.', '2025-08-07 03:49:19', '2025-08-07 03:49:19'),
	(43, 22, 'en', 'Q22: Illo Aut Quae Facilis Aperiam Nihil.', 'Odio praesentium est quaerat sequi consequatur. Molestias ullam voluptates reprehenderit optio suscipit. Fugit provident ut maxime autem. Neque enim quaerat et esse nesciunt minima placeat nemo.', '2025-08-07 03:49:19', '2025-08-07 03:49:19'),
	(44, 22, 'ar', 'Q22: Repudiandae Et Reprehenderit Ea Non.', 'Soluta maxime a aspernatur iste aut. Sit at labore enim perferendis dignissimos nesciunt. Ratione esse velit quis quod error deserunt velit. Quidem velit soluta non animi quia soluta quis exercitationem.', '2025-08-07 03:49:19', '2025-08-07 03:49:19'),
	(45, 23, 'en', 'Q23: Nihil Reiciendis Doloribus Rerum Autem.', 'Reiciendis asperiores consectetur rerum. Mollitia saepe totam enim iste fugiat. Animi velit perferendis ut reprehenderit soluta. Eos porro rerum voluptatum iste ipsam et iusto consequuntur.\n\nPariatur voluptate aliquam corrupti. Illo voluptas nemo commodi ipsum unde sit.', '2025-08-07 03:49:19', '2025-08-07 03:49:19'),
	(46, 23, 'ar', 'Q23: Nihil Exercitationem Quia Aut Fuga Rerum.', 'Quia dolor aliquam vitae quam quaerat rerum. Harum autem sed dolorem in aspernatur omnis quis. Molestias dolores delectus dolor ea voluptatem.\n\nEum exercitationem soluta hic dolores repellat sapiente consequatur. Sit incidunt quisquam veritatis. Rerum qui optio natus est ut. Ducimus aut atque quia officia consequatur ipsam expedita.', '2025-08-07 03:49:19', '2025-08-07 03:49:19'),
	(47, 24, 'en', 'Q24: Quia Sit Sapiente Nesciunt Est.', 'Non nihil veniam totam ad est esse et. Culpa inventore qui consequatur aut repellat. Est distinctio tempore eveniet recusandae facilis libero. Explicabo et ut aut quae nihil.\n\nConsequatur repellendus repudiandae non odio. Et consequatur ex eos quasi amet eos. Animi voluptates aut omnis reiciendis quam. Commodi quia iusto magnam earum sit. Iste quos in ea quae optio libero.', '2025-08-07 03:49:19', '2025-08-07 03:49:19'),
	(48, 24, 'ar', 'Q24: Sit Sequi Nobis Numquam.', 'Est quidem nisi dolores dicta architecto. Impedit voluptatem qui et et facere. Qui quod impedit minima voluptas quo atque quasi.\n\nSimilique laborum repellendus ab reprehenderit quia ex voluptas. Tempore porro sint quia dolorum suscipit ut et. Asperiores necessitatibus a qui nihil.', '2025-08-07 03:49:19', '2025-08-07 03:49:19'),
	(49, 25, 'en', 'Q25: Tempora Consectetur Rerum Eum Quae Sit Voluptates Alias.', 'Ex corporis voluptatem aut qui. Sunt quia ea itaque. Dolore facilis sapiente est quos est nam. Aut iure aut voluptatem voluptatem et delectus rerum.\n\nFacere odio nam omnis dolore sed quia. Ut rerum tenetur consequatur optio earum. Ea est consequuntur occaecati pariatur dicta earum totam. Aut sit ad sunt aut quia.', '2025-08-07 03:49:19', '2025-08-07 03:49:19'),
	(50, 25, 'ar', 'Q25: Qui Illo Et Excepturi Eveniet Aut.', 'Inventore corrupti tenetur hic officia voluptate eum nesciunt. Laudantium aut quibusdam consequuntur quia nobis. Quia vitae sint veritatis hic quae.', '2025-08-07 03:49:19', '2025-08-07 03:49:19'),
	(51, 26, 'en', 'Q26: Quos Ut Nemo Illum.', 'Suscipit mollitia quo magni aut. In unde ut explicabo ullam. Numquam eum quia cum quidem in. Aut itaque aut enim et laudantium voluptas quia omnis.', '2025-08-07 03:49:19', '2025-08-07 03:49:19'),
	(52, 26, 'ar', 'Q26: Magni Autem Ut Libero Sed Et Non.', 'Ut amet eligendi possimus culpa consequatur qui. Reprehenderit et animi tempora aut accusamus quia. Quos sit officiis labore et odio unde. Maiores non in natus animi molestiae beatae.', '2025-08-07 03:49:19', '2025-08-07 03:49:19'),
	(53, 27, 'en', 'Q27: Officiis Eum Occaecati Iusto Eos.', 'Quo dolor labore animi et itaque quod et. Animi id enim cupiditate blanditiis. Nostrum nostrum asperiores voluptatem. Soluta velit iste eveniet at laboriosam. Non omnis illo velit rerum.\n\nQuis sunt est id et adipisci. Ratione aut facere sapiente natus maiores et deleniti laboriosam. Ducimus hic quam accusantium voluptates quia ut aut.', '2025-08-07 03:49:19', '2025-08-07 03:49:19'),
	(54, 27, 'ar', 'Q27: Soluta Est Voluptas Commodi.', 'Repellat deleniti sint iste corporis quisquam quis. Sit eligendi dolorum accusantium excepturi culpa voluptate.', '2025-08-07 03:49:19', '2025-08-07 03:49:19'),
	(55, 28, 'en', 'Q28: Amet Sit Dignissimos Impedit.', 'Sed quam distinctio dolorum. Totam magnam error ipsam soluta error. Dolor itaque natus aut ducimus dolor ipsa ut in. Est praesentium vitae aut in ullam perspiciatis.\n\nSit qui pariatur dicta et eveniet expedita. Ratione et quae enim omnis eius voluptatem qui. A quia fugiat illum ea delectus. Corporis repellat aut ut sed dolores.', '2025-08-07 03:49:19', '2025-08-07 03:49:19'),
	(56, 28, 'ar', 'Q28: Consequatur Occaecati Enim Voluptatem Officia.', 'Iusto nihil consequuntur reprehenderit aliquid sint excepturi. Itaque non eum voluptatem quis dolorem blanditiis. Adipisci omnis perferendis odio eum voluptatem totam. Et quis accusantium quas consequatur eos aut ut eum.', '2025-08-07 03:49:19', '2025-08-07 03:49:19'),
	(57, 29, 'en', 'Q29: Ducimus Consequatur Qui Vitae Voluptatum Alias Et Sunt Ullam.', 'Non enim sequi dolores aspernatur eveniet dignissimos. Consequuntur atque ipsam voluptas consectetur et necessitatibus omnis. Excepturi aliquid odit vitae aut laboriosam provident aperiam nobis. Reiciendis consectetur accusamus quo soluta quasi officiis.\n\nOptio quidem voluptatibus qui illo et commodi id. Enim exercitationem ut nostrum voluptatum. Molestias quo facere nihil rerum quasi necessitatibus aut.', '2025-08-07 03:49:19', '2025-08-07 03:49:19'),
	(58, 29, 'ar', 'Q29: Officiis Commodi Nam Ipsum Aliquam Dolores Qui.', 'Aut fugit illum et ut dolores eligendi nemo. Similique qui sit omnis optio culpa aut in qui. Tempora magnam beatae non corrupti.', '2025-08-07 03:49:19', '2025-08-07 03:49:19'),
	(59, 30, 'en', 'Q30: Distinctio Necessitatibus Magni Iusto Est Accusamus Cumque.', 'Rerum aut nesciunt vitae ea voluptatem. Quia minus et dolor debitis nihil. Quo rerum possimus odio dolorem aut numquam et. Iure enim nobis eos delectus.\n\nCommodi et quo deserunt quibusdam omnis et. Et ut odio dolorum incidunt. Omnis qui voluptas beatae sequi quo optio.', '2025-08-07 03:49:19', '2025-08-07 03:49:19'),
	(60, 30, 'ar', 'Q30: Non Tempora Repudiandae Ipsum.', 'Voluptatem ad illo repellendus id qui. Qui blanditiis aut qui esse et unde. Aut ut quis quis facilis explicabo.\n\nDistinctio vel nostrum repudiandae esse cumque in inventore. Eos sed sit earum minima. Sed labore est totam doloribus esse natus quia. Et quam sunt saepe soluta. Laudantium consequatur cupiditate non soluta molestiae eveniet.', '2025-08-07 03:49:19', '2025-08-07 03:49:19');

-- Dumping structure for table topcommerce.galleries
DROP TABLE IF EXISTS `galleries`;
CREATE TABLE IF NOT EXISTS `galleries` (
  `id` bigint(20) unsigned NOT NULL AUTO_INCREMENT,
  `product_id` bigint(20) unsigned NOT NULL,
  `path` varchar(255) NOT NULL,
  `created_at` timestamp NULL DEFAULT NULL,
  `updated_at` timestamp NULL DEFAULT NULL,
  PRIMARY KEY (`id`),
  KEY `galleries_product_id_foreign` (`product_id`),
  CONSTRAINT `galleries_product_id_foreign` FOREIGN KEY (`product_id`) REFERENCES `products` (`id`) ON DELETE CASCADE
) ENGINE=InnoDB AUTO_INCREMENT=487 DEFAULT CHARSET=utf8mb4 COLLATE=utf8mb4_unicode_ci;

-- Dumping data for table topcommerce.galleries: ~486 rows (approximately)
DELETE FROM `galleries`;
INSERT INTO `galleries` (`id`, `product_id`, `path`, `created_at`, `updated_at`) VALUES
	(1, 1, 'website/images/products/product_34.webp', '2025-08-07 03:49:21', '2025-08-07 03:49:21'),
	(2, 1, 'website/images/products/product_40.webp', '2025-08-07 03:49:21', '2025-08-07 03:49:21'),
	(3, 1, 'website/images/products/product_46.webp', '2025-08-07 03:49:21', '2025-08-07 03:49:21'),
	(4, 1, 'website/images/products/product_54.webp', '2025-08-07 03:49:21', '2025-08-07 03:49:21'),
	(5, 1, 'website/images/products/product_56.webp', '2025-08-07 03:49:21', '2025-08-07 03:49:21'),
	(6, 1, 'website/images/products/product_8.webp', '2025-08-07 03:49:21', '2025-08-07 03:49:21'),
	(7, 2, 'website/images/products/product_17.webp', '2025-08-07 03:49:21', '2025-08-07 03:49:21'),
	(8, 2, 'website/images/products/product_36.webp', '2025-08-07 03:49:21', '2025-08-07 03:49:21'),
	(9, 2, 'website/images/products/product_52.webp', '2025-08-07 03:49:21', '2025-08-07 03:49:21'),
	(10, 2, 'website/images/products/product_53.webp', '2025-08-07 03:49:21', '2025-08-07 03:49:21'),
	(11, 2, 'website/images/products/product_54.webp', '2025-08-07 03:49:21', '2025-08-07 03:49:21'),
	(12, 2, 'website/images/products/product_7.webp', '2025-08-07 03:49:21', '2025-08-07 03:49:21'),
	(13, 3, 'website/images/products/product_13.webp', '2025-08-07 03:49:21', '2025-08-07 03:49:21'),
	(14, 3, 'website/images/products/product_18.webp', '2025-08-07 03:49:21', '2025-08-07 03:49:21'),
	(15, 3, 'website/images/products/product_19.webp', '2025-08-07 03:49:21', '2025-08-07 03:49:21'),
	(16, 3, 'website/images/products/product_3.webp', '2025-08-07 03:49:21', '2025-08-07 03:49:21'),
	(17, 3, 'website/images/products/product_30.webp', '2025-08-07 03:49:21', '2025-08-07 03:49:21'),
	(18, 3, 'website/images/products/product_6.webp', '2025-08-07 03:49:21', '2025-08-07 03:49:21'),
	(19, 4, 'website/images/products/product_13.webp', '2025-08-07 03:49:21', '2025-08-07 03:49:21'),
	(20, 4, 'website/images/products/product_24.webp', '2025-08-07 03:49:21', '2025-08-07 03:49:21'),
	(21, 4, 'website/images/products/product_3.webp', '2025-08-07 03:49:21', '2025-08-07 03:49:21'),
	(22, 4, 'website/images/products/product_38.webp', '2025-08-07 03:49:21', '2025-08-07 03:49:21'),
	(23, 4, 'website/images/products/product_4.webp', '2025-08-07 03:49:21', '2025-08-07 03:49:21'),
	(24, 4, 'website/images/products/product_53.webp', '2025-08-07 03:49:21', '2025-08-07 03:49:21'),
	(25, 5, 'website/images/products/product_16.webp', '2025-08-07 03:49:21', '2025-08-07 03:49:21'),
	(26, 5, 'website/images/products/product_17.webp', '2025-08-07 03:49:21', '2025-08-07 03:49:21'),
	(27, 5, 'website/images/products/product_18.webp', '2025-08-07 03:49:21', '2025-08-07 03:49:21'),
	(28, 5, 'website/images/products/product_39.webp', '2025-08-07 03:49:21', '2025-08-07 03:49:21'),
	(29, 5, 'website/images/products/product_46.webp', '2025-08-07 03:49:21', '2025-08-07 03:49:21'),
	(30, 5, 'website/images/products/product_50.webp', '2025-08-07 03:49:21', '2025-08-07 03:49:21'),
	(31, 6, 'website/images/products/product_3.webp', '2025-08-07 03:49:21', '2025-08-07 03:49:21'),
	(32, 6, 'website/images/products/product_53.webp', '2025-08-07 03:49:21', '2025-08-07 03:49:21'),
	(33, 6, 'website/images/products/product_54.webp', '2025-08-07 03:49:21', '2025-08-07 03:49:21'),
	(34, 6, 'website/images/products/product_55.webp', '2025-08-07 03:49:21', '2025-08-07 03:49:21'),
	(35, 6, 'website/images/products/product_57.webp', '2025-08-07 03:49:21', '2025-08-07 03:49:21'),
	(36, 6, 'website/images/products/product_8.webp', '2025-08-07 03:49:21', '2025-08-07 03:49:21'),
	(37, 7, 'website/images/products/product_25.webp', '2025-08-07 03:49:22', '2025-08-07 03:49:22'),
	(38, 7, 'website/images/products/product_36.webp', '2025-08-07 03:49:22', '2025-08-07 03:49:22'),
	(39, 7, 'website/images/products/product_37.webp', '2025-08-07 03:49:22', '2025-08-07 03:49:22'),
	(40, 7, 'website/images/products/product_43.webp', '2025-08-07 03:49:22', '2025-08-07 03:49:22'),
	(41, 7, 'website/images/products/product_51.webp', '2025-08-07 03:49:22', '2025-08-07 03:49:22'),
	(42, 7, 'website/images/products/product_6.webp', '2025-08-07 03:49:22', '2025-08-07 03:49:22'),
	(43, 8, 'website/images/products/product_14.webp', '2025-08-07 03:49:22', '2025-08-07 03:49:22'),
	(44, 8, 'website/images/products/product_2.webp', '2025-08-07 03:49:22', '2025-08-07 03:49:22'),
	(45, 8, 'website/images/products/product_30.webp', '2025-08-07 03:49:22', '2025-08-07 03:49:22'),
	(46, 8, 'website/images/products/product_38.webp', '2025-08-07 03:49:22', '2025-08-07 03:49:22'),
	(47, 8, 'website/images/products/product_45.webp', '2025-08-07 03:49:22', '2025-08-07 03:49:22'),
	(48, 8, 'website/images/products/product_46.webp', '2025-08-07 03:49:22', '2025-08-07 03:49:22'),
	(49, 9, 'website/images/products/product_13.webp', '2025-08-07 03:49:22', '2025-08-07 03:49:22'),
	(50, 9, 'website/images/products/product_24.webp', '2025-08-07 03:49:22', '2025-08-07 03:49:22'),
	(51, 9, 'website/images/products/product_34.webp', '2025-08-07 03:49:22', '2025-08-07 03:49:22'),
	(52, 9, 'website/images/products/product_4.webp', '2025-08-07 03:49:22', '2025-08-07 03:49:22'),
	(53, 9, 'website/images/products/product_50.webp', '2025-08-07 03:49:22', '2025-08-07 03:49:22'),
	(54, 9, 'website/images/products/product_52.webp', '2025-08-07 03:49:22', '2025-08-07 03:49:22'),
	(55, 10, 'website/images/products/product_14.webp', '2025-08-07 03:49:22', '2025-08-07 03:49:22'),
	(56, 10, 'website/images/products/product_24.webp', '2025-08-07 03:49:22', '2025-08-07 03:49:22'),
	(57, 10, 'website/images/products/product_25.webp', '2025-08-07 03:49:22', '2025-08-07 03:49:22'),
	(58, 10, 'website/images/products/product_30.webp', '2025-08-07 03:49:22', '2025-08-07 03:49:22'),
	(59, 10, 'website/images/products/product_54.webp', '2025-08-07 03:49:22', '2025-08-07 03:49:22'),
	(60, 10, 'website/images/products/product_56.webp', '2025-08-07 03:49:22', '2025-08-07 03:49:22'),
	(61, 11, 'website/images/products/product_18.webp', '2025-08-07 03:49:22', '2025-08-07 03:49:22'),
	(62, 11, 'website/images/products/product_19.webp', '2025-08-07 03:49:22', '2025-08-07 03:49:22'),
	(63, 11, 'website/images/products/product_31.webp', '2025-08-07 03:49:22', '2025-08-07 03:49:22'),
	(64, 11, 'website/images/products/product_43.webp', '2025-08-07 03:49:22', '2025-08-07 03:49:22'),
	(65, 11, 'website/images/products/product_51.webp', '2025-08-07 03:49:22', '2025-08-07 03:49:22'),
	(66, 11, 'website/images/products/product_8.webp', '2025-08-07 03:49:22', '2025-08-07 03:49:22'),
	(67, 12, 'website/images/products/product_16.webp', '2025-08-07 03:49:22', '2025-08-07 03:49:22'),
	(68, 12, 'website/images/products/product_47.webp', '2025-08-07 03:49:22', '2025-08-07 03:49:22'),
	(69, 12, 'website/images/products/product_48.webp', '2025-08-07 03:49:22', '2025-08-07 03:49:22'),
	(70, 12, 'website/images/products/product_50.webp', '2025-08-07 03:49:22', '2025-08-07 03:49:22'),
	(71, 12, 'website/images/products/product_52.webp', '2025-08-07 03:49:22', '2025-08-07 03:49:22'),
	(72, 12, 'website/images/products/product_7.webp', '2025-08-07 03:49:22', '2025-08-07 03:49:22'),
	(73, 13, 'website/images/products/product_1.webp', '2025-08-07 03:49:22', '2025-08-07 03:49:22'),
	(74, 13, 'website/images/products/product_10.webp', '2025-08-07 03:49:22', '2025-08-07 03:49:22'),
	(75, 13, 'website/images/products/product_17.webp', '2025-08-07 03:49:22', '2025-08-07 03:49:22'),
	(76, 13, 'website/images/products/product_32.webp', '2025-08-07 03:49:22', '2025-08-07 03:49:22'),
	(77, 13, 'website/images/products/product_48.webp', '2025-08-07 03:49:22', '2025-08-07 03:49:22'),
	(78, 13, 'website/images/products/product_6.webp', '2025-08-07 03:49:22', '2025-08-07 03:49:22'),
	(79, 14, 'website/images/products/product_1.webp', '2025-08-07 03:49:22', '2025-08-07 03:49:22'),
	(80, 14, 'website/images/products/product_17.webp', '2025-08-07 03:49:22', '2025-08-07 03:49:22'),
	(81, 14, 'website/images/products/product_41.webp', '2025-08-07 03:49:22', '2025-08-07 03:49:22'),
	(82, 14, 'website/images/products/product_50.webp', '2025-08-07 03:49:22', '2025-08-07 03:49:22'),
	(83, 14, 'website/images/products/product_51.webp', '2025-08-07 03:49:22', '2025-08-07 03:49:22'),
	(84, 14, 'website/images/products/product_53.webp', '2025-08-07 03:49:22', '2025-08-07 03:49:22'),
	(85, 15, 'website/images/products/product_15.webp', '2025-08-07 03:49:22', '2025-08-07 03:49:22'),
	(86, 15, 'website/images/products/product_35.webp', '2025-08-07 03:49:22', '2025-08-07 03:49:22'),
	(87, 15, 'website/images/products/product_40.webp', '2025-08-07 03:49:22', '2025-08-07 03:49:22'),
	(88, 15, 'website/images/products/product_45.webp', '2025-08-07 03:49:22', '2025-08-07 03:49:22'),
	(89, 15, 'website/images/products/product_56.webp', '2025-08-07 03:49:22', '2025-08-07 03:49:22'),
	(90, 15, 'website/images/products/product_9.webp', '2025-08-07 03:49:22', '2025-08-07 03:49:22'),
	(91, 16, 'website/images/products/product_1.webp', '2025-08-07 03:49:22', '2025-08-07 03:49:22'),
	(92, 16, 'website/images/products/product_3.webp', '2025-08-07 03:49:22', '2025-08-07 03:49:22'),
	(93, 16, 'website/images/products/product_33.webp', '2025-08-07 03:49:22', '2025-08-07 03:49:22'),
	(94, 16, 'website/images/products/product_41.webp', '2025-08-07 03:49:22', '2025-08-07 03:49:22'),
	(95, 16, 'website/images/products/product_49.webp', '2025-08-07 03:49:22', '2025-08-07 03:49:22'),
	(96, 16, 'website/images/products/product_8.webp', '2025-08-07 03:49:22', '2025-08-07 03:49:22'),
	(97, 17, 'website/images/products/product_10.webp', '2025-08-07 03:49:22', '2025-08-07 03:49:22'),
	(98, 17, 'website/images/products/product_19.webp', '2025-08-07 03:49:22', '2025-08-07 03:49:22'),
	(99, 17, 'website/images/products/product_25.webp', '2025-08-07 03:49:22', '2025-08-07 03:49:22'),
	(100, 17, 'website/images/products/product_33.webp', '2025-08-07 03:49:22', '2025-08-07 03:49:22'),
	(101, 17, 'website/images/products/product_46.webp', '2025-08-07 03:49:22', '2025-08-07 03:49:22'),
	(102, 17, 'website/images/products/product_5.webp', '2025-08-07 03:49:22', '2025-08-07 03:49:22'),
	(103, 18, 'website/images/products/product_11.webp', '2025-08-07 03:49:22', '2025-08-07 03:49:22'),
	(104, 18, 'website/images/products/product_16.webp', '2025-08-07 03:49:22', '2025-08-07 03:49:22'),
	(105, 18, 'website/images/products/product_38.webp', '2025-08-07 03:49:22', '2025-08-07 03:49:22'),
	(106, 18, 'website/images/products/product_43.webp', '2025-08-07 03:49:22', '2025-08-07 03:49:22'),
	(107, 18, 'website/images/products/product_46.webp', '2025-08-07 03:49:22', '2025-08-07 03:49:22'),
	(108, 18, 'website/images/products/product_56.webp', '2025-08-07 03:49:22', '2025-08-07 03:49:22'),
	(109, 19, 'website/images/products/product_18.webp', '2025-08-07 03:49:22', '2025-08-07 03:49:22'),
	(110, 19, 'website/images/products/product_24.webp', '2025-08-07 03:49:22', '2025-08-07 03:49:22'),
	(111, 19, 'website/images/products/product_32.webp', '2025-08-07 03:49:22', '2025-08-07 03:49:22'),
	(112, 19, 'website/images/products/product_34.webp', '2025-08-07 03:49:22', '2025-08-07 03:49:22'),
	(113, 19, 'website/images/products/product_41.webp', '2025-08-07 03:49:22', '2025-08-07 03:49:22'),
	(114, 19, 'website/images/products/product_5.webp', '2025-08-07 03:49:22', '2025-08-07 03:49:22'),
	(115, 20, 'website/images/products/product_2.webp', '2025-08-07 03:49:22', '2025-08-07 03:49:22'),
	(116, 20, 'website/images/products/product_32.webp', '2025-08-07 03:49:22', '2025-08-07 03:49:22'),
	(117, 20, 'website/images/products/product_39.webp', '2025-08-07 03:49:22', '2025-08-07 03:49:22'),
	(118, 20, 'website/images/products/product_54.webp', '2025-08-07 03:49:22', '2025-08-07 03:49:22'),
	(119, 20, 'website/images/products/product_56.webp', '2025-08-07 03:49:22', '2025-08-07 03:49:22'),
	(120, 20, 'website/images/products/product_7.webp', '2025-08-07 03:49:22', '2025-08-07 03:49:22'),
	(121, 21, 'website/images/products/product_38.webp', '2025-08-07 03:49:22', '2025-08-07 03:49:22'),
	(122, 21, 'website/images/products/product_43.webp', '2025-08-07 03:49:22', '2025-08-07 03:49:22'),
	(123, 21, 'website/images/products/product_45.webp', '2025-08-07 03:49:22', '2025-08-07 03:49:22'),
	(124, 21, 'website/images/products/product_51.webp', '2025-08-07 03:49:22', '2025-08-07 03:49:22'),
	(125, 21, 'website/images/products/product_57.webp', '2025-08-07 03:49:22', '2025-08-07 03:49:22'),
	(126, 21, 'website/images/products/product_9.webp', '2025-08-07 03:49:22', '2025-08-07 03:49:22'),
	(127, 22, 'website/images/products/product_12.webp', '2025-08-07 03:49:22', '2025-08-07 03:49:22'),
	(128, 22, 'website/images/products/product_33.webp', '2025-08-07 03:49:22', '2025-08-07 03:49:22'),
	(129, 22, 'website/images/products/product_40.webp', '2025-08-07 03:49:22', '2025-08-07 03:49:22'),
	(130, 22, 'website/images/products/product_44.webp', '2025-08-07 03:49:22', '2025-08-07 03:49:22'),
	(131, 22, 'website/images/products/product_46.webp', '2025-08-07 03:49:22', '2025-08-07 03:49:22'),
	(132, 22, 'website/images/products/product_48.webp', '2025-08-07 03:49:22', '2025-08-07 03:49:22'),
	(133, 23, 'website/images/products/product_10.webp', '2025-08-07 03:49:22', '2025-08-07 03:49:22'),
	(134, 23, 'website/images/products/product_13.webp', '2025-08-07 03:49:22', '2025-08-07 03:49:22'),
	(135, 23, 'website/images/products/product_33.webp', '2025-08-07 03:49:22', '2025-08-07 03:49:22'),
	(136, 23, 'website/images/products/product_34.webp', '2025-08-07 03:49:22', '2025-08-07 03:49:22'),
	(137, 23, 'website/images/products/product_37.webp', '2025-08-07 03:49:22', '2025-08-07 03:49:22'),
	(138, 23, 'website/images/products/product_38.webp', '2025-08-07 03:49:22', '2025-08-07 03:49:22'),
	(139, 24, 'website/images/products/product_11.webp', '2025-08-07 03:49:23', '2025-08-07 03:49:23'),
	(140, 24, 'website/images/products/product_13.webp', '2025-08-07 03:49:23', '2025-08-07 03:49:23'),
	(141, 24, 'website/images/products/product_3.webp', '2025-08-07 03:49:23', '2025-08-07 03:49:23'),
	(142, 24, 'website/images/products/product_33.webp', '2025-08-07 03:49:23', '2025-08-07 03:49:23'),
	(143, 24, 'website/images/products/product_40.webp', '2025-08-07 03:49:23', '2025-08-07 03:49:23'),
	(144, 24, 'website/images/products/product_42.webp', '2025-08-07 03:49:23', '2025-08-07 03:49:23'),
	(145, 25, 'website/images/products/product_1.webp', '2025-08-07 03:49:23', '2025-08-07 03:49:23'),
	(146, 25, 'website/images/products/product_14.webp', '2025-08-07 03:49:23', '2025-08-07 03:49:23'),
	(147, 25, 'website/images/products/product_16.webp', '2025-08-07 03:49:23', '2025-08-07 03:49:23'),
	(148, 25, 'website/images/products/product_30.webp', '2025-08-07 03:49:23', '2025-08-07 03:49:23'),
	(149, 25, 'website/images/products/product_38.webp', '2025-08-07 03:49:23', '2025-08-07 03:49:23'),
	(150, 25, 'website/images/products/product_42.webp', '2025-08-07 03:49:23', '2025-08-07 03:49:23'),
	(151, 26, 'website/images/products/product_17.webp', '2025-08-07 03:49:23', '2025-08-07 03:49:23'),
	(152, 26, 'website/images/products/product_45.webp', '2025-08-07 03:49:23', '2025-08-07 03:49:23'),
	(153, 26, 'website/images/products/product_47.webp', '2025-08-07 03:49:23', '2025-08-07 03:49:23'),
	(154, 26, 'website/images/products/product_48.webp', '2025-08-07 03:49:23', '2025-08-07 03:49:23'),
	(155, 26, 'website/images/products/product_5.webp', '2025-08-07 03:49:23', '2025-08-07 03:49:23'),
	(156, 26, 'website/images/products/product_50.webp', '2025-08-07 03:49:23', '2025-08-07 03:49:23'),
	(157, 27, 'website/images/products/product_12.webp', '2025-08-07 03:49:23', '2025-08-07 03:49:23'),
	(158, 27, 'website/images/products/product_16.webp', '2025-08-07 03:49:23', '2025-08-07 03:49:23'),
	(159, 27, 'website/images/products/product_19.webp', '2025-08-07 03:49:23', '2025-08-07 03:49:23'),
	(160, 27, 'website/images/products/product_24.webp', '2025-08-07 03:49:23', '2025-08-07 03:49:23'),
	(161, 27, 'website/images/products/product_35.webp', '2025-08-07 03:49:23', '2025-08-07 03:49:23'),
	(162, 27, 'website/images/products/product_42.webp', '2025-08-07 03:49:23', '2025-08-07 03:49:23'),
	(163, 28, 'website/images/products/product_31.webp', '2025-08-07 03:49:23', '2025-08-07 03:49:23'),
	(164, 28, 'website/images/products/product_33.webp', '2025-08-07 03:49:23', '2025-08-07 03:49:23'),
	(165, 28, 'website/images/products/product_35.webp', '2025-08-07 03:49:23', '2025-08-07 03:49:23'),
	(166, 28, 'website/images/products/product_40.webp', '2025-08-07 03:49:23', '2025-08-07 03:49:23'),
	(167, 28, 'website/images/products/product_51.webp', '2025-08-07 03:49:23', '2025-08-07 03:49:23'),
	(168, 28, 'website/images/products/product_53.webp', '2025-08-07 03:49:23', '2025-08-07 03:49:23'),
	(169, 29, 'website/images/products/product_4.webp', '2025-08-07 03:49:23', '2025-08-07 03:49:23'),
	(170, 29, 'website/images/products/product_42.webp', '2025-08-07 03:49:23', '2025-08-07 03:49:23'),
	(171, 29, 'website/images/products/product_5.webp', '2025-08-07 03:49:23', '2025-08-07 03:49:23'),
	(172, 29, 'website/images/products/product_54.webp', '2025-08-07 03:49:23', '2025-08-07 03:49:23'),
	(173, 29, 'website/images/products/product_7.webp', '2025-08-07 03:49:23', '2025-08-07 03:49:23'),
	(174, 29, 'website/images/products/product_9.webp', '2025-08-07 03:49:23', '2025-08-07 03:49:23'),
	(175, 30, 'website/images/products/product_25.webp', '2025-08-07 03:49:23', '2025-08-07 03:49:23'),
	(176, 30, 'website/images/products/product_42.webp', '2025-08-07 03:49:23', '2025-08-07 03:49:23'),
	(177, 30, 'website/images/products/product_44.webp', '2025-08-07 03:49:23', '2025-08-07 03:49:23'),
	(178, 30, 'website/images/products/product_50.webp', '2025-08-07 03:49:23', '2025-08-07 03:49:23'),
	(179, 30, 'website/images/products/product_53.webp', '2025-08-07 03:49:23', '2025-08-07 03:49:23'),
	(180, 30, 'website/images/products/product_6.webp', '2025-08-07 03:49:23', '2025-08-07 03:49:23'),
	(181, 31, 'website/images/products/product_10.webp', '2025-08-07 03:49:23', '2025-08-07 03:49:23'),
	(182, 31, 'website/images/products/product_19.webp', '2025-08-07 03:49:23', '2025-08-07 03:49:23'),
	(183, 31, 'website/images/products/product_2.webp', '2025-08-07 03:49:23', '2025-08-07 03:49:23'),
	(184, 31, 'website/images/products/product_35.webp', '2025-08-07 03:49:23', '2025-08-07 03:49:23'),
	(185, 31, 'website/images/products/product_45.webp', '2025-08-07 03:49:23', '2025-08-07 03:49:23'),
	(186, 31, 'website/images/products/product_9.webp', '2025-08-07 03:49:23', '2025-08-07 03:49:23'),
	(187, 32, 'website/images/products/product_3.webp', '2025-08-07 03:49:23', '2025-08-07 03:49:23'),
	(188, 32, 'website/images/products/product_46.webp', '2025-08-07 03:49:23', '2025-08-07 03:49:23'),
	(189, 32, 'website/images/products/product_49.webp', '2025-08-07 03:49:23', '2025-08-07 03:49:23'),
	(190, 32, 'website/images/products/product_53.webp', '2025-08-07 03:49:23', '2025-08-07 03:49:23'),
	(191, 32, 'website/images/products/product_8.webp', '2025-08-07 03:49:23', '2025-08-07 03:49:23'),
	(192, 32, 'website/images/products/product_9.webp', '2025-08-07 03:49:23', '2025-08-07 03:49:23'),
	(193, 33, 'website/images/products/product_15.webp', '2025-08-07 03:49:23', '2025-08-07 03:49:23'),
	(194, 33, 'website/images/products/product_17.webp', '2025-08-07 03:49:23', '2025-08-07 03:49:23'),
	(195, 33, 'website/images/products/product_38.webp', '2025-08-07 03:49:23', '2025-08-07 03:49:23'),
	(196, 33, 'website/images/products/product_47.webp', '2025-08-07 03:49:23', '2025-08-07 03:49:23'),
	(197, 33, 'website/images/products/product_56.webp', '2025-08-07 03:49:23', '2025-08-07 03:49:23'),
	(198, 33, 'website/images/products/product_6.webp', '2025-08-07 03:49:23', '2025-08-07 03:49:23'),
	(199, 34, 'website/images/products/product_10.webp', '2025-08-07 03:49:23', '2025-08-07 03:49:23'),
	(200, 34, 'website/images/products/product_12.webp', '2025-08-07 03:49:23', '2025-08-07 03:49:23'),
	(201, 34, 'website/images/products/product_16.webp', '2025-08-07 03:49:23', '2025-08-07 03:49:23'),
	(202, 34, 'website/images/products/product_18.webp', '2025-08-07 03:49:23', '2025-08-07 03:49:23'),
	(203, 34, 'website/images/products/product_35.webp', '2025-08-07 03:49:23', '2025-08-07 03:49:23'),
	(204, 34, 'website/images/products/product_56.webp', '2025-08-07 03:49:23', '2025-08-07 03:49:23'),
	(205, 35, 'website/images/products/product_2.webp', '2025-08-07 03:49:23', '2025-08-07 03:49:23'),
	(206, 35, 'website/images/products/product_3.webp', '2025-08-07 03:49:23', '2025-08-07 03:49:23'),
	(207, 35, 'website/images/products/product_38.webp', '2025-08-07 03:49:23', '2025-08-07 03:49:23'),
	(208, 35, 'website/images/products/product_43.webp', '2025-08-07 03:49:23', '2025-08-07 03:49:23'),
	(209, 35, 'website/images/products/product_48.webp', '2025-08-07 03:49:23', '2025-08-07 03:49:23'),
	(210, 35, 'website/images/products/product_54.webp', '2025-08-07 03:49:23', '2025-08-07 03:49:23'),
	(211, 36, 'website/images/products/product_1.webp', '2025-08-07 03:49:23', '2025-08-07 03:49:23'),
	(212, 36, 'website/images/products/product_16.webp', '2025-08-07 03:49:23', '2025-08-07 03:49:23'),
	(213, 36, 'website/images/products/product_18.webp', '2025-08-07 03:49:23', '2025-08-07 03:49:23'),
	(214, 36, 'website/images/products/product_5.webp', '2025-08-07 03:49:23', '2025-08-07 03:49:23'),
	(215, 36, 'website/images/products/product_52.webp', '2025-08-07 03:49:23', '2025-08-07 03:49:23'),
	(216, 36, 'website/images/products/product_54.webp', '2025-08-07 03:49:23', '2025-08-07 03:49:23'),
	(217, 37, 'website/images/products/product_10.webp', '2025-08-07 03:49:23', '2025-08-07 03:49:23'),
	(218, 37, 'website/images/products/product_11.webp', '2025-08-07 03:49:23', '2025-08-07 03:49:23'),
	(219, 37, 'website/images/products/product_14.webp', '2025-08-07 03:49:23', '2025-08-07 03:49:23'),
	(220, 37, 'website/images/products/product_49.webp', '2025-08-07 03:49:23', '2025-08-07 03:49:23'),
	(221, 37, 'website/images/products/product_51.webp', '2025-08-07 03:49:23', '2025-08-07 03:49:23'),
	(222, 37, 'website/images/products/product_53.webp', '2025-08-07 03:49:23', '2025-08-07 03:49:23'),
	(223, 38, 'website/images/products/product_10.webp', '2025-08-07 03:49:23', '2025-08-07 03:49:23'),
	(224, 38, 'website/images/products/product_50.webp', '2025-08-07 03:49:23', '2025-08-07 03:49:23'),
	(225, 38, 'website/images/products/product_54.webp', '2025-08-07 03:49:23', '2025-08-07 03:49:23'),
	(226, 38, 'website/images/products/product_55.webp', '2025-08-07 03:49:23', '2025-08-07 03:49:23'),
	(227, 38, 'website/images/products/product_7.webp', '2025-08-07 03:49:23', '2025-08-07 03:49:23'),
	(228, 38, 'website/images/products/product_8.webp', '2025-08-07 03:49:23', '2025-08-07 03:49:23'),
	(229, 39, 'website/images/products/product_18.webp', '2025-08-07 03:49:23', '2025-08-07 03:49:23'),
	(230, 39, 'website/images/products/product_39.webp', '2025-08-07 03:49:23', '2025-08-07 03:49:23'),
	(231, 39, 'website/images/products/product_41.webp', '2025-08-07 03:49:23', '2025-08-07 03:49:23'),
	(232, 39, 'website/images/products/product_46.webp', '2025-08-07 03:49:23', '2025-08-07 03:49:23'),
	(233, 39, 'website/images/products/product_48.webp', '2025-08-07 03:49:23', '2025-08-07 03:49:23'),
	(234, 39, 'website/images/products/product_56.webp', '2025-08-07 03:49:23', '2025-08-07 03:49:23'),
	(235, 40, 'website/images/products/product_1.webp', '2025-08-07 03:49:24', '2025-08-07 03:49:24'),
	(236, 40, 'website/images/products/product_19.webp', '2025-08-07 03:49:24', '2025-08-07 03:49:24'),
	(237, 40, 'website/images/products/product_42.webp', '2025-08-07 03:49:24', '2025-08-07 03:49:24'),
	(238, 40, 'website/images/products/product_43.webp', '2025-08-07 03:49:24', '2025-08-07 03:49:24'),
	(239, 40, 'website/images/products/product_52.webp', '2025-08-07 03:49:24', '2025-08-07 03:49:24'),
	(240, 40, 'website/images/products/product_54.webp', '2025-08-07 03:49:24', '2025-08-07 03:49:24'),
	(241, 41, 'website/images/products/product_24.webp', '2025-08-07 03:49:24', '2025-08-07 03:49:24'),
	(242, 41, 'website/images/products/product_31.webp', '2025-08-07 03:49:24', '2025-08-07 03:49:24'),
	(243, 41, 'website/images/products/product_36.webp', '2025-08-07 03:49:24', '2025-08-07 03:49:24'),
	(244, 41, 'website/images/products/product_50.webp', '2025-08-07 03:49:24', '2025-08-07 03:49:24'),
	(245, 41, 'website/images/products/product_54.webp', '2025-08-07 03:49:24', '2025-08-07 03:49:24'),
	(246, 41, 'website/images/products/product_6.webp', '2025-08-07 03:49:24', '2025-08-07 03:49:24'),
	(247, 42, 'website/images/products/product_14.webp', '2025-08-07 03:49:24', '2025-08-07 03:49:24'),
	(248, 42, 'website/images/products/product_24.webp', '2025-08-07 03:49:24', '2025-08-07 03:49:24'),
	(249, 42, 'website/images/products/product_39.webp', '2025-08-07 03:49:24', '2025-08-07 03:49:24'),
	(250, 42, 'website/images/products/product_45.webp', '2025-08-07 03:49:24', '2025-08-07 03:49:24'),
	(251, 42, 'website/images/products/product_7.webp', '2025-08-07 03:49:24', '2025-08-07 03:49:24'),
	(252, 42, 'website/images/products/product_9.webp', '2025-08-07 03:49:24', '2025-08-07 03:49:24'),
	(253, 43, 'website/images/products/product_18.webp', '2025-08-07 03:49:24', '2025-08-07 03:49:24'),
	(254, 43, 'website/images/products/product_30.webp', '2025-08-07 03:49:24', '2025-08-07 03:49:24'),
	(255, 43, 'website/images/products/product_40.webp', '2025-08-07 03:49:24', '2025-08-07 03:49:24'),
	(256, 43, 'website/images/products/product_42.webp', '2025-08-07 03:49:24', '2025-08-07 03:49:24'),
	(257, 43, 'website/images/products/product_55.webp', '2025-08-07 03:49:24', '2025-08-07 03:49:24'),
	(258, 43, 'website/images/products/product_8.webp', '2025-08-07 03:49:24', '2025-08-07 03:49:24'),
	(259, 44, 'website/images/products/product_11.webp', '2025-08-07 03:49:24', '2025-08-07 03:49:24'),
	(260, 44, 'website/images/products/product_19.webp', '2025-08-07 03:49:24', '2025-08-07 03:49:24'),
	(261, 44, 'website/images/products/product_25.webp', '2025-08-07 03:49:24', '2025-08-07 03:49:24'),
	(262, 44, 'website/images/products/product_3.webp', '2025-08-07 03:49:24', '2025-08-07 03:49:24'),
	(263, 44, 'website/images/products/product_38.webp', '2025-08-07 03:49:24', '2025-08-07 03:49:24'),
	(264, 44, 'website/images/products/product_6.webp', '2025-08-07 03:49:24', '2025-08-07 03:49:24'),
	(265, 45, 'website/images/products/product_13.webp', '2025-08-07 03:49:24', '2025-08-07 03:49:24'),
	(266, 45, 'website/images/products/product_15.webp', '2025-08-07 03:49:24', '2025-08-07 03:49:24'),
	(267, 45, 'website/images/products/product_33.webp', '2025-08-07 03:49:24', '2025-08-07 03:49:24'),
	(268, 45, 'website/images/products/product_35.webp', '2025-08-07 03:49:24', '2025-08-07 03:49:24'),
	(269, 45, 'website/images/products/product_42.webp', '2025-08-07 03:49:24', '2025-08-07 03:49:24'),
	(270, 45, 'website/images/products/product_47.webp', '2025-08-07 03:49:24', '2025-08-07 03:49:24'),
	(271, 46, 'website/images/products/product_10.webp', '2025-08-07 03:49:24', '2025-08-07 03:49:24'),
	(272, 46, 'website/images/products/product_12.webp', '2025-08-07 03:49:24', '2025-08-07 03:49:24'),
	(273, 46, 'website/images/products/product_37.webp', '2025-08-07 03:49:24', '2025-08-07 03:49:24'),
	(274, 46, 'website/images/products/product_38.webp', '2025-08-07 03:49:24', '2025-08-07 03:49:24'),
	(275, 46, 'website/images/products/product_44.webp', '2025-08-07 03:49:24', '2025-08-07 03:49:24'),
	(276, 46, 'website/images/products/product_53.webp', '2025-08-07 03:49:24', '2025-08-07 03:49:24'),
	(277, 47, 'website/images/products/product_10.webp', '2025-08-07 03:49:24', '2025-08-07 03:49:24'),
	(278, 47, 'website/images/products/product_3.webp', '2025-08-07 03:49:24', '2025-08-07 03:49:24'),
	(279, 47, 'website/images/products/product_33.webp', '2025-08-07 03:49:24', '2025-08-07 03:49:24'),
	(280, 47, 'website/images/products/product_38.webp', '2025-08-07 03:49:24', '2025-08-07 03:49:24'),
	(281, 47, 'website/images/products/product_54.webp', '2025-08-07 03:49:24', '2025-08-07 03:49:24'),
	(282, 47, 'website/images/products/product_8.webp', '2025-08-07 03:49:24', '2025-08-07 03:49:24'),
	(283, 48, 'website/images/products/product_11.webp', '2025-08-07 03:49:24', '2025-08-07 03:49:24'),
	(284, 48, 'website/images/products/product_19.webp', '2025-08-07 03:49:24', '2025-08-07 03:49:24'),
	(285, 48, 'website/images/products/product_47.webp', '2025-08-07 03:49:24', '2025-08-07 03:49:24'),
	(286, 48, 'website/images/products/product_5.webp', '2025-08-07 03:49:24', '2025-08-07 03:49:24'),
	(287, 48, 'website/images/products/product_56.webp', '2025-08-07 03:49:24', '2025-08-07 03:49:24'),
	(288, 48, 'website/images/products/product_8.webp', '2025-08-07 03:49:24', '2025-08-07 03:49:24'),
	(289, 49, 'website/images/products/product_11.webp', '2025-08-07 03:49:24', '2025-08-07 03:49:24'),
	(290, 49, 'website/images/products/product_15.webp', '2025-08-07 03:49:24', '2025-08-07 03:49:24'),
	(291, 49, 'website/images/products/product_42.webp', '2025-08-07 03:49:24', '2025-08-07 03:49:24'),
	(292, 49, 'website/images/products/product_57.webp', '2025-08-07 03:49:24', '2025-08-07 03:49:24'),
	(293, 49, 'website/images/products/product_58.webp', '2025-08-07 03:49:24', '2025-08-07 03:49:24'),
	(294, 49, 'website/images/products/product_7.webp', '2025-08-07 03:49:24', '2025-08-07 03:49:24'),
	(295, 50, 'website/images/products/product_14.webp', '2025-08-07 03:49:24', '2025-08-07 03:49:24'),
	(296, 50, 'website/images/products/product_25.webp', '2025-08-07 03:49:24', '2025-08-07 03:49:24'),
	(297, 50, 'website/images/products/product_33.webp', '2025-08-07 03:49:24', '2025-08-07 03:49:24'),
	(298, 50, 'website/images/products/product_35.webp', '2025-08-07 03:49:24', '2025-08-07 03:49:24'),
	(299, 50, 'website/images/products/product_42.webp', '2025-08-07 03:49:24', '2025-08-07 03:49:24'),
	(300, 50, 'website/images/products/product_57.webp', '2025-08-07 03:49:24', '2025-08-07 03:49:24'),
	(301, 51, 'website/images/products/product_10.webp', '2025-08-07 03:49:24', '2025-08-07 03:49:24'),
	(302, 51, 'website/images/products/product_13.webp', '2025-08-07 03:49:24', '2025-08-07 03:49:24'),
	(303, 51, 'website/images/products/product_15.webp', '2025-08-07 03:49:24', '2025-08-07 03:49:24'),
	(304, 51, 'website/images/products/product_43.webp', '2025-08-07 03:49:24', '2025-08-07 03:49:24'),
	(305, 51, 'website/images/products/product_47.webp', '2025-08-07 03:49:24', '2025-08-07 03:49:24'),
	(306, 51, 'website/images/products/product_48.webp', '2025-08-07 03:49:24', '2025-08-07 03:49:24'),
	(307, 52, 'website/images/products/product_16.webp', '2025-08-07 03:49:24', '2025-08-07 03:49:24'),
	(308, 52, 'website/images/products/product_24.webp', '2025-08-07 03:49:24', '2025-08-07 03:49:24'),
	(309, 52, 'website/images/products/product_33.webp', '2025-08-07 03:49:24', '2025-08-07 03:49:24'),
	(310, 52, 'website/images/products/product_41.webp', '2025-08-07 03:49:24', '2025-08-07 03:49:24'),
	(311, 52, 'website/images/products/product_47.webp', '2025-08-07 03:49:24', '2025-08-07 03:49:24'),
	(312, 52, 'website/images/products/product_53.webp', '2025-08-07 03:49:24', '2025-08-07 03:49:24'),
	(313, 53, 'website/images/products/product_46.webp', '2025-08-07 03:49:24', '2025-08-07 03:49:24'),
	(314, 53, 'website/images/products/product_5.webp', '2025-08-07 03:49:24', '2025-08-07 03:49:24'),
	(315, 53, 'website/images/products/product_50.webp', '2025-08-07 03:49:24', '2025-08-07 03:49:24'),
	(316, 53, 'website/images/products/product_52.webp', '2025-08-07 03:49:24', '2025-08-07 03:49:24'),
	(317, 53, 'website/images/products/product_55.webp', '2025-08-07 03:49:24', '2025-08-07 03:49:24'),
	(318, 53, 'website/images/products/product_56.webp', '2025-08-07 03:49:24', '2025-08-07 03:49:24'),
	(319, 54, 'website/images/products/product_15.webp', '2025-08-07 03:49:24', '2025-08-07 03:49:24'),
	(320, 54, 'website/images/products/product_16.webp', '2025-08-07 03:49:24', '2025-08-07 03:49:24'),
	(321, 54, 'website/images/products/product_30.webp', '2025-08-07 03:49:24', '2025-08-07 03:49:24'),
	(322, 54, 'website/images/products/product_4.webp', '2025-08-07 03:49:24', '2025-08-07 03:49:24'),
	(323, 54, 'website/images/products/product_46.webp', '2025-08-07 03:49:24', '2025-08-07 03:49:24'),
	(324, 54, 'website/images/products/product_56.webp', '2025-08-07 03:49:24', '2025-08-07 03:49:24'),
	(325, 55, 'website/images/products/product_2.webp', '2025-08-07 03:49:24', '2025-08-07 03:49:24'),
	(326, 55, 'website/images/products/product_30.webp', '2025-08-07 03:49:24', '2025-08-07 03:49:24'),
	(327, 55, 'website/images/products/product_40.webp', '2025-08-07 03:49:24', '2025-08-07 03:49:24'),
	(328, 55, 'website/images/products/product_46.webp', '2025-08-07 03:49:24', '2025-08-07 03:49:24'),
	(329, 55, 'website/images/products/product_51.webp', '2025-08-07 03:49:24', '2025-08-07 03:49:24'),
	(330, 55, 'website/images/products/product_52.webp', '2025-08-07 03:49:24', '2025-08-07 03:49:24'),
	(331, 56, 'website/images/products/product_11.webp', '2025-08-07 03:49:24', '2025-08-07 03:49:24'),
	(332, 56, 'website/images/products/product_17.webp', '2025-08-07 03:49:24', '2025-08-07 03:49:24'),
	(333, 56, 'website/images/products/product_36.webp', '2025-08-07 03:49:24', '2025-08-07 03:49:24'),
	(334, 56, 'website/images/products/product_44.webp', '2025-08-07 03:49:24', '2025-08-07 03:49:24'),
	(335, 56, 'website/images/products/product_49.webp', '2025-08-07 03:49:24', '2025-08-07 03:49:24'),
	(336, 56, 'website/images/products/product_6.webp', '2025-08-07 03:49:24', '2025-08-07 03:49:24'),
	(337, 57, 'website/images/products/product_25.webp', '2025-08-07 03:49:24', '2025-08-07 03:49:24'),
	(338, 57, 'website/images/products/product_34.webp', '2025-08-07 03:49:24', '2025-08-07 03:49:24'),
	(339, 57, 'website/images/products/product_4.webp', '2025-08-07 03:49:24', '2025-08-07 03:49:24'),
	(340, 57, 'website/images/products/product_44.webp', '2025-08-07 03:49:24', '2025-08-07 03:49:24'),
	(341, 57, 'website/images/products/product_49.webp', '2025-08-07 03:49:24', '2025-08-07 03:49:24'),
	(342, 57, 'website/images/products/product_55.webp', '2025-08-07 03:49:24', '2025-08-07 03:49:24'),
	(343, 58, 'website/images/products/product_10.webp', '2025-08-07 03:49:25', '2025-08-07 03:49:25'),
	(344, 58, 'website/images/products/product_11.webp', '2025-08-07 03:49:25', '2025-08-07 03:49:25'),
	(345, 58, 'website/images/products/product_13.webp', '2025-08-07 03:49:25', '2025-08-07 03:49:25'),
	(346, 58, 'website/images/products/product_17.webp', '2025-08-07 03:49:25', '2025-08-07 03:49:25'),
	(347, 58, 'website/images/products/product_19.webp', '2025-08-07 03:49:25', '2025-08-07 03:49:25'),
	(348, 58, 'website/images/products/product_41.webp', '2025-08-07 03:49:25', '2025-08-07 03:49:25'),
	(349, 59, 'website/images/products/product_34.webp', '2025-08-07 03:49:25', '2025-08-07 03:49:25'),
	(350, 59, 'website/images/products/product_39.webp', '2025-08-07 03:49:25', '2025-08-07 03:49:25'),
	(351, 59, 'website/images/products/product_44.webp', '2025-08-07 03:49:25', '2025-08-07 03:49:25'),
	(352, 59, 'website/images/products/product_55.webp', '2025-08-07 03:49:25', '2025-08-07 03:49:25'),
	(353, 59, 'website/images/products/product_6.webp', '2025-08-07 03:49:25', '2025-08-07 03:49:25'),
	(354, 59, 'website/images/products/product_7.webp', '2025-08-07 03:49:25', '2025-08-07 03:49:25'),
	(355, 60, 'website/images/products/product_31.webp', '2025-08-07 03:49:25', '2025-08-07 03:49:25'),
	(356, 60, 'website/images/products/product_34.webp', '2025-08-07 03:49:25', '2025-08-07 03:49:25'),
	(357, 60, 'website/images/products/product_38.webp', '2025-08-07 03:49:25', '2025-08-07 03:49:25'),
	(358, 60, 'website/images/products/product_40.webp', '2025-08-07 03:49:25', '2025-08-07 03:49:25'),
	(359, 60, 'website/images/products/product_5.webp', '2025-08-07 03:49:25', '2025-08-07 03:49:25'),
	(360, 60, 'website/images/products/product_55.webp', '2025-08-07 03:49:25', '2025-08-07 03:49:25'),
	(361, 61, 'website/images/products/product_19.webp', '2025-08-07 03:49:25', '2025-08-07 03:49:25'),
	(362, 61, 'website/images/products/product_30.webp', '2025-08-07 03:49:25', '2025-08-07 03:49:25'),
	(363, 61, 'website/images/products/product_4.webp', '2025-08-07 03:49:25', '2025-08-07 03:49:25'),
	(364, 61, 'website/images/products/product_45.webp', '2025-08-07 03:49:25', '2025-08-07 03:49:25'),
	(365, 61, 'website/images/products/product_56.webp', '2025-08-07 03:49:25', '2025-08-07 03:49:25'),
	(366, 61, 'website/images/products/product_8.webp', '2025-08-07 03:49:25', '2025-08-07 03:49:25'),
	(367, 62, 'website/images/products/product_24.webp', '2025-08-07 03:49:25', '2025-08-07 03:49:25'),
	(368, 62, 'website/images/products/product_31.webp', '2025-08-07 03:49:25', '2025-08-07 03:49:25'),
	(369, 62, 'website/images/products/product_32.webp', '2025-08-07 03:49:25', '2025-08-07 03:49:25'),
	(370, 62, 'website/images/products/product_33.webp', '2025-08-07 03:49:25', '2025-08-07 03:49:25'),
	(371, 62, 'website/images/products/product_37.webp', '2025-08-07 03:49:25', '2025-08-07 03:49:25'),
	(372, 62, 'website/images/products/product_6.webp', '2025-08-07 03:49:25', '2025-08-07 03:49:25'),
	(373, 63, 'website/images/products/product_1.webp', '2025-08-07 03:49:25', '2025-08-07 03:49:25'),
	(374, 63, 'website/images/products/product_11.webp', '2025-08-07 03:49:25', '2025-08-07 03:49:25'),
	(375, 63, 'website/images/products/product_36.webp', '2025-08-07 03:49:25', '2025-08-07 03:49:25'),
	(376, 63, 'website/images/products/product_4.webp', '2025-08-07 03:49:25', '2025-08-07 03:49:25'),
	(377, 63, 'website/images/products/product_40.webp', '2025-08-07 03:49:25', '2025-08-07 03:49:25'),
	(378, 63, 'website/images/products/product_57.webp', '2025-08-07 03:49:25', '2025-08-07 03:49:25'),
	(379, 64, 'website/images/products/product_4.webp', '2025-08-07 03:49:25', '2025-08-07 03:49:25'),
	(380, 64, 'website/images/products/product_43.webp', '2025-08-07 03:49:25', '2025-08-07 03:49:25'),
	(381, 64, 'website/images/products/product_5.webp', '2025-08-07 03:49:25', '2025-08-07 03:49:25'),
	(382, 64, 'website/images/products/product_55.webp', '2025-08-07 03:49:25', '2025-08-07 03:49:25'),
	(383, 64, 'website/images/products/product_6.webp', '2025-08-07 03:49:25', '2025-08-07 03:49:25'),
	(384, 64, 'website/images/products/product_7.webp', '2025-08-07 03:49:25', '2025-08-07 03:49:25'),
	(385, 65, 'website/images/products/product_17.webp', '2025-08-07 03:49:25', '2025-08-07 03:49:25'),
	(386, 65, 'website/images/products/product_32.webp', '2025-08-07 03:49:25', '2025-08-07 03:49:25'),
	(387, 65, 'website/images/products/product_39.webp', '2025-08-07 03:49:25', '2025-08-07 03:49:25'),
	(388, 65, 'website/images/products/product_40.webp', '2025-08-07 03:49:25', '2025-08-07 03:49:25'),
	(389, 65, 'website/images/products/product_42.webp', '2025-08-07 03:49:25', '2025-08-07 03:49:25'),
	(390, 65, 'website/images/products/product_47.webp', '2025-08-07 03:49:25', '2025-08-07 03:49:25'),
	(391, 66, 'website/images/products/product_19.webp', '2025-08-07 03:49:25', '2025-08-07 03:49:25'),
	(392, 66, 'website/images/products/product_37.webp', '2025-08-07 03:49:25', '2025-08-07 03:49:25'),
	(393, 66, 'website/images/products/product_4.webp', '2025-08-07 03:49:25', '2025-08-07 03:49:25'),
	(394, 66, 'website/images/products/product_41.webp', '2025-08-07 03:49:25', '2025-08-07 03:49:25'),
	(395, 66, 'website/images/products/product_52.webp', '2025-08-07 03:49:25', '2025-08-07 03:49:25'),
	(396, 66, 'website/images/products/product_6.webp', '2025-08-07 03:49:25', '2025-08-07 03:49:25'),
	(397, 67, 'website/images/products/product_11.webp', '2025-08-07 03:49:25', '2025-08-07 03:49:25'),
	(398, 67, 'website/images/products/product_3.webp', '2025-08-07 03:49:25', '2025-08-07 03:49:25'),
	(399, 67, 'website/images/products/product_31.webp', '2025-08-07 03:49:25', '2025-08-07 03:49:25'),
	(400, 67, 'website/images/products/product_47.webp', '2025-08-07 03:49:25', '2025-08-07 03:49:25'),
	(401, 67, 'website/images/products/product_6.webp', '2025-08-07 03:49:25', '2025-08-07 03:49:25'),
	(402, 67, 'website/images/products/product_9.webp', '2025-08-07 03:49:25', '2025-08-07 03:49:25'),
	(403, 68, 'website/images/products/product_31.webp', '2025-08-07 03:49:25', '2025-08-07 03:49:25'),
	(404, 68, 'website/images/products/product_42.webp', '2025-08-07 03:49:25', '2025-08-07 03:49:25'),
	(405, 68, 'website/images/products/product_47.webp', '2025-08-07 03:49:25', '2025-08-07 03:49:25'),
	(406, 68, 'website/images/products/product_53.webp', '2025-08-07 03:49:25', '2025-08-07 03:49:25'),
	(407, 68, 'website/images/products/product_57.webp', '2025-08-07 03:49:25', '2025-08-07 03:49:25'),
	(408, 68, 'website/images/products/product_9.webp', '2025-08-07 03:49:25', '2025-08-07 03:49:25'),
	(409, 69, 'website/images/products/product_10.webp', '2025-08-07 03:49:25', '2025-08-07 03:49:25'),
	(410, 69, 'website/images/products/product_14.webp', '2025-08-07 03:49:25', '2025-08-07 03:49:25'),
	(411, 69, 'website/images/products/product_31.webp', '2025-08-07 03:49:25', '2025-08-07 03:49:25'),
	(412, 69, 'website/images/products/product_49.webp', '2025-08-07 03:49:25', '2025-08-07 03:49:25'),
	(413, 69, 'website/images/products/product_57.webp', '2025-08-07 03:49:25', '2025-08-07 03:49:25'),
	(414, 69, 'website/images/products/product_6.webp', '2025-08-07 03:49:25', '2025-08-07 03:49:25'),
	(415, 70, 'website/images/products/product_16.webp', '2025-08-07 03:49:25', '2025-08-07 03:49:25'),
	(416, 70, 'website/images/products/product_33.webp', '2025-08-07 03:49:25', '2025-08-07 03:49:25'),
	(417, 70, 'website/images/products/product_35.webp', '2025-08-07 03:49:25', '2025-08-07 03:49:25'),
	(418, 70, 'website/images/products/product_47.webp', '2025-08-07 03:49:25', '2025-08-07 03:49:25'),
	(419, 70, 'website/images/products/product_56.webp', '2025-08-07 03:49:25', '2025-08-07 03:49:25'),
	(420, 70, 'website/images/products/product_9.webp', '2025-08-07 03:49:25', '2025-08-07 03:49:25'),
	(421, 71, 'website/images/products/product_1.webp', '2025-08-07 03:49:25', '2025-08-07 03:49:25'),
	(422, 71, 'website/images/products/product_3.webp', '2025-08-07 03:49:25', '2025-08-07 03:49:25'),
	(423, 71, 'website/images/products/product_35.webp', '2025-08-07 03:49:25', '2025-08-07 03:49:25'),
	(424, 71, 'website/images/products/product_37.webp', '2025-08-07 03:49:25', '2025-08-07 03:49:25'),
	(425, 71, 'website/images/products/product_44.webp', '2025-08-07 03:49:25', '2025-08-07 03:49:25'),
	(426, 71, 'website/images/products/product_49.webp', '2025-08-07 03:49:25', '2025-08-07 03:49:25'),
	(427, 72, 'website/images/products/product_2.webp', '2025-08-07 03:49:25', '2025-08-07 03:49:25'),
	(428, 72, 'website/images/products/product_30.webp', '2025-08-07 03:49:25', '2025-08-07 03:49:25'),
	(429, 72, 'website/images/products/product_38.webp', '2025-08-07 03:49:25', '2025-08-07 03:49:25'),
	(430, 72, 'website/images/products/product_41.webp', '2025-08-07 03:49:25', '2025-08-07 03:49:25'),
	(431, 72, 'website/images/products/product_49.webp', '2025-08-07 03:49:25', '2025-08-07 03:49:25'),
	(432, 72, 'website/images/products/product_58.webp', '2025-08-07 03:49:25', '2025-08-07 03:49:25'),
	(433, 73, 'website/images/products/product_10.webp', '2025-08-07 03:49:25', '2025-08-07 03:49:25'),
	(434, 73, 'website/images/products/product_14.webp', '2025-08-07 03:49:25', '2025-08-07 03:49:25'),
	(435, 73, 'website/images/products/product_24.webp', '2025-08-07 03:49:25', '2025-08-07 03:49:25'),
	(436, 73, 'website/images/products/product_49.webp', '2025-08-07 03:49:25', '2025-08-07 03:49:25'),
	(437, 73, 'website/images/products/product_51.webp', '2025-08-07 03:49:25', '2025-08-07 03:49:25'),
	(438, 73, 'website/images/products/product_57.webp', '2025-08-07 03:49:25', '2025-08-07 03:49:25'),
	(439, 74, 'website/images/products/product_10.webp', '2025-08-07 03:49:25', '2025-08-07 03:49:25'),
	(440, 74, 'website/images/products/product_2.webp', '2025-08-07 03:49:25', '2025-08-07 03:49:25'),
	(441, 74, 'website/images/products/product_46.webp', '2025-08-07 03:49:25', '2025-08-07 03:49:25'),
	(442, 74, 'website/images/products/product_48.webp', '2025-08-07 03:49:25', '2025-08-07 03:49:25'),
	(443, 74, 'website/images/products/product_53.webp', '2025-08-07 03:49:25', '2025-08-07 03:49:25'),
	(444, 74, 'website/images/products/product_54.webp', '2025-08-07 03:49:25', '2025-08-07 03:49:25'),
	(445, 75, 'website/images/products/product_25.webp', '2025-08-07 03:49:26', '2025-08-07 03:49:26'),
	(446, 75, 'website/images/products/product_3.webp', '2025-08-07 03:49:26', '2025-08-07 03:49:26'),
	(447, 75, 'website/images/products/product_36.webp', '2025-08-07 03:49:26', '2025-08-07 03:49:26'),
	(448, 75, 'website/images/products/product_40.webp', '2025-08-07 03:49:26', '2025-08-07 03:49:26'),
	(449, 75, 'website/images/products/product_45.webp', '2025-08-07 03:49:26', '2025-08-07 03:49:26'),
	(450, 75, 'website/images/products/product_7.webp', '2025-08-07 03:49:26', '2025-08-07 03:49:26'),
	(451, 76, 'website/images/products/product_1.webp', '2025-08-07 03:49:26', '2025-08-07 03:49:26'),
	(452, 76, 'website/images/products/product_13.webp', '2025-08-07 03:49:26', '2025-08-07 03:49:26'),
	(453, 76, 'website/images/products/product_46.webp', '2025-08-07 03:49:26', '2025-08-07 03:49:26'),
	(454, 76, 'website/images/products/product_48.webp', '2025-08-07 03:49:26', '2025-08-07 03:49:26'),
	(455, 76, 'website/images/products/product_53.webp', '2025-08-07 03:49:26', '2025-08-07 03:49:26'),
	(456, 76, 'website/images/products/product_58.webp', '2025-08-07 03:49:26', '2025-08-07 03:49:26'),
	(457, 77, 'website/images/products/product_11.webp', '2025-08-07 03:49:26', '2025-08-07 03:49:26'),
	(458, 77, 'website/images/products/product_14.webp', '2025-08-07 03:49:26', '2025-08-07 03:49:26'),
	(459, 77, 'website/images/products/product_30.webp', '2025-08-07 03:49:26', '2025-08-07 03:49:26'),
	(460, 77, 'website/images/products/product_43.webp', '2025-08-07 03:49:26', '2025-08-07 03:49:26'),
	(461, 77, 'website/images/products/product_56.webp', '2025-08-07 03:49:26', '2025-08-07 03:49:26'),
	(462, 77, 'website/images/products/product_7.webp', '2025-08-07 03:49:26', '2025-08-07 03:49:26'),
	(463, 78, 'website/images/products/product_16.webp', '2025-08-07 03:49:26', '2025-08-07 03:49:26'),
	(464, 78, 'website/images/products/product_19.webp', '2025-08-07 03:49:26', '2025-08-07 03:49:26'),
	(465, 78, 'website/images/products/product_34.webp', '2025-08-07 03:49:26', '2025-08-07 03:49:26'),
	(466, 78, 'website/images/products/product_39.webp', '2025-08-07 03:49:26', '2025-08-07 03:49:26'),
	(467, 78, 'website/images/products/product_46.webp', '2025-08-07 03:49:26', '2025-08-07 03:49:26'),
	(468, 78, 'website/images/products/product_48.webp', '2025-08-07 03:49:26', '2025-08-07 03:49:26'),
	(469, 79, 'website/images/products/product_15.webp', '2025-08-07 03:49:26', '2025-08-07 03:49:26'),
	(470, 79, 'website/images/products/product_2.webp', '2025-08-07 03:49:26', '2025-08-07 03:49:26'),
	(471, 79, 'website/images/products/product_37.webp', '2025-08-07 03:49:26', '2025-08-07 03:49:26'),
	(472, 79, 'website/images/products/product_45.webp', '2025-08-07 03:49:26', '2025-08-07 03:49:26'),
	(473, 79, 'website/images/products/product_47.webp', '2025-08-07 03:49:26', '2025-08-07 03:49:26'),
	(474, 79, 'website/images/products/product_56.webp', '2025-08-07 03:49:26', '2025-08-07 03:49:26'),
	(475, 80, 'website/images/products/product_10.webp', '2025-08-07 03:49:26', '2025-08-07 03:49:26'),
	(476, 80, 'website/images/products/product_18.webp', '2025-08-07 03:49:26', '2025-08-07 03:49:26'),
	(477, 80, 'website/images/products/product_2.webp', '2025-08-07 03:49:26', '2025-08-07 03:49:26'),
	(478, 80, 'website/images/products/product_31.webp', '2025-08-07 03:49:26', '2025-08-07 03:49:26'),
	(479, 80, 'website/images/products/product_38.webp', '2025-08-07 03:49:26', '2025-08-07 03:49:26'),
	(480, 80, 'website/images/products/product_42.webp', '2025-08-07 03:49:26', '2025-08-07 03:49:26'),
	(481, 81, 'website/images/products/product_33.webp', '2025-08-07 03:49:26', '2025-08-07 03:49:26'),
	(482, 81, 'website/images/products/product_38.webp', '2025-08-07 03:49:26', '2025-08-07 03:49:26'),
	(483, 81, 'website/images/products/product_41.webp', '2025-08-07 03:49:26', '2025-08-07 03:49:26'),
	(484, 81, 'website/images/products/product_44.webp', '2025-08-07 03:49:26', '2025-08-07 03:49:26'),
	(485, 81, 'website/images/products/product_5.webp', '2025-08-07 03:49:26', '2025-08-07 03:49:26'),
	(486, 81, 'website/images/products/product_56.webp', '2025-08-07 03:49:26', '2025-08-07 03:49:26');

-- Dumping structure for table topcommerce.homes
DROP TABLE IF EXISTS `homes`;
CREATE TABLE IF NOT EXISTS `homes` (
  `id` bigint(20) unsigned NOT NULL AUTO_INCREMENT,
  `slug` varchar(255) NOT NULL,
  `created_at` timestamp NULL DEFAULT NULL,
  `updated_at` timestamp NULL DEFAULT NULL,
  PRIMARY KEY (`id`),
  UNIQUE KEY `homes_slug_unique` (`slug`)
) ENGINE=InnoDB AUTO_INCREMENT=5 DEFAULT CHARSET=utf8mb4 COLLATE=utf8mb4_unicode_ci;

-- Dumping data for table topcommerce.homes: ~4 rows (approximately)
DELETE FROM `homes`;
INSERT INTO `homes` (`id`, `slug`, `created_at`, `updated_at`) VALUES
	(1, '1', '2025-08-07 03:49:15', '2025-08-07 03:49:15'),
	(2, '2', '2025-08-07 03:49:15', '2025-08-07 03:49:15'),
	(3, '3', '2025-08-07 03:49:15', '2025-08-07 03:49:15'),
	(4, '4', '2025-08-07 03:49:15', '2025-08-07 03:49:15');

-- Dumping structure for table topcommerce.jobs
DROP TABLE IF EXISTS `jobs`;
CREATE TABLE IF NOT EXISTS `jobs` (
  `id` bigint(20) unsigned NOT NULL AUTO_INCREMENT,
  `queue` varchar(255) NOT NULL,
  `payload` longtext NOT NULL,
  `attempts` tinyint(3) unsigned NOT NULL,
  `reserved_at` int(10) unsigned DEFAULT NULL,
  `available_at` int(10) unsigned NOT NULL,
  `created_at` int(10) unsigned NOT NULL,
  PRIMARY KEY (`id`),
  KEY `jobs_queue_index` (`queue`)
) ENGINE=InnoDB DEFAULT CHARSET=utf8mb4 COLLATE=utf8mb4_unicode_ci;

-- Dumping data for table topcommerce.jobs: ~0 rows (approximately)
DELETE FROM `jobs`;

-- Dumping structure for table topcommerce.kyc_information
DROP TABLE IF EXISTS `kyc_information`;
CREATE TABLE IF NOT EXISTS `kyc_information` (
  `id` bigint(20) unsigned NOT NULL AUTO_INCREMENT,
  `kyc_type_id` bigint(20) unsigned NOT NULL,
  `user_id` bigint(20) unsigned NOT NULL,
  `vendor_id` bigint(20) unsigned DEFAULT NULL,
  `admin_id` bigint(20) unsigned DEFAULT NULL,
  `verified_at` timestamp NULL DEFAULT NULL,
  `file` varchar(255) DEFAULT NULL,
  `message` text DEFAULT NULL,
  `status` tinyint(4) NOT NULL DEFAULT 0 COMMENT '0: Pending, 1: Approved, 2: Rejected',
  `created_at` timestamp NULL DEFAULT NULL,
  `updated_at` timestamp NULL DEFAULT NULL,
  PRIMARY KEY (`id`),
  KEY `kyc_information_user_id_foreign` (`user_id`),
  CONSTRAINT `kyc_information_user_id_foreign` FOREIGN KEY (`user_id`) REFERENCES `users` (`id`) ON DELETE CASCADE
) ENGINE=InnoDB AUTO_INCREMENT=2 DEFAULT CHARSET=utf8mb4 COLLATE=utf8mb4_unicode_ci;

-- Dumping data for table topcommerce.kyc_information: ~1 rows (approximately)
DELETE FROM `kyc_information`;
INSERT INTO `kyc_information` (`id`, `kyc_type_id`, `user_id`, `vendor_id`, `admin_id`, `verified_at`, `file`, `message`, `status`, `created_at`, `updated_at`) VALUES
	(1, 1, 1002, 1, 1, '2025-08-07 03:49:17', 'website/images/kyc-example.jpeg', 'Please verify your account.', 1, '2025-08-07 03:49:17', '2025-08-07 03:49:17');

-- Dumping structure for table topcommerce.kyc_types
DROP TABLE IF EXISTS `kyc_types`;
CREATE TABLE IF NOT EXISTS `kyc_types` (
  `id` bigint(20) unsigned NOT NULL AUTO_INCREMENT,
  `name` varchar(255) NOT NULL,
  `description` varchar(255) DEFAULT NULL,
  `status` tinyint(1) NOT NULL DEFAULT 1,
  `created_at` timestamp NULL DEFAULT NULL,
  `updated_at` timestamp NULL DEFAULT NULL,
  PRIMARY KEY (`id`),
  UNIQUE KEY `kyc_types_name_unique` (`name`)
) ENGINE=InnoDB AUTO_INCREMENT=7 DEFAULT CHARSET=utf8mb4 COLLATE=utf8mb4_unicode_ci;

-- Dumping data for table topcommerce.kyc_types: ~6 rows (approximately)
DELETE FROM `kyc_types`;
INSERT INTO `kyc_types` (`id`, `name`, `description`, `status`, `created_at`, `updated_at`) VALUES
	(1, 'Passport', 'A government-issued document that certifies a person\'s identity and citizenship, allowing them to travel internationally.', 1, '2025-08-07 03:49:15', '2025-08-07 03:49:15'),
	(2, 'National ID', 'A government-issued identification card that verifies a person\'s identity within their country.', 1, '2025-08-07 03:49:15', '2025-08-07 03:49:15'),
	(3, 'Driver License', 'A government-issued document that authorizes an individual to operate a motor vehicle, serving as a form of identification.', 1, '2025-08-07 03:49:15', '2025-08-07 03:49:15'),
	(4, 'Utility Bill', 'A document issued by a utility company that provides proof of residence, typically showing the customer\'s name and address.', 1, '2025-08-07 03:49:15', '2025-08-07 03:49:15'),
	(5, 'Bank Statement', 'A summary of financial transactions in a bank account over a specified period, providing proof of income and residence.', 1, '2025-08-07 03:49:15', '2025-08-07 03:49:15'),
	(6, 'Tax Document', 'A document related to an individual\'s tax obligations, such as a tax return or tax assessment, used to verify income and financial status.', 1, '2025-08-07 03:49:15', '2025-08-07 03:49:15');

-- Dumping structure for table topcommerce.languages
DROP TABLE IF EXISTS `languages`;
CREATE TABLE IF NOT EXISTS `languages` (
  `id` bigint(20) unsigned NOT NULL AUTO_INCREMENT,
  `name` varchar(255) NOT NULL,
  `code` varchar(255) NOT NULL,
  `direction` varchar(255) NOT NULL DEFAULT 'ltr',
  `status` varchar(255) NOT NULL DEFAULT '1',
  `is_default` varchar(255) NOT NULL DEFAULT '0',
  `created_at` timestamp NULL DEFAULT NULL,
  `updated_at` timestamp NULL DEFAULT NULL,
  PRIMARY KEY (`id`),
  UNIQUE KEY `languages_name_unique` (`name`),
  UNIQUE KEY `languages_code_unique` (`code`)
) ENGINE=InnoDB AUTO_INCREMENT=3 DEFAULT CHARSET=utf8mb4 COLLATE=utf8mb4_unicode_ci;

-- Dumping data for table topcommerce.languages: ~2 rows (approximately)
DELETE FROM `languages`;
INSERT INTO `languages` (`id`, `name`, `code`, `direction`, `status`, `is_default`, `created_at`, `updated_at`) VALUES
	(1, 'English', 'en', 'ltr', '1', '1', '2025-08-07 03:49:14', '2025-08-07 03:49:14'),
	(2, 'Arabic', 'ar', 'rtl', '1', '0', '2025-08-07 03:49:14', '2025-08-07 03:49:14');

-- Dumping structure for table topcommerce.menus
DROP TABLE IF EXISTS `menus`;
CREATE TABLE IF NOT EXISTS `menus` (
  `id` bigint(20) unsigned NOT NULL AUTO_INCREMENT,
  `name` varchar(255) NOT NULL,
  `slug` varchar(255) NOT NULL,
  `created_at` timestamp NULL DEFAULT NULL,
  `updated_at` timestamp NULL DEFAULT NULL,
  PRIMARY KEY (`id`)
) ENGINE=InnoDB AUTO_INCREMENT=6 DEFAULT CHARSET=utf8mb4 COLLATE=utf8mb4_unicode_ci;

-- Dumping data for table topcommerce.menus: ~5 rows (approximately)
DELETE FROM `menus`;
INSERT INTO `menus` (`id`, `name`, `slug`, `created_at`, `updated_at`) VALUES
	(1, 'Main Menu', 'main-menu', '2025-08-07 03:49:19', '2025-08-07 03:49:19'),
	(2, 'Footer Menu One', 'footer-menu-1', '2025-08-07 03:49:19', '2025-08-07 03:49:19'),
	(3, 'Footer Menu Two', 'footer-menu-2', '2025-08-07 03:49:19', '2025-08-07 03:49:19'),
	(4, 'Footer User Menu', 'footer-menu-3', '2025-08-07 03:49:19', '2025-08-07 03:49:19'),
	(5, 'Footer Vendor Menu', 'footer-menu-4', '2025-08-07 03:49:19', '2025-08-07 03:49:19');

-- Dumping structure for table topcommerce.menu_items
DROP TABLE IF EXISTS `menu_items`;
CREATE TABLE IF NOT EXISTS `menu_items` (
  `id` bigint(20) unsigned NOT NULL AUTO_INCREMENT,
  `label` varchar(255) NOT NULL,
  `link` varchar(255) NOT NULL,
  `parent_id` bigint(20) unsigned NOT NULL DEFAULT 0,
  `sort` int(11) NOT NULL DEFAULT 0,
  `menu_id` bigint(20) unsigned NOT NULL,
  `custom_item` tinyint(1) NOT NULL DEFAULT 0,
  `open_new_tab` tinyint(1) NOT NULL DEFAULT 0,
  `created_at` timestamp NULL DEFAULT NULL,
  `updated_at` timestamp NULL DEFAULT NULL,
  PRIMARY KEY (`id`),
  KEY `menu_items_menu_id_foreign` (`menu_id`),
  CONSTRAINT `menu_items_menu_id_foreign` FOREIGN KEY (`menu_id`) REFERENCES `menus` (`id`) ON DELETE CASCADE ON UPDATE CASCADE
) ENGINE=InnoDB AUTO_INCREMENT=38 DEFAULT CHARSET=utf8mb4 COLLATE=utf8mb4_unicode_ci;

-- Dumping data for table topcommerce.menu_items: ~37 rows (approximately)
DELETE FROM `menu_items`;
INSERT INTO `menu_items` (`id`, `label`, `link`, `parent_id`, `sort`, `menu_id`, `custom_item`, `open_new_tab`, `created_at`, `updated_at`) VALUES
	(1, 'Home', '/', 0, 0, 1, 0, 0, '2025-08-07 03:49:19', '2025-08-07 03:49:19'),
	(2, 'Shops', '/shops', 0, 1, 1, 0, 0, '2025-08-07 03:49:19', '2025-08-07 03:49:19'),
	(3, 'Products', '/products', 0, 3, 1, 0, 0, '2025-08-07 03:49:19', '2025-08-07 03:49:19'),
	(4, 'Categories', '/categories', 0, 4, 1, 0, 0, '2025-08-07 03:49:19', '2025-08-07 03:49:19'),
	(5, 'Contact Us', '/contact-us', 0, 5, 1, 0, 0, '2025-08-07 03:49:19', '2025-08-07 03:49:19'),
	(6, 'Pages', '#', 0, 6, 1, 0, 0, '2025-08-07 03:49:19', '2025-08-07 03:49:19'),
	(7, 'About Us', '/about-us', 6, 1, 1, 0, 0, '2025-08-07 03:49:19', '2025-08-07 03:49:19'),
	(8, 'Privacy Policy', '/privacy-policy', 6, 2, 1, 0, 0, '2025-08-07 03:49:19', '2025-08-07 03:49:19'),
	(9, 'Terms and Conditions', '/terms-and-conditions', 6, 3, 1, 0, 0, '2025-08-07 03:49:19', '2025-08-07 03:49:19'),
	(10, 'Return Policy', '/return-policy', 6, 4, 1, 0, 0, '2025-08-07 03:49:19', '2025-08-07 03:49:19'),
	(11, 'FAQ', '/faq', 6, 5, 1, 0, 0, '2025-08-07 03:49:19', '2025-08-07 03:49:19'),
	(12, 'Join as Seller', '/join-as-seller', 6, 5, 1, 0, 0, '2025-08-07 03:49:19', '2025-08-07 03:49:19'),
	(13, 'Brands', '/brands', 6, 6, 1, 0, 0, '2025-08-07 03:49:19', '2025-08-07 03:49:19'),
	(14, 'Blogs', '/blogs', 6, 6, 1, 0, 0, '2025-08-07 03:49:19', '2025-08-07 03:49:19'),
	(15, 'Track Order', '/track-order', 6, 7, 1, 0, 0, '2025-08-07 03:49:19', '2025-08-07 03:49:19'),
	(16, 'Flash Deals', '/flash-deals', 6, 8, 1, 0, 0, '2025-08-07 03:49:19', '2025-08-07 03:49:19'),
	(17, 'Gift Cards', '/gift-cards', 6, 9, 1, 0, 0, '2025-08-07 03:49:19', '2025-08-07 03:49:19'),
	(18, 'About Us', '/about-us', 0, 0, 2, 0, 0, '2025-08-07 03:49:19', '2025-08-07 03:49:19'),
	(19, 'Privacy Policy', '/privacy-policy', 0, 2, 2, 0, 0, '2025-08-07 03:49:19', '2025-08-07 03:49:19'),
	(20, 'Terms and Conditions', '/terms-and-conditions', 0, 3, 2, 0, 0, '2025-08-07 03:49:19', '2025-08-07 03:49:19'),
	(21, 'Return Policy', '/return-policy', 0, 4, 2, 0, 0, '2025-08-07 03:49:19', '2025-08-07 03:49:19'),
	(22, 'FAQ', '/faq', 0, 5, 2, 0, 0, '2025-08-07 03:49:19', '2025-08-07 03:49:19'),
	(23, 'Login', '/login', 0, 1, 3, 0, 0, '2025-08-07 03:49:19', '2025-08-07 03:49:19'),
	(24, 'Contact Us', '/contact-us', 0, 2, 3, 0, 0, '2025-08-07 03:49:19', '2025-08-07 03:49:19'),
	(25, 'Brands', '/brands', 0, 3, 3, 0, 0, '2025-08-07 03:49:19', '2025-08-07 03:49:19'),
	(26, 'Flash Deals', '/flash-deals', 0, 4, 3, 0, 0, '2025-08-07 03:49:19', '2025-08-07 03:49:19'),
	(27, 'Gift Cards', '/gift-cards', 0, 5, 3, 0, 0, '2025-08-07 03:49:19', '2025-08-07 03:49:19'),
	(28, 'Dashboard', '/user/dashboard', 0, 1, 4, 0, 0, '2025-08-07 03:49:19', '2025-08-07 03:49:19'),
	(29, 'Orders', '/user/orders', 0, 2, 4, 0, 0, '2025-08-07 03:49:19', '2025-08-07 03:49:19'),
	(30, 'Track Order', '/track-order', 0, 3, 4, 0, 0, '2025-08-07 03:49:19', '2025-08-07 03:49:19'),
	(31, 'Wish List', '/user/wishlist', 0, 4, 4, 0, 0, '2025-08-07 03:49:19', '2025-08-07 03:49:19'),
	(32, 'Change Password', '/user/change-password', 0, 5, 4, 0, 0, '2025-08-07 03:49:19', '2025-08-07 03:49:19'),
	(33, 'Dashboard', '/seller/dashboard', 0, 1, 5, 0, 0, '2025-08-07 03:49:19', '2025-08-07 03:49:19'),
	(34, 'Products', '/seller/products', 0, 2, 5, 0, 0, '2025-08-07 03:49:19', '2025-08-07 03:49:19'),
	(35, 'Orders', '/seller/orders', 0, 3, 5, 0, 0, '2025-08-07 03:49:19', '2025-08-07 03:49:19'),
	(36, 'Shop Profile', '/seller/shop-profile', 0, 4, 5, 0, 0, '2025-08-07 03:49:19', '2025-08-07 03:49:19'),
	(37, 'My Withdraw', '/seller/my-withdraw', 0, 5, 5, 0, 0, '2025-08-07 03:49:19', '2025-08-07 03:49:19');

-- Dumping structure for table topcommerce.menu_item_translations
DROP TABLE IF EXISTS `menu_item_translations`;
CREATE TABLE IF NOT EXISTS `menu_item_translations` (
  `id` bigint(20) unsigned NOT NULL AUTO_INCREMENT,
  `menu_item_id` bigint(20) unsigned NOT NULL,
  `lang_code` varchar(255) NOT NULL,
  `label` varchar(255) NOT NULL,
  `created_at` timestamp NULL DEFAULT NULL,
  `updated_at` timestamp NULL DEFAULT NULL,
  PRIMARY KEY (`id`),
  KEY `menu_item_translations_menu_item_id_foreign` (`menu_item_id`),
  CONSTRAINT `menu_item_translations_menu_item_id_foreign` FOREIGN KEY (`menu_item_id`) REFERENCES `menu_items` (`id`) ON DELETE CASCADE
) ENGINE=InnoDB AUTO_INCREMENT=75 DEFAULT CHARSET=utf8mb4 COLLATE=utf8mb4_unicode_ci;

-- Dumping data for table topcommerce.menu_item_translations: ~74 rows (approximately)
DELETE FROM `menu_item_translations`;
INSERT INTO `menu_item_translations` (`id`, `menu_item_id`, `lang_code`, `label`, `created_at`, `updated_at`) VALUES
	(1, 1, 'en', 'Home', '2025-08-07 03:49:19', '2025-08-07 03:49:19'),
	(2, 1, 'ar', '', '2025-08-07 03:49:19', '2025-08-07 03:49:19'),
	(3, 2, 'en', 'Shops', '2025-08-07 03:49:19', '2025-08-07 03:49:19'),
	(4, 2, 'ar', '', '2025-08-07 03:49:19', '2025-08-07 03:49:19'),
	(5, 3, 'en', 'Products', '2025-08-07 03:49:19', '2025-08-07 03:49:19'),
	(6, 3, 'ar', '', '2025-08-07 03:49:19', '2025-08-07 03:49:19'),
	(7, 4, 'en', 'Categories', '2025-08-07 03:49:19', '2025-08-07 03:49:19'),
	(8, 4, 'ar', '', '2025-08-07 03:49:19', '2025-08-07 03:49:19'),
	(9, 5, 'en', 'Contact Us', '2025-08-07 03:49:19', '2025-08-07 03:49:19'),
	(10, 5, 'ar', ' ', '2025-08-07 03:49:19', '2025-08-07 03:49:19'),
	(11, 6, 'en', 'Pages', '2025-08-07 03:49:19', '2025-08-07 03:49:19'),
	(12, 6, 'ar', ' ', '2025-08-07 03:49:19', '2025-08-07 03:49:19'),
	(13, 7, 'en', 'About Us', '2025-08-07 03:49:19', '2025-08-07 03:49:19'),
	(14, 7, 'ar', ' ', '2025-08-07 03:49:19', '2025-08-07 03:49:19'),
	(15, 8, 'en', 'Privacy Policy', '2025-08-07 03:49:19', '2025-08-07 03:49:19'),
	(16, 8, 'ar', ' ', '2025-08-07 03:49:19', '2025-08-07 03:49:19'),
	(17, 9, 'en', 'Terms and Conditions', '2025-08-07 03:49:19', '2025-08-07 03:49:19'),
	(18, 9, 'ar', ' ', '2025-08-07 03:49:19', '2025-08-07 03:49:19'),
	(19, 10, 'en', 'Return Policy', '2025-08-07 03:49:19', '2025-08-07 03:49:19'),
	(20, 10, 'ar', ' ', '2025-08-07 03:49:19', '2025-08-07 03:49:19'),
	(21, 11, 'en', 'FAQ', '2025-08-07 03:49:19', '2025-08-07 03:49:19'),
	(22, 11, 'ar', ' ', '2025-08-07 03:49:19', '2025-08-07 03:49:19'),
	(23, 12, 'en', 'Join as Seller', '2025-08-07 03:49:19', '2025-08-07 03:49:19'),
	(24, 12, 'ar', ' ', '2025-08-07 03:49:19', '2025-08-07 03:49:19'),
	(25, 13, 'en', 'Brands', '2025-08-07 03:49:19', '2025-08-07 03:49:19'),
	(26, 13, 'ar', ' ', '2025-08-07 03:49:19', '2025-08-07 03:49:19'),
	(27, 14, 'en', 'Blogs', '2025-08-07 03:49:19', '2025-08-07 03:49:19'),
	(28, 14, 'ar', '', '2025-08-07 03:49:19', '2025-08-07 03:49:19'),
	(29, 15, 'en', 'Track Order', '2025-08-07 03:49:19', '2025-08-07 03:49:19'),
	(30, 15, 'ar', ' ', '2025-08-07 03:49:19', '2025-08-07 03:49:19'),
	(31, 16, 'en', 'Flash Deals', '2025-08-07 03:49:19', '2025-08-07 03:49:19'),
	(32, 16, 'ar', ' ', '2025-08-07 03:49:19', '2025-08-07 03:49:19'),
	(33, 17, 'en', 'Gift Cards', '2025-08-07 03:49:19', '2025-08-07 03:49:19'),
	(34, 17, 'ar', ' ', '2025-08-07 03:49:19', '2025-08-07 03:49:19'),
	(35, 18, 'en', 'About Us', '2025-08-07 03:49:19', '2025-08-07 03:49:19'),
	(36, 18, 'ar', 'About Us', '2025-08-07 03:49:19', '2025-08-07 03:49:19'),
	(37, 19, 'en', 'Privacy Policy', '2025-08-07 03:49:19', '2025-08-07 03:49:19'),
	(38, 19, 'ar', ' ', '2025-08-07 03:49:19', '2025-08-07 03:49:19'),
	(39, 20, 'en', 'Terms and Conditions', '2025-08-07 03:49:19', '2025-08-07 03:49:19'),
	(40, 20, 'ar', ' ', '2025-08-07 03:49:19', '2025-08-07 03:49:19'),
	(41, 21, 'en', 'Return Policy', '2025-08-07 03:49:19', '2025-08-07 03:49:19'),
	(42, 21, 'ar', ' ', '2025-08-07 03:49:19', '2025-08-07 03:49:19'),
	(43, 22, 'en', 'FAQ', '2025-08-07 03:49:19', '2025-08-07 03:49:19'),
	(44, 22, 'ar', ' ', '2025-08-07 03:49:19', '2025-08-07 03:49:19'),
	(45, 23, 'en', 'Login', '2025-08-07 03:49:19', '2025-08-07 03:49:19'),
	(46, 23, 'ar', ' ', '2025-08-07 03:49:19', '2025-08-07 03:49:19'),
	(47, 24, 'en', 'Contact Us', '2025-08-07 03:49:19', '2025-08-07 03:49:19'),
	(48, 24, 'ar', 'Contact Us', '2025-08-07 03:49:19', '2025-08-07 03:49:19'),
	(49, 25, 'en', 'Brands', '2025-08-07 03:49:19', '2025-08-07 03:49:19'),
	(50, 25, 'ar', ' ', '2025-08-07 03:49:19', '2025-08-07 03:49:19'),
	(51, 26, 'en', 'Flash Deals', '2025-08-07 03:49:19', '2025-08-07 03:49:19'),
	(52, 26, 'ar', ' ', '2025-08-07 03:49:19', '2025-08-07 03:49:19'),
	(53, 27, 'en', 'Gift Cards', '2025-08-07 03:49:19', '2025-08-07 03:49:19'),
	(54, 27, 'ar', ' ', '2025-08-07 03:49:19', '2025-08-07 03:49:19'),
	(55, 28, 'en', 'Dashboard', '2025-08-07 03:49:19', '2025-08-07 03:49:19'),
	(56, 28, 'ar', ' ', '2025-08-07 03:49:19', '2025-08-07 03:49:19'),
	(57, 29, 'en', 'Orders', '2025-08-07 03:49:19', '2025-08-07 03:49:19'),
	(58, 29, 'ar', '', '2025-08-07 03:49:19', '2025-08-07 03:49:19'),
	(59, 30, 'en', 'Track Order', '2025-08-07 03:49:19', '2025-08-07 03:49:19'),
	(60, 30, 'ar', ' ', '2025-08-07 03:49:19', '2025-08-07 03:49:19'),
	(61, 31, 'en', 'Wish List', '2025-08-07 03:49:19', '2025-08-07 03:49:19'),
	(62, 31, 'ar', ' ', '2025-08-07 03:49:19', '2025-08-07 03:49:19'),
	(63, 32, 'en', 'Change Password', '2025-08-07 03:49:19', '2025-08-07 03:49:19'),
	(64, 32, 'ar', '  ', '2025-08-07 03:49:19', '2025-08-07 03:49:19'),
	(65, 33, 'en', 'Dashboard', '2025-08-07 03:49:19', '2025-08-07 03:49:19'),
	(66, 33, 'ar', ' ', '2025-08-07 03:49:19', '2025-08-07 03:49:19'),
	(67, 34, 'en', 'Products', '2025-08-07 03:49:19', '2025-08-07 03:49:19'),
	(68, 34, 'ar', '', '2025-08-07 03:49:19', '2025-08-07 03:49:19'),
	(69, 35, 'en', 'Orders', '2025-08-07 03:49:19', '2025-08-07 03:49:19'),
	(70, 35, 'ar', '', '2025-08-07 03:49:19', '2025-08-07 03:49:19'),
	(71, 36, 'en', 'Shop Profile', '2025-08-07 03:49:19', '2025-08-07 03:49:19'),
	(72, 36, 'ar', '  ', '2025-08-07 03:49:19', '2025-08-07 03:49:19'),
	(73, 37, 'en', 'My Withdraw', '2025-08-07 03:49:19', '2025-08-07 03:49:19'),
	(74, 37, 'ar', ' ', '2025-08-07 03:49:19', '2025-08-07 03:49:19');

-- Dumping structure for table topcommerce.menu_translations
DROP TABLE IF EXISTS `menu_translations`;
CREATE TABLE IF NOT EXISTS `menu_translations` (
  `id` bigint(20) unsigned NOT NULL AUTO_INCREMENT,
  `menu_id` bigint(20) unsigned NOT NULL,
  `lang_code` varchar(255) NOT NULL,
  `name` varchar(255) NOT NULL,
  `created_at` timestamp NULL DEFAULT NULL,
  `updated_at` timestamp NULL DEFAULT NULL,
  PRIMARY KEY (`id`),
  KEY `menu_translations_menu_id_foreign` (`menu_id`),
  CONSTRAINT `menu_translations_menu_id_foreign` FOREIGN KEY (`menu_id`) REFERENCES `menus` (`id`) ON DELETE CASCADE
) ENGINE=InnoDB AUTO_INCREMENT=11 DEFAULT CHARSET=utf8mb4 COLLATE=utf8mb4_unicode_ci;

-- Dumping data for table topcommerce.menu_translations: ~10 rows (approximately)
DELETE FROM `menu_translations`;
INSERT INTO `menu_translations` (`id`, `menu_id`, `lang_code`, `name`, `created_at`, `updated_at`) VALUES
	(1, 1, 'en', 'Main Menu', '2025-08-07 03:49:19', '2025-08-07 03:49:19'),
	(2, 1, 'ar', ' ', '2025-08-07 03:49:19', '2025-08-07 03:49:19'),
	(3, 2, 'en', 'Footer Menu One', '2025-08-07 03:49:19', '2025-08-07 03:49:19'),
	(4, 2, 'ar', '  ', '2025-08-07 03:49:19', '2025-08-07 03:49:19'),
	(5, 3, 'en', 'Footer Menu Two', '2025-08-07 03:49:19', '2025-08-07 03:49:19'),
	(6, 3, 'ar', '  ', '2025-08-07 03:49:19', '2025-08-07 03:49:19'),
	(7, 4, 'en', 'Footer User Menu', '2025-08-07 03:49:19', '2025-08-07 03:49:19'),
	(8, 4, 'ar', '  ', '2025-08-07 03:49:19', '2025-08-07 03:49:19'),
	(9, 5, 'en', 'Footer Vendor Menu', '2025-08-07 03:49:19', '2025-08-07 03:49:19'),
	(10, 5, 'ar', '  ', '2025-08-07 03:49:19', '2025-08-07 03:49:19');

-- Dumping structure for table topcommerce.migrations
DROP TABLE IF EXISTS `migrations`;
CREATE TABLE IF NOT EXISTS `migrations` (
  `id` int(10) unsigned NOT NULL AUTO_INCREMENT,
  `migration` varchar(255) NOT NULL,
  `batch` int(11) NOT NULL,
  PRIMARY KEY (`id`)
) ENGINE=InnoDB AUTO_INCREMENT=103 DEFAULT CHARSET=utf8mb4 COLLATE=utf8mb4_unicode_ci;

-- Dumping data for table topcommerce.migrations: ~102 rows (approximately)
DELETE FROM `migrations`;
INSERT INTO `migrations` (`id`, `migration`, `batch`) VALUES
	(1, '2014_10_12_000000_create_users_table', 1),
	(2, '2014_10_12_100000_create_password_reset_tokens_table', 1),
	(3, '2014_10_12_100000_create_password_resets_table', 1),
	(4, '2019_08_19_000000_create_failed_jobs_table', 1),
	(5, '2019_12_14_000001_create_personal_access_tokens_table', 1),
	(6, '2021_12_14_084759_create_vendors_table', 1),
	(7, '2022_01_11_103950_create_wishlists_table', 1),
	(8, '2023_11_05_045432_create_admins_table', 1),
	(9, '2023_11_05_114814_create_languages_table', 1),
	(10, '2023_11_06_043247_create_settings_table', 1),
	(11, '2023_11_06_054251_create_seo_settings_table', 1),
	(12, '2023_11_06_094842_create_custom_paginations_table', 1),
	(13, '2023_11_06_115856_create_email_templates_table', 1),
	(14, '2023_11_07_051924_create_multi_currencies_table', 1),
	(15, '2023_11_07_103108_create_basic_payments_table', 1),
	(16, '2023_11_07_104315_create_blog_categories_table', 1),
	(17, '2023_11_07_104328_create_blog_category_translations_table', 1),
	(18, '2023_11_07_104336_create_blogs_table', 1),
	(19, '2023_11_07_104343_create_blog_translations_table', 1),
	(20, '2023_11_07_104546_create_blog_comments_table', 1),
	(21, '2023_11_09_035236_create_payment_gateways_table', 1),
	(22, '2023_11_09_100621_create_jobs_table', 1),
	(23, '2023_11_19_064341_create_banned_histories_table', 1),
	(24, '2023_11_19_091457_create_customizeable_pages_table', 1),
	(25, '2023_11_21_043030_create_news_letters_table', 1),
	(26, '2023_11_21_094702_create_contact_messages_table', 1),
	(27, '2023_11_22_105539_create_permission_tables', 1),
	(28, '2023_11_29_055540_create_orders_table', 1),
	(29, '2023_11_29_095126_create_coupons_table', 1),
	(30, '2023_11_29_104658_create_testimonials_table', 1),
	(31, '2023_11_29_104704_create_testimonial_translations_table', 1),
	(32, '2023_11_29_105234_create_coupon_histories_table', 1),
	(33, '2023_11_30_044838_create_faqs_table', 1),
	(34, '2023_11_30_044844_create_faq_translations_table', 1),
	(35, '2023_11_30_095404_add_wallet_balance_to_users', 1),
	(36, '2023_11_30_101249_create_wallet_histories_table', 1),
	(37, '2023_12_04_071839_create_withraw_methods_table', 1),
	(38, '2023_12_04_095319_create_withdraw_requests_table', 1),
	(39, '2024_01_01_054644_create_socialite_credentials_table', 1),
	(40, '2024_01_03_030857_create_customizable_page_translations_table', 1),
	(41, '2024_01_03_092007_create_custom_codes_table', 1),
	(42, '2024_01_06_110546_create_countries_table', 1),
	(43, '2024_01_06_110613_create_states_table', 1),
	(44, '2024_01_06_110643_create_cities_table', 1),
	(45, '2024_02_10_060044_create_configurations_table', 1),
	(46, '2024_02_13_172901_create_unit_types_table', 1),
	(47, '2024_03_04_062506_create_categories_table', 1),
	(48, '2024_03_04_062507_create_category_translations_table', 1),
	(49, '2024_03_06_105415_create_brands_table', 1),
	(50, '2024_03_06_105416_create_brand_translations_table', 1),
	(51, '2024_03_06_105420_create_tags_table', 1),
	(52, '2024_03_06_105421_create_tag_translations_table', 1),
	(53, '2024_03_06_105424_create_products_table', 1),
	(54, '2024_03_06_105425_create_product_categories_table', 1),
	(55, '2024_03_06_105425_create_product_translations_table', 1),
	(56, '2024_03_06_105430_create_cross_sell_products_table', 1),
	(57, '2024_03_06_105447_create_product_attributes_table', 1),
	(58, '2024_03_07_105225_create_attributes_table', 1),
	(59, '2024_03_07_105225_create_related_products_table', 1),
	(60, '2024_03_07_105727_create_attribute_values_table', 1),
	(61, '2024_03_07_105728_create_product_tags_table', 1),
	(62, '2024_03_07_111404_create_variants_table', 1),
	(63, '2024_03_28_095206_create_custom_addons_table', 1),
	(64, '2024_03_28_095207_create_menus_wp_table', 1),
	(65, '2024_03_28_095208_create_menu_translations_table', 1),
	(66, '2024_03_28_095209_create_menu_items_wp_table', 1),
	(67, '2024_03_28_095210_create_menu_item_translations_table', 1),
	(68, '2024_04_07_055856_create_variant_options_table', 1),
	(69, '2024_04_07_063211_add_status_to_attributes_table', 1),
	(70, '2024_04_21_070132_create_addresses_table', 1),
	(71, '2024_07_10_122236_create_taxes_table', 1),
	(72, '2024_07_10_122445_create_tax_translations_table', 1),
	(73, '2024_08_14_163434_create_admin_notifications_table', 1),
	(74, '2024_10_08_060425_create_homes_table', 1),
	(75, '2024_10_08_060618_create_sections_table', 1),
	(76, '2024_10_08_060636_create_section_translations_table', 1),
	(77, '2025_02_20_045449_create_galleries_table', 1),
	(78, '2025_02_21_113032_create_stocks_table', 1),
	(79, '2025_02_23_042828_create_order_details_table', 1),
	(80, '2025_02_24_070404_create_attribute_translations_table', 1),
	(81, '2025_02_24_070421_create_attribute_value_translations_table', 1),
	(82, '2025_02_27_082428_create_attribute_images_table', 1),
	(83, '2025_03_02_095129_create_coupon_products_table', 1),
	(84, '2025_03_02_095130_create_coupon_categories_table', 1),
	(85, '2025_03_03_025917_create_coupon_translations_table', 1),
	(86, '2025_03_04_031353_create_shipping_settings_table', 1),
	(87, '2025_03_04_034047_create_shipping_rules_table', 1),
	(88, '2025_03_04_034826_create_shipping_rule_items_table', 1),
	(89, '2025_03_06_054227_create_carts_table', 1),
	(90, '2025_04_09_072312_create_product_labels_table', 1),
	(91, '2025_04_09_072400_create_product_label_translations_table', 1),
	(92, '2025_04_10_084715_create_product_label_product_table', 1),
	(93, '2025_04_22_045807_create_product_tax_table', 1),
	(94, '2025_04_22_061627_create_product_reviews_table', 1),
	(95, '2025_04_24_042822_create_product_tos_table', 1),
	(96, '2025_05_18_073442_create_order_shipping_addresses_table', 1),
	(97, '2025_05_18_073450_create_order_billing_addresses_table', 1),
	(98, '2025_05_19_080828_create_order_status_change_histories_table', 1),
	(99, '2025_05_24_095051_create_transaction_histories_table', 1),
	(100, '2025_05_27_092528_create_kyc_types_table', 1),
	(101, '2025_05_27_092619_create_kyc_information_table', 1),
	(102, '2025_06_21_105207_create_order_payment_details_table', 1);

-- Dumping structure for table topcommerce.model_has_permissions
DROP TABLE IF EXISTS `model_has_permissions`;
CREATE TABLE IF NOT EXISTS `model_has_permissions` (
  `permission_id` bigint(20) unsigned NOT NULL,
  `model_type` varchar(255) NOT NULL,
  `model_id` bigint(20) unsigned NOT NULL,
  PRIMARY KEY (`permission_id`,`model_id`,`model_type`),
  KEY `model_has_permissions_model_id_model_type_index` (`model_id`,`model_type`),
  CONSTRAINT `model_has_permissions_permission_id_foreign` FOREIGN KEY (`permission_id`) REFERENCES `permissions` (`id`) ON DELETE CASCADE
) ENGINE=InnoDB DEFAULT CHARSET=utf8mb4 COLLATE=utf8mb4_unicode_ci;

-- Dumping data for table topcommerce.model_has_permissions: ~0 rows (approximately)
DELETE FROM `model_has_permissions`;

-- Dumping structure for table topcommerce.model_has_roles
DROP TABLE IF EXISTS `model_has_roles`;
CREATE TABLE IF NOT EXISTS `model_has_roles` (
  `role_id` bigint(20) unsigned NOT NULL,
  `model_type` varchar(255) NOT NULL,
  `model_id` bigint(20) unsigned NOT NULL,
  PRIMARY KEY (`role_id`,`model_id`,`model_type`),
  KEY `model_has_roles_model_id_model_type_index` (`model_id`,`model_type`),
  CONSTRAINT `model_has_roles_role_id_foreign` FOREIGN KEY (`role_id`) REFERENCES `roles` (`id`) ON DELETE CASCADE
) ENGINE=InnoDB DEFAULT CHARSET=utf8mb4 COLLATE=utf8mb4_unicode_ci;

-- Dumping data for table topcommerce.model_has_roles: ~1 rows (approximately)
DELETE FROM `model_has_roles`;
INSERT INTO `model_has_roles` (`role_id`, `model_type`, `model_id`) VALUES
	(1, 'App\\Models\\Admin', 1);

-- Dumping structure for table topcommerce.multi_currencies
DROP TABLE IF EXISTS `multi_currencies`;
CREATE TABLE IF NOT EXISTS `multi_currencies` (
  `id` bigint(20) unsigned NOT NULL AUTO_INCREMENT,
  `currency_name` varchar(255) NOT NULL,
  `country_code` varchar(255) NOT NULL,
  `currency_code` varchar(255) NOT NULL,
  `currency_icon` varchar(255) NOT NULL,
  `is_default` varchar(255) NOT NULL DEFAULT 'no',
  `currency_rate` double(8,2) NOT NULL,
  `currency_position` varchar(255) NOT NULL DEFAULT 'before_price',
  `status` varchar(255) NOT NULL DEFAULT 'active',
  `created_at` timestamp NULL DEFAULT NULL,
  `updated_at` timestamp NULL DEFAULT NULL,
  PRIMARY KEY (`id`)
) ENGINE=InnoDB AUTO_INCREMENT=7 DEFAULT CHARSET=utf8mb4 COLLATE=utf8mb4_unicode_ci;

-- Dumping data for table topcommerce.multi_currencies: ~6 rows (approximately)
DELETE FROM `multi_currencies`;
INSERT INTO `multi_currencies` (`id`, `currency_name`, `country_code`, `currency_code`, `currency_icon`, `is_default`, `currency_rate`, `currency_position`, `status`, `created_at`, `updated_at`) VALUES
	(1, '$-USD', 'US', 'USD', '$', 'yes', 1.00, 'before_price', 'active', '2025-08-07 03:49:14', '2025-08-07 03:49:14'),
	(2, '-Naira', 'NG', 'NGN', '', 'no', 417.35, 'before_price', 'active', '2025-08-07 03:49:14', '2025-08-07 03:49:14'),
	(3, '-Rupee', 'IN', 'INR', '', 'no', 74.66, 'before_price', 'active', '2025-08-07 03:49:14', '2025-08-07 03:49:14'),
	(4, '-Peso', 'PH', 'PHP', '', 'no', 55.07, 'before_price', 'active', '2025-08-07 03:49:14', '2025-08-07 03:49:14'),
	(5, '$-CAD', 'CA', 'CAD', '$', 'no', 1.27, 'before_price', 'active', '2025-08-07 03:49:14', '2025-08-07 03:49:14'),
	(6, '-Taka', 'BD', 'BDT', '', 'no', 80.00, 'before_price', 'active', '2025-08-07 03:49:14', '2025-08-07 03:49:14');

-- Dumping structure for table topcommerce.news_letters
DROP TABLE IF EXISTS `news_letters`;
CREATE TABLE IF NOT EXISTS `news_letters` (
  `id` bigint(20) unsigned NOT NULL AUTO_INCREMENT,
  `email` varchar(255) NOT NULL,
  `status` varchar(255) NOT NULL DEFAULT 'not_verified',
  `verify_token` varchar(255) DEFAULT NULL,
  `created_at` timestamp NULL DEFAULT NULL,
  `updated_at` timestamp NULL DEFAULT NULL,
  PRIMARY KEY (`id`)
) ENGINE=InnoDB DEFAULT CHARSET=utf8mb4 COLLATE=utf8mb4_unicode_ci;

-- Dumping data for table topcommerce.news_letters: ~0 rows (approximately)
DELETE FROM `news_letters`;

-- Dumping structure for table topcommerce.orders
DROP TABLE IF EXISTS `orders`;
CREATE TABLE IF NOT EXISTS `orders` (
  `id` bigint(20) unsigned NOT NULL AUTO_INCREMENT,
  `uuid` char(36) NOT NULL,
  `order_id` varchar(255) DEFAULT NULL,
  `is_guest_order` tinyint(1) NOT NULL DEFAULT 0,
  `user_id` int(11) DEFAULT NULL,
  `vendor_id` int(11) DEFAULT NULL,
  `note` text DEFAULT NULL,
  `tax` decimal(12,2) NOT NULL DEFAULT 0.00,
  `shipping` decimal(12,2) NOT NULL DEFAULT 0.00,
  `gateway_fee` decimal(12,2) NOT NULL DEFAULT 0.00,
  `sub_total` decimal(12,2) NOT NULL,
  `coupon_code` varchar(255) DEFAULT NULL,
  `discount` decimal(12,2) NOT NULL DEFAULT 0.00,
  `total_amount` decimal(12,2) NOT NULL,
  `order_payment_details_id` bigint(20) unsigned NOT NULL,
  `order_status` enum('pending','approved','processing','packed','shipped','delivered','cancelled') NOT NULL DEFAULT 'pending',
  `created_at` timestamp NULL DEFAULT NULL,
  `updated_at` timestamp NULL DEFAULT NULL,
  PRIMARY KEY (`id`),
  UNIQUE KEY `orders_uuid_unique` (`uuid`),
  UNIQUE KEY `orders_order_id_unique` (`order_id`)
) ENGINE=InnoDB AUTO_INCREMENT=16 DEFAULT CHARSET=utf8mb4 COLLATE=utf8mb4_unicode_ci;

-- Dumping data for table topcommerce.orders: ~15 rows (approximately)
DELETE FROM `orders`;
INSERT INTO `orders` (`id`, `uuid`, `order_id`, `is_guest_order`, `user_id`, `vendor_id`, `note`, `tax`, `shipping`, `gateway_fee`, `sub_total`, `coupon_code`, `discount`, `total_amount`, `order_payment_details_id`, `order_status`, `created_at`, `updated_at`) VALUES
	(1, '4c8529fe-6fc4-443a-a050-4644864a2eaf', 'INV-00000001', 1, NULL, 5, 'addafsdfsafd', 0.06, 4.00, 0.00, 60.36, NULL, 0.00, 64.36, 1, 'pending', '2025-08-07 04:18:39', '2025-08-07 04:18:39'),
	(2, '3ab5bc3b-2397-4a92-9133-e4346c5ed719', 'INV-00000002', 1, NULL, 8, 'addafsdfsafd', 11.17, 4.00, 0.00, 1917.43, NULL, 0.00, 1921.43, 1, 'pending', '2025-08-07 04:18:47', '2025-08-07 04:18:47'),
	(3, '363e2bc4-2e2e-4e40-a34e-dc91a20a14f0', 'INV-00000003', 1, NULL, 6, 'addafsdfsafd', 2.31, 4.00, 0.00, 504.74, NULL, 0.00, 508.74, 1, 'pending', '2025-08-07 04:18:55', '2025-08-07 04:18:55'),
	(4, 'c854b62c-7f4b-444d-b185-66dee912035c', 'INV-00000004', 1, NULL, 1, 'addafsdfsafd', 1.48, 4.00, 0.00, 550.19, NULL, 0.00, 554.19, 1, 'pending', '2025-08-07 04:19:02', '2025-08-07 04:19:02'),
	(5, '82d3bd09-2739-405d-9b9a-2d9f68990fd5', 'INV-00000005', 1, NULL, 5, NULL, 0.06, 4.00, 0.00, 60.36, NULL, 0.00, 64.36, 2, 'pending', '2025-08-07 04:24:25', '2025-08-07 04:24:25'),
	(6, '6ac4e334-e2cc-428a-ad45-8ddac46d9c39', 'INV-00000006', 1, NULL, 8, NULL, 11.17, 4.00, 0.00, 1917.43, NULL, 0.00, 1921.43, 2, 'pending', '2025-08-07 04:24:32', '2025-08-07 04:24:32'),
	(7, 'df80ab09-3505-4780-a8df-2533b8d94c8d', 'INV-00000007', 1, NULL, 6, NULL, 2.31, 4.00, 0.00, 504.74, NULL, 0.00, 508.74, 2, 'pending', '2025-08-07 04:24:35', '2025-08-07 04:24:35'),
	(8, '1ad910dd-8beb-4f6c-aaf8-cc0c95339b4a', 'INV-00000008', 1, NULL, 1, NULL, 1.48, 4.00, 0.00, 550.19, NULL, 0.00, 554.19, 2, 'approved', '2025-08-07 04:24:38', '2025-08-07 04:25:16'),
	(9, 'e5a3e582-5a7a-4586-af9a-305d5d461112', 'INV-00000009', 0, 1001, 5, NULL, 0.06, 4.00, 0.00, 60.36, NULL, 0.00, 64.36, 3, 'approved', '2025-08-07 04:26:27', '2025-08-07 04:54:15'),
	(10, '9c2f719c-e279-4fa5-88ec-a2b9125a4d40', 'INV-00000010', 0, 1001, 6, NULL, 2.31, 4.00, 0.00, 504.74, NULL, 0.00, 508.74, 3, 'approved', '2025-08-07 04:26:35', '2025-08-07 04:26:52'),
	(11, '78a15525-1598-4bef-abc2-d21df7b2ef3b', 'INV-00000011', 0, 1001, 1, 'dfdafdfdaf', 1.48, 10.00, 0.00, 550.19, NULL, 0.00, 560.19, 4, 'approved', '2025-08-07 04:50:33', '2025-08-07 04:51:03'),
	(12, '4b210d8d-4f78-436d-8b36-eaff5c03f4b8', 'INV-00000012', 0, 1001, 8, 'dfdafdfdaf', 7.72, 10.00, 0.00, 1552.31, NULL, 0.00, 1562.31, 4, 'approved', '2025-08-07 04:50:40', '2025-08-07 04:51:13'),
	(13, '8eebc849-dc18-4b9c-ad2b-61edf3c28097', 'INV-00000013', 0, 1001, 7, 'dfdafdfdaf', 3.06, 10.00, 0.00, 1138.25, NULL, 0.00, 1148.25, 4, 'approved', '2025-08-07 04:50:44', '2025-08-07 04:51:20'),
	(14, '7fc84554-2735-41a0-803b-856386de74dc', 'INV-00000014', 0, 1002, 5, 'Welcome', 0.06, 4.00, 0.00, 60.36, 'KNS79M7', 365.69, -301.33, 5, 'approved', '2025-08-07 04:57:44', '2025-08-07 04:58:17'),
	(15, '1316ef3a-8db5-4fa4-bc01-09158afd6465', 'INV-00000015', 0, 1002, 8, 'Welcome', 10.93, 4.00, 0.00, 1864.35, 'KNS79M7', 365.69, 1502.66, 5, 'approved', '2025-08-07 04:57:52', '2025-08-07 04:58:28');

-- Dumping structure for table topcommerce.order_billing_addresses
DROP TABLE IF EXISTS `order_billing_addresses`;
CREATE TABLE IF NOT EXISTS `order_billing_addresses` (
  `id` bigint(20) unsigned NOT NULL AUTO_INCREMENT,
  `order_id` bigint(20) unsigned DEFAULT NULL,
  `user_id` bigint(20) unsigned DEFAULT NULL,
  `name` varchar(255) DEFAULT NULL,
  `email` varchar(255) NOT NULL,
  `phone` varchar(255) DEFAULT NULL,
  `country` varchar(255) DEFAULT NULL,
  `state` varchar(255) DEFAULT NULL,
  `city` varchar(255) DEFAULT NULL,
  `zip_code` varchar(255) DEFAULT NULL,
  `address` varchar(255) DEFAULT NULL,
  `created_at` timestamp NULL DEFAULT NULL,
  `updated_at` timestamp NULL DEFAULT NULL,
  PRIMARY KEY (`id`)
) ENGINE=InnoDB AUTO_INCREMENT=16 DEFAULT CHARSET=utf8mb4 COLLATE=utf8mb4_unicode_ci;

-- Dumping data for table topcommerce.order_billing_addresses: ~15 rows (approximately)
DELETE FROM `order_billing_addresses`;
INSERT INTO `order_billing_addresses` (`id`, `order_id`, `user_id`, `name`, `email`, `phone`, `country`, `state`, `city`, `zip_code`, `address`, `created_at`, `updated_at`) VALUES
	(1, 1, NULL, 'John Pierce', 'admin@gmail.com', '017821222121', 'Bahrain', 'Rhode Island', 'New Frederique', '1200', 'Joshar Bazar, Shibpur, Narshindgi', '2025-08-07 04:18:39', '2025-08-07 04:18:39'),
	(2, 2, NULL, 'John Pierce', 'admin@gmail.com', '017821222121', 'Bahrain', 'Rhode Island', 'New Frederique', '1200', 'Joshar Bazar, Shibpur, Narshindgi', '2025-08-07 04:18:47', '2025-08-07 04:18:47'),
	(3, 3, NULL, 'John Pierce', 'admin@gmail.com', '017821222121', 'Bahrain', 'Rhode Island', 'New Frederique', '1200', 'Joshar Bazar, Shibpur, Narshindgi', '2025-08-07 04:18:55', '2025-08-07 04:18:55'),
	(4, 4, NULL, 'John Pierce', 'admin@gmail.com', '017821222121', 'Bahrain', 'Rhode Island', 'New Frederique', '1200', 'Joshar Bazar, Shibpur, Narshindgi', '2025-08-07 04:19:02', '2025-08-07 04:19:02'),
	(5, 5, NULL, 'John Pierce', 'admin@gmail.com', '017821222121', 'Bahrain', 'Rhode Island', 'Maximilliahaven', '1200', 'Joshar Bazar, Shibpur, Narshindgi', '2025-08-07 04:24:25', '2025-08-07 04:24:25'),
	(6, 6, NULL, 'John Pierce', 'admin@gmail.com', '017821222121', 'Bahrain', 'Rhode Island', 'Maximilliahaven', '1200', 'Joshar Bazar, Shibpur, Narshindgi', '2025-08-07 04:24:32', '2025-08-07 04:24:32'),
	(7, 7, NULL, 'John Pierce', 'admin@gmail.com', '017821222121', 'Bahrain', 'Rhode Island', 'Maximilliahaven', '1200', 'Joshar Bazar, Shibpur, Narshindgi', '2025-08-07 04:24:35', '2025-08-07 04:24:35'),
	(8, 8, NULL, 'John Pierce', 'admin@gmail.com', '017821222121', 'Bahrain', 'Rhode Island', 'Maximilliahaven', '1200', 'Joshar Bazar, Shibpur, Narshindgi', '2025-08-07 04:24:38', '2025-08-07 04:24:38'),
	(9, 9, 1001, 'John Doe', 'user@gmail.com', '1-260-953-4711', 'Algeria', 'Ohio', 'East Lauren', '60965', '1749 Jakubowski Mews\nNew Lora, ME 77555', '2025-08-07 04:26:27', '2025-08-07 04:26:27'),
	(10, 10, 1001, 'John Doe', 'user@gmail.com', '1-260-953-4711', 'Algeria', 'Ohio', 'East Lauren', '60965', '1749 Jakubowski Mews\nNew Lora, ME 77555', '2025-08-07 04:26:35', '2025-08-07 04:26:35'),
	(11, 11, 1001, 'John Doe', 'user@gmail.com', '1-260-953-4711', 'Algeria', 'Ohio', 'East Lauren', '60965', '1749 Jakubowski Mews\nNew Lora, ME 77555', '2025-08-07 04:50:33', '2025-08-07 04:50:33'),
	(12, 12, 1001, 'John Doe', 'user@gmail.com', '1-260-953-4711', 'Algeria', 'Ohio', 'East Lauren', '60965', '1749 Jakubowski Mews\nNew Lora, ME 77555', '2025-08-07 04:50:40', '2025-08-07 04:50:40'),
	(13, 13, 1001, 'John Doe', 'user@gmail.com', '1-260-953-4711', 'Algeria', 'Ohio', 'East Lauren', '60965', '1749 Jakubowski Mews\nNew Lora, ME 77555', '2025-08-07 04:50:44', '2025-08-07 04:50:44'),
	(14, 14, 1002, 'John Vendor', 'vendor@gmail.com', '985.546.4597', 'Algeria', 'Tennessee', 'Janiyaport', '24405-9847', '5741 Armand Hills\nGleasonfort, MD 04639-8120', '2025-08-07 04:57:44', '2025-08-07 04:57:44'),
	(15, 15, 1002, 'John Vendor', 'vendor@gmail.com', '985.546.4597', 'Algeria', 'Tennessee', 'Janiyaport', '24405-9847', '5741 Armand Hills\nGleasonfort, MD 04639-8120', '2025-08-07 04:57:52', '2025-08-07 04:57:52');

-- Dumping structure for table topcommerce.order_details
DROP TABLE IF EXISTS `order_details`;
CREATE TABLE IF NOT EXISTS `order_details` (
  `id` bigint(20) unsigned NOT NULL AUTO_INCREMENT,
  `order_id` bigint(20) unsigned NOT NULL,
  `product_id` bigint(20) unsigned NOT NULL,
  `vendor_id` bigint(20) unsigned DEFAULT NULL,
  `user_id` bigint(20) unsigned DEFAULT NULL,
  `qty` int(11) NOT NULL,
  `price` decimal(15,2) NOT NULL,
  `tax_amount` decimal(15,2) NOT NULL,
  `total_price` decimal(15,2) NOT NULL,
  `options` text DEFAULT NULL,
  `product_name` varchar(255) NOT NULL,
  `product_thumbnail` varchar(255) DEFAULT NULL,
  `product_sku` varchar(255) NOT NULL,
  `commission_rate` int(11) DEFAULT NULL,
  `commission` decimal(15,2) NOT NULL DEFAULT 0.00,
  `is_variant` tinyint(1) NOT NULL DEFAULT 0,
  `is_flash_deal` tinyint(1) NOT NULL DEFAULT 0,
  `measurement` varchar(255) DEFAULT NULL,
  `weight` double(8,2) DEFAULT 0.00,
  `created_at` timestamp NULL DEFAULT NULL,
  `updated_at` timestamp NULL DEFAULT NULL,
  PRIMARY KEY (`id`)
) ENGINE=InnoDB AUTO_INCREMENT=18 DEFAULT CHARSET=utf8mb4 COLLATE=utf8mb4_unicode_ci;

-- Dumping data for table topcommerce.order_details: ~17 rows (approximately)
DELETE FROM `order_details`;
INSERT INTO `order_details` (`id`, `order_id`, `product_id`, `vendor_id`, `user_id`, `qty`, `price`, `tax_amount`, `total_price`, `options`, `product_name`, `product_thumbnail`, `product_sku`, `commission_rate`, `commission`, `is_variant`, `is_flash_deal`, `measurement`, `weight`, `created_at`, `updated_at`) VALUES
	(1, 1, 7, 5, NULL, 1, 60.30, 0.06, 60.36, NULL, 'Best Coffee & Tea Table New Colour (19Rx24H)', 'website/images/home_1/product_7.webp', 'SKU-00000007', 5, 57.34, 0, 1, 'Length: 37.24 cm, Width: 0 cm, Height: 97 cm, Weight: 7.84 grams', 7.84, '2025-08-07 04:18:39', '2025-08-07 04:18:39'),
	(2, 2, 8, 8, NULL, 1, 52.84, 0.24, 53.08, NULL, 'Manfare Premium Sports T Shirt - Active Wear - Mf-', 'website/images/home_1/product_8.webp', 'SKU-00000008', 5, 50.42, 0, 0, 'Length: 73.28 cm, Width: 0 cm, Height: 92.06 cm, Weight: 3.91 grams', 3.91, '2025-08-07 04:18:47', '2025-08-07 04:18:47'),
	(3, 2, 12, 8, NULL, 1, 1853.42, 10.93, 1864.35, NULL, 'Jare Relax Adjustable Reclining Massage Chair', 'website/images/home_1/product_12.webp', 'SKU-00000012', 5, 1771.13, 0, 0, 'Length: 82.36 cm, Width: 0 cm, Height: 74.53 cm, Weight: 8.36 grams', 8.36, '2025-08-07 04:18:47', '2025-08-07 04:18:47'),
	(4, 3, 9, 6, NULL, 1, 502.43, 2.31, 504.74, NULL, 'Long Battery Life: Jbl Tune 720Bt Wireless Over-Ea', 'website/images/home_1/product_9.webp', 'SKU-00000009', 5, 479.50, 0, 1, 'Length: 76.86 cm, Width: 0 cm, Height: 57.93 cm, Weight: 1.87 grams', 1.87, '2025-08-07 04:18:55', '2025-08-07 04:18:55'),
	(5, 4, 11, 1, NULL, 1, 548.71, 1.48, 550.19, 'Size: M, Color: Dark Black', 'Tim Hortons Cookies Biscuit 150Gm', 'website/images/home_1/product_11.webp', 'M-Dark Black-SKU-00000011', 5, 522.68, 1, 0, 'Length: 75.1 cm, Width: 0 cm, Height: 89.41 cm, Weight: 6.67 grams', 6.67, '2025-08-07 04:19:02', '2025-08-07 04:19:02'),
	(6, 5, 7, 5, NULL, 1, 60.30, 0.06, 60.36, NULL, 'Best Coffee & Tea Table New Colour (19Rx24H)', 'website/images/home_1/product_7.webp', 'SKU-00000007', 5, 57.34, 0, 1, 'Length: 37.24 cm, Width: 0 cm, Height: 97 cm, Weight: 7.84 grams', 7.84, '2025-08-07 04:24:25', '2025-08-07 04:24:25'),
	(7, 6, 8, 8, NULL, 1, 52.84, 0.24, 53.08, NULL, 'Manfare Premium Sports T Shirt - Active Wear - Mf-', 'website/images/home_1/product_8.webp', 'SKU-00000008', 5, 50.42, 0, 0, 'Length: 73.28 cm, Width: 0 cm, Height: 92.06 cm, Weight: 3.91 grams', 3.91, '2025-08-07 04:24:32', '2025-08-07 04:24:32'),
	(8, 6, 12, 8, NULL, 1, 1853.42, 10.93, 1864.35, NULL, 'Jare Relax Adjustable Reclining Massage Chair', 'website/images/home_1/product_12.webp', 'SKU-00000012', 5, 1771.13, 0, 0, 'Length: 82.36 cm, Width: 0 cm, Height: 74.53 cm, Weight: 8.36 grams', 8.36, '2025-08-07 04:24:32', '2025-08-07 04:24:32'),
	(9, 7, 9, 6, NULL, 1, 502.43, 2.31, 504.74, NULL, 'Long Battery Life: Jbl Tune 720Bt Wireless Over-Ea', 'website/images/home_1/product_9.webp', 'SKU-00000009', 5, 479.50, 0, 1, 'Length: 76.86 cm, Width: 0 cm, Height: 57.93 cm, Weight: 1.87 grams', 1.87, '2025-08-07 04:24:35', '2025-08-07 04:24:35'),
	(10, 8, 11, 1, NULL, 1, 548.71, 1.48, 550.19, 'Size: M, Color: Dark Black', 'Tim Hortons Cookies Biscuit 150Gm', 'website/images/home_1/product_11.webp', 'M-Dark Black-SKU-00000011', 5, 522.68, 1, 0, 'Length: 75.1 cm, Width: 0 cm, Height: 89.41 cm, Weight: 6.67 grams', 6.67, '2025-08-07 04:24:38', '2025-08-07 04:24:38'),
	(11, 9, 7, 5, 1001, 1, 60.30, 0.06, 60.36, NULL, 'Best Coffee & Tea Table New Colour (19Rx24H)', 'website/images/home_1/product_7.webp', 'SKU-00000007', 5, 57.34, 0, 1, 'Length: 37.24 cm, Width: 0 cm, Height: 97 cm, Weight: 7.84 grams', 7.84, '2025-08-07 04:26:27', '2025-08-07 04:26:27'),
	(12, 10, 9, 6, 1001, 1, 502.43, 2.31, 504.74, NULL, 'Long Battery Life: Jbl Tune 720Bt Wireless Over-Ea', 'website/images/home_1/product_9.webp', 'SKU-00000009', 5, 479.50, 0, 1, 'Length: 76.86 cm, Width: 0 cm, Height: 57.93 cm, Weight: 1.87 grams', 1.87, '2025-08-07 04:26:35', '2025-08-07 04:26:35'),
	(13, 11, 11, 1, 1001, 1, 548.71, 1.48, 550.19, 'Size: M, Color: Dark Black', 'Tim Hortons Cookies Biscuit 150Gm', 'website/images/home_1/product_11.webp', 'M-Dark Black-SKU-00000011', 5, 522.68, 1, 0, 'Length: 75.1 cm, Width: 0 cm, Height: 89.41 cm, Weight: 6.67 grams', 6.67, '2025-08-07 04:50:33', '2025-08-07 04:50:33'),
	(14, 12, 17, 8, 1001, 1, 1544.59, 7.72, 1552.31, NULL, 'Ergo Mesh Back Visitor Chair Cft-Rvc-07', 'website/images/home_1/product_5.webp', 'SKU-00000017', 5, 1474.69, 0, 1, 'Length: 57.96 cm, Width: 0 cm, Height: 22.11 cm, Weight: 2.2 grams', 2.20, '2025-08-07 04:50:40', '2025-08-07 04:50:40'),
	(15, 13, 1, 7, 1001, 1, 1135.19, 3.06, 1138.25, NULL, 'Cotton Long Sleeve Shirt', 'website/images/home_1/product_1.webp', 'SKU-00000001', 5, 1081.33, 0, 1, 'Length: 18.89 cm, Width: 0 cm, Height: 63.7 cm, Weight: 8.65 grams', 8.65, '2025-08-07 04:50:44', '2025-08-07 04:50:44'),
	(16, 14, 7, 5, 1002, 1, 60.30, 0.06, 60.36, NULL, 'Best Coffee & Tea Table New Colour (19Rx24H)', 'website/images/home_1/product_7.webp', 'SKU-00000007', 5, 57.34, 0, 1, 'Length: 37.24 cm, Width: 0 cm, Height: 97 cm, Weight: 7.84 grams', 7.84, '2025-08-07 04:57:44', '2025-08-07 04:57:44'),
	(17, 15, 12, 8, 1002, 1, 1853.42, 10.93, 1864.35, NULL, 'Jare Relax Adjustable Reclining Massage Chair', 'website/images/home_1/product_12.webp', 'SKU-00000012', 5, 1771.13, 0, 0, 'Length: 82.36 cm, Width: 0 cm, Height: 74.53 cm, Weight: 8.36 grams', 8.36, '2025-08-07 04:57:52', '2025-08-07 04:57:52');

-- Dumping structure for table topcommerce.order_payment_details
DROP TABLE IF EXISTS `order_payment_details`;
CREATE TABLE IF NOT EXISTS `order_payment_details` (
  `id` bigint(20) unsigned NOT NULL AUTO_INCREMENT,
  `uuid` char(36) NOT NULL,
  `coupon_code` varchar(255) DEFAULT NULL,
  `total_discount` decimal(12,2) DEFAULT NULL,
  `payable_amount_without_rate` decimal(12,2) NOT NULL,
  `payable_amount` decimal(12,2) NOT NULL,
  `payable_currency` varchar(255) DEFAULT NULL,
  `paid_amount` varchar(255) NOT NULL DEFAULT '0',
  `transaction_id` varchar(255) DEFAULT NULL,
  `payment_details` text DEFAULT NULL,
  `payment_method` varchar(255) NOT NULL,
  `payment_status` enum('pending','processing','completed','failed','rejected') NOT NULL DEFAULT 'pending',
  `created_at` timestamp NULL DEFAULT NULL,
  `updated_at` timestamp NULL DEFAULT NULL,
  PRIMARY KEY (`id`),
  UNIQUE KEY `order_payment_details_uuid_unique` (`uuid`)
) ENGINE=InnoDB AUTO_INCREMENT=6 DEFAULT CHARSET=utf8mb4 COLLATE=utf8mb4_unicode_ci;

-- Dumping data for table topcommerce.order_payment_details: ~5 rows (approximately)
DELETE FROM `order_payment_details`;
INSERT INTO `order_payment_details` (`id`, `uuid`, `coupon_code`, `total_discount`, `payable_amount_without_rate`, `payable_amount`, `payable_currency`, `paid_amount`, `transaction_id`, `payment_details`, `payment_method`, `payment_status`, `created_at`, `updated_at`) VALUES
	(1, '9b08a854-7269-40cd-be88-e79414fd1381', NULL, 0.00, 3048.72, 3048.72, 'USD', '0', NULL, NULL, 'stripe', 'pending', '2025-08-07 04:18:39', '2025-08-07 04:18:39'),
	(2, '384dcc37-a4f1-4aba-aa21-886a55d4f2a9', NULL, 0.00, 3048.72, 3048.72, 'usd', '3048.72', 'txn_3RtR0YLdrMGLvvfW0bZtmuv4', '{"transaction_id":"txn_3RtR0YLdrMGLvvfW0bZtmuv4","amount":304872,"currency":"usd","paid":true,"description":"Topcommerce","seller_message":"Payment complete.","payment_method":"card_1RtR0XLdrMGLvvfWwecJ7bMB","card_last4_digit":"4242","card_brand":"visa - US","receipt_url":"https:\\/\\/pay.stripe.com\\/receipts\\/payment\\/CAcaFwoVYWNjdF8xRkRScGdMZHJNR0x2dmZXKIv-0cQGMgZyTivZ6hE6LBaWAWZNnyZZlI_SwbSvcj4x5J4rHlclUjl-yfjFpZaFifTae9oRmLZDa5PX","status":"succeeded"}', 'stripe', 'completed', '2025-08-07 04:24:25', '2025-08-07 04:25:16'),
	(3, '7bf7b643-8b23-44d2-a850-2bdc36c05ef9', NULL, 0.00, 573.10, 573.10, 'usd', '573.1', 'txn_3RtR26LdrMGLvvfW0FFGfZCU', '{"transaction_id":"txn_3RtR26LdrMGLvvfW0FFGfZCU","amount":57310,"currency":"usd","paid":true,"description":"Topcommerce","seller_message":"Payment complete.","payment_method":"card_1RtR25LdrMGLvvfW4gMljMS6","card_last4_digit":"4242","card_brand":"visa - US","receipt_url":"https:\\/\\/pay.stripe.com\\/receipts\\/payment\\/CAcaFwoVYWNjdF8xRkRScGdMZHJNR0x2dmZXKOr-0cQGMgZgRNO9f7Y6LBZWXCCsT-CTVPfFuZ6ANAmk3Ys1HpCDRaVltmcoOKgDz4hqs-kZhLINeTS6","status":"succeeded"}', 'stripe', 'completed', '2025-08-07 04:26:27', '2025-08-07 04:54:06'),
	(4, 'f6497d8c-ad59-42e0-b5c2-e1215b687418', NULL, 0.00, 3270.75, 3270.75, 'usd', '3270.75', 'txn_3RtRPULdrMGLvvfW3BRPzIfm', '{"transaction_id":"txn_3RtRPULdrMGLvvfW3BRPzIfm","amount":327075,"currency":"usd","paid":true,"description":"Topcommerce","seller_message":"Payment complete.","payment_method":"card_1RtRPTLdrMGLvvfWyt9VX6GV","card_last4_digit":"4242","card_brand":"visa - US","receipt_url":"https:\\/\\/pay.stripe.com\\/receipts\\/payment\\/CAcaFwoVYWNjdF8xRkRScGdMZHJNR0x2dmZXKJWK0sQGMgZMBEJ3LIM6LBZi1wRBwJMG3cna7yDrQqFIE5NfjbbuPtX33ZtNtnaGSngUQ_IsGot0xJDl","status":"succeeded"}', 'stripe', 'completed', '2025-08-07 04:50:33', '2025-08-07 04:51:03'),
	(5, '668037a8-a6e8-489f-9e14-26538544e8cb', 'KNS79M7', 731.39, 1201.32, 1201.32, 'usd', '1201.32', 'txn_3RtRWVLdrMGLvvfW16awTpyw', '{"transaction_id":"txn_3RtRWVLdrMGLvvfW16awTpyw","amount":120132,"currency":"usd","paid":true,"description":"Topcommerce","seller_message":"Payment complete.","payment_method":"card_1RtRWULdrMGLvvfWFdpOHzqx","card_last4_digit":"4242","card_brand":"visa - US","receipt_url":"https:\\/\\/pay.stripe.com\\/receipts\\/payment\\/CAcaFwoVYWNjdF8xRkRScGdMZHJNR0x2dmZXKMiN0sQGMgZb-9F4OVo6LBYbIa0rwxv8OWvScxW05HKbeSEtfIUBPxDXw3X1A6fJhcwJJs5_-mrvyrBa","status":"succeeded"}', 'stripe', 'completed', '2025-08-07 04:57:44', '2025-08-07 04:58:17');

-- Dumping structure for table topcommerce.order_shipping_addresses
DROP TABLE IF EXISTS `order_shipping_addresses`;
CREATE TABLE IF NOT EXISTS `order_shipping_addresses` (
  `id` bigint(20) unsigned NOT NULL AUTO_INCREMENT,
  `order_id` bigint(20) unsigned DEFAULT NULL,
  `user_id` bigint(20) unsigned DEFAULT NULL,
  `name` varchar(255) DEFAULT NULL,
  `email` varchar(255) NOT NULL,
  `phone` varchar(255) DEFAULT NULL,
  `country` varchar(255) DEFAULT NULL,
  `state` varchar(255) DEFAULT NULL,
  `city` varchar(255) DEFAULT NULL,
  `zip_code` varchar(255) DEFAULT NULL,
  `address` varchar(255) DEFAULT NULL,
  `walk_in_customer` tinyint(1) DEFAULT NULL,
  `type` enum('home','office') NOT NULL DEFAULT 'home',
  `created_at` timestamp NULL DEFAULT NULL,
  `updated_at` timestamp NULL DEFAULT NULL,
  PRIMARY KEY (`id`)
) ENGINE=InnoDB AUTO_INCREMENT=16 DEFAULT CHARSET=utf8mb4 COLLATE=utf8mb4_unicode_ci;

-- Dumping data for table topcommerce.order_shipping_addresses: ~15 rows (approximately)
DELETE FROM `order_shipping_addresses`;
INSERT INTO `order_shipping_addresses` (`id`, `order_id`, `user_id`, `name`, `email`, `phone`, `country`, `state`, `city`, `zip_code`, `address`, `walk_in_customer`, `type`, `created_at`, `updated_at`) VALUES
	(1, 1, NULL, 'John Pierce', 'admin@gmail.com', '017821222121', 'Bahrain', 'Rhode Island', 'New Frederique', '1200', 'Joshar Bazar, Shibpur, Narshindgi', 0, 'home', '2025-08-07 04:18:39', '2025-08-07 04:18:39'),
	(2, 2, NULL, 'John Pierce', 'admin@gmail.com', '017821222121', 'Bahrain', 'Rhode Island', 'New Frederique', '1200', 'Joshar Bazar, Shibpur, Narshindgi', 0, 'home', '2025-08-07 04:18:47', '2025-08-07 04:18:47'),
	(3, 3, NULL, 'John Pierce', 'admin@gmail.com', '017821222121', 'Bahrain', 'Rhode Island', 'New Frederique', '1200', 'Joshar Bazar, Shibpur, Narshindgi', 0, 'home', '2025-08-07 04:18:55', '2025-08-07 04:18:55'),
	(4, 4, NULL, 'John Pierce', 'admin@gmail.com', '017821222121', 'Bahrain', 'Rhode Island', 'New Frederique', '1200', 'Joshar Bazar, Shibpur, Narshindgi', 0, 'home', '2025-08-07 04:19:02', '2025-08-07 04:19:02'),
	(5, 5, NULL, 'John Pierce', 'admin@gmail.com', '017821222121', 'Bahrain', 'Rhode Island', 'Maximilliahaven', '1200', 'Joshar Bazar, Shibpur, Narshindgi', 0, 'home', '2025-08-07 04:24:25', '2025-08-07 04:24:25'),
	(6, 6, NULL, 'John Pierce', 'admin@gmail.com', '017821222121', 'Bahrain', 'Rhode Island', 'Maximilliahaven', '1200', 'Joshar Bazar, Shibpur, Narshindgi', 0, 'home', '2025-08-07 04:24:32', '2025-08-07 04:24:32'),
	(7, 7, NULL, 'John Pierce', 'admin@gmail.com', '017821222121', 'Bahrain', 'Rhode Island', 'Maximilliahaven', '1200', 'Joshar Bazar, Shibpur, Narshindgi', 0, 'home', '2025-08-07 04:24:35', '2025-08-07 04:24:35'),
	(8, 8, NULL, 'John Pierce', 'admin@gmail.com', '017821222121', 'Bahrain', 'Rhode Island', 'Maximilliahaven', '1200', 'Joshar Bazar, Shibpur, Narshindgi', 0, 'home', '2025-08-07 04:24:38', '2025-08-07 04:24:38'),
	(9, 9, 1001, 'John Doe', 'user@gmail.com', '1-260-953-4711', 'Algeria', 'Ohio', 'East Lauren', '60965', '1749 Jakubowski Mews\nNew Lora, ME 77555', 1, 'home', '2025-08-07 04:26:27', '2025-08-07 04:26:27'),
	(10, 10, 1001, 'John Doe', 'user@gmail.com', '1-260-953-4711', 'Algeria', 'Ohio', 'East Lauren', '60965', '1749 Jakubowski Mews\nNew Lora, ME 77555', 1, 'home', '2025-08-07 04:26:35', '2025-08-07 04:26:35'),
	(11, 11, 1001, 'John Doe', 'user@gmail.com', '1-260-953-4711', 'Algeria', 'Ohio', 'East Lauren', '60965', '1749 Jakubowski Mews\nNew Lora, ME 77555', 1, 'home', '2025-08-07 04:50:33', '2025-08-07 04:50:33'),
	(12, 12, 1001, 'John Doe', 'user@gmail.com', '1-260-953-4711', 'Algeria', 'Ohio', 'East Lauren', '60965', '1749 Jakubowski Mews\nNew Lora, ME 77555', 1, 'home', '2025-08-07 04:50:40', '2025-08-07 04:50:40'),
	(13, 13, 1001, 'John Doe', 'user@gmail.com', '1-260-953-4711', 'Algeria', 'Ohio', 'East Lauren', '60965', '1749 Jakubowski Mews\nNew Lora, ME 77555', 1, 'home', '2025-08-07 04:50:44', '2025-08-07 04:50:44'),
	(14, 14, 1002, 'John Vendor', 'vendor@gmail.com', '985.546.4597', 'Algeria', 'Tennessee', 'Janiyaport', '24405-9847', '5741 Armand Hills\nGleasonfort, MD 04639-8120', 1, 'home', '2025-08-07 04:57:44', '2025-08-07 04:57:44'),
	(15, 15, 1002, 'John Vendor', 'vendor@gmail.com', '985.546.4597', 'Algeria', 'Tennessee', 'Janiyaport', '24405-9847', '5741 Armand Hills\nGleasonfort, MD 04639-8120', 1, 'home', '2025-08-07 04:57:52', '2025-08-07 04:57:52');

-- Dumping structure for table topcommerce.order_status_change_histories
DROP TABLE IF EXISTS `order_status_change_histories`;
CREATE TABLE IF NOT EXISTS `order_status_change_histories` (
  `id` bigint(20) unsigned NOT NULL AUTO_INCREMENT,
  `order_id` bigint(20) unsigned NOT NULL,
  `type` enum('payment_status','order_status') NOT NULL DEFAULT 'order_status',
  `from_status` varchar(255) NOT NULL DEFAULT 'pending',
  `to_status` varchar(255) NOT NULL,
  `message` text DEFAULT NULL,
  `change_by` enum('admin','user','system') NOT NULL DEFAULT 'system',
  `changed_by_id` bigint(20) unsigned DEFAULT NULL,
  `created_at` timestamp NULL DEFAULT NULL,
  `updated_at` timestamp NULL DEFAULT NULL,
  PRIMARY KEY (`id`)
) ENGINE=InnoDB AUTO_INCREMENT=48 DEFAULT CHARSET=utf8mb4 COLLATE=utf8mb4_unicode_ci;

-- Dumping data for table topcommerce.order_status_change_histories: ~47 rows (approximately)
DELETE FROM `order_status_change_histories`;
INSERT INTO `order_status_change_histories` (`id`, `order_id`, `type`, `from_status`, `to_status`, `message`, `change_by`, `changed_by_id`, `created_at`, `updated_at`) VALUES
	(1, 1, 'order_status', 'pending', 'pending', NULL, 'system', NULL, '2025-08-07 04:18:39', '2025-08-07 04:18:39'),
	(2, 1, 'payment_status', 'pending', 'pending', NULL, 'system', NULL, '2025-08-07 04:18:39', '2025-08-07 04:18:39'),
	(3, 2, 'order_status', 'pending', 'pending', NULL, 'system', NULL, '2025-08-07 04:18:47', '2025-08-07 04:18:47'),
	(4, 2, 'payment_status', 'pending', 'pending', NULL, 'system', NULL, '2025-08-07 04:18:47', '2025-08-07 04:18:47'),
	(5, 3, 'order_status', 'pending', 'pending', NULL, 'system', NULL, '2025-08-07 04:18:55', '2025-08-07 04:18:55'),
	(6, 3, 'payment_status', 'pending', 'pending', NULL, 'system', NULL, '2025-08-07 04:18:55', '2025-08-07 04:18:55'),
	(7, 4, 'order_status', 'pending', 'pending', NULL, 'system', NULL, '2025-08-07 04:19:02', '2025-08-07 04:19:02'),
	(8, 4, 'payment_status', 'pending', 'pending', NULL, 'system', NULL, '2025-08-07 04:19:02', '2025-08-07 04:19:02'),
	(9, 5, 'order_status', 'pending', 'pending', NULL, 'system', NULL, '2025-08-07 04:24:25', '2025-08-07 04:24:25'),
	(10, 5, 'payment_status', 'pending', 'pending', NULL, 'system', NULL, '2025-08-07 04:24:25', '2025-08-07 04:24:25'),
	(11, 6, 'order_status', 'pending', 'pending', NULL, 'system', NULL, '2025-08-07 04:24:32', '2025-08-07 04:24:32'),
	(12, 6, 'payment_status', 'pending', 'pending', NULL, 'system', NULL, '2025-08-07 04:24:32', '2025-08-07 04:24:32'),
	(13, 7, 'order_status', 'pending', 'pending', NULL, 'system', NULL, '2025-08-07 04:24:35', '2025-08-07 04:24:35'),
	(14, 7, 'payment_status', 'pending', 'pending', NULL, 'system', NULL, '2025-08-07 04:24:35', '2025-08-07 04:24:35'),
	(15, 8, 'order_status', 'pending', 'pending', NULL, 'system', NULL, '2025-08-07 04:24:38', '2025-08-07 04:24:38'),
	(16, 8, 'payment_status', 'pending', 'pending', NULL, 'system', NULL, '2025-08-07 04:24:38', '2025-08-07 04:24:38'),
	(17, 8, 'payment_status', 'pending', 'completed', NULL, 'system', NULL, '2025-08-07 04:25:24', '2025-08-07 04:25:24'),
	(18, 8, 'order_status', 'pending', 'approved', NULL, 'system', NULL, '2025-08-07 04:25:24', '2025-08-07 04:25:24'),
	(19, 9, 'order_status', 'pending', 'pending', NULL, 'system', NULL, '2025-08-07 04:26:27', '2025-08-07 04:26:27'),
	(20, 9, 'payment_status', 'pending', 'pending', NULL, 'system', NULL, '2025-08-07 04:26:27', '2025-08-07 04:26:27'),
	(21, 10, 'order_status', 'pending', 'pending', NULL, 'system', NULL, '2025-08-07 04:26:35', '2025-08-07 04:26:35'),
	(22, 10, 'payment_status', 'pending', 'pending', NULL, 'system', NULL, '2025-08-07 04:26:35', '2025-08-07 04:26:35'),
	(23, 10, 'payment_status', 'pending', 'completed', NULL, 'system', NULL, '2025-08-07 04:27:00', '2025-08-07 04:27:00'),
	(24, 10, 'order_status', 'pending', 'approved', NULL, 'system', NULL, '2025-08-07 04:27:00', '2025-08-07 04:27:00'),
	(25, 11, 'order_status', 'pending', 'pending', NULL, 'system', NULL, '2025-08-07 04:50:33', '2025-08-07 04:50:33'),
	(26, 11, 'payment_status', 'pending', 'pending', NULL, 'system', NULL, '2025-08-07 04:50:33', '2025-08-07 04:50:33'),
	(27, 12, 'order_status', 'pending', 'pending', NULL, 'system', NULL, '2025-08-07 04:50:40', '2025-08-07 04:50:40'),
	(28, 12, 'payment_status', 'pending', 'pending', NULL, 'system', NULL, '2025-08-07 04:50:40', '2025-08-07 04:50:40'),
	(29, 13, 'order_status', 'pending', 'pending', NULL, 'system', NULL, '2025-08-07 04:50:44', '2025-08-07 04:50:44'),
	(30, 13, 'payment_status', 'pending', 'pending', NULL, 'system', NULL, '2025-08-07 04:50:44', '2025-08-07 04:50:44'),
	(31, 11, 'payment_status', 'pending', 'completed', NULL, 'system', NULL, '2025-08-07 04:51:10', '2025-08-07 04:51:10'),
	(32, 11, 'order_status', 'pending', 'approved', NULL, 'system', NULL, '2025-08-07 04:51:10', '2025-08-07 04:51:10'),
	(33, 12, 'payment_status', 'pending', 'completed', NULL, 'system', NULL, '2025-08-07 04:51:16', '2025-08-07 04:51:16'),
	(34, 12, 'order_status', 'pending', 'approved', NULL, 'system', NULL, '2025-08-07 04:51:16', '2025-08-07 04:51:16'),
	(35, 13, 'payment_status', 'pending', 'completed', NULL, 'system', NULL, '2025-08-07 04:51:24', '2025-08-07 04:51:24'),
	(36, 13, 'order_status', 'pending', 'approved', NULL, 'system', NULL, '2025-08-07 04:51:24', '2025-08-07 04:51:24'),
	(37, 9, 'payment_status', 'completed', 'processing', NULL, 'admin', 1, '2025-08-07 04:53:53', '2025-08-07 04:53:53'),
	(38, 9, 'payment_status', 'processing', 'completed', NULL, 'admin', 1, '2025-08-07 04:54:06', '2025-08-07 04:54:06'),
	(39, 9, 'order_status', 'pending', 'approved', NULL, 'admin', 1, '2025-08-07 04:54:15', '2025-08-07 04:54:15'),
	(40, 14, 'order_status', 'pending', 'pending', NULL, 'system', NULL, '2025-08-07 04:57:44', '2025-08-07 04:57:44'),
	(41, 14, 'payment_status', 'pending', 'pending', NULL, 'system', NULL, '2025-08-07 04:57:44', '2025-08-07 04:57:44'),
	(42, 15, 'order_status', 'pending', 'pending', NULL, 'system', NULL, '2025-08-07 04:57:52', '2025-08-07 04:57:52'),
	(43, 15, 'payment_status', 'pending', 'pending', NULL, 'system', NULL, '2025-08-07 04:57:52', '2025-08-07 04:57:52'),
	(44, 14, 'payment_status', 'pending', 'completed', NULL, 'system', NULL, '2025-08-07 04:58:24', '2025-08-07 04:58:24'),
	(45, 14, 'order_status', 'pending', 'approved', NULL, 'system', NULL, '2025-08-07 04:58:24', '2025-08-07 04:58:24'),
	(46, 15, 'payment_status', 'pending', 'completed', NULL, 'system', NULL, '2025-08-07 04:58:31', '2025-08-07 04:58:31'),
	(47, 15, 'order_status', 'pending', 'approved', NULL, 'system', NULL, '2025-08-07 04:58:31', '2025-08-07 04:58:31');

-- Dumping structure for table topcommerce.password_resets
DROP TABLE IF EXISTS `password_resets`;
CREATE TABLE IF NOT EXISTS `password_resets` (
  `email` varchar(255) NOT NULL,
  `token` varchar(255) NOT NULL,
  `created_at` timestamp NULL DEFAULT NULL,
  KEY `password_resets_email_index` (`email`)
) ENGINE=InnoDB DEFAULT CHARSET=utf8mb4 COLLATE=utf8mb4_unicode_ci;

-- Dumping data for table topcommerce.password_resets: ~0 rows (approximately)
DELETE FROM `password_resets`;

-- Dumping structure for table topcommerce.password_reset_tokens
DROP TABLE IF EXISTS `password_reset_tokens`;
CREATE TABLE IF NOT EXISTS `password_reset_tokens` (
  `email` varchar(255) NOT NULL,
  `token` varchar(255) NOT NULL,
  `created_at` timestamp NULL DEFAULT NULL,
  PRIMARY KEY (`email`)
) ENGINE=InnoDB DEFAULT CHARSET=utf8mb4 COLLATE=utf8mb4_unicode_ci;

-- Dumping data for table topcommerce.password_reset_tokens: ~0 rows (approximately)
DELETE FROM `password_reset_tokens`;

-- Dumping structure for table topcommerce.payment_gateways
DROP TABLE IF EXISTS `payment_gateways`;
CREATE TABLE IF NOT EXISTS `payment_gateways` (
  `id` bigint(20) unsigned NOT NULL AUTO_INCREMENT,
  `key` varchar(255) NOT NULL,
  `value` text NOT NULL,
  `created_at` timestamp NULL DEFAULT NULL,
  `updated_at` timestamp NULL DEFAULT NULL,
  PRIMARY KEY (`id`)
) ENGINE=InnoDB AUTO_INCREMENT=50 DEFAULT CHARSET=utf8mb4 COLLATE=utf8mb4_unicode_ci;

-- Dumping data for table topcommerce.payment_gateways: ~49 rows (approximately)
DELETE FROM `payment_gateways`;
INSERT INTO `payment_gateways` (`id`, `key`, `value`, `created_at`, `updated_at`) VALUES
	(1, 'razorpay_status', 'active', '2025-08-07 03:49:14', '2025-08-07 03:49:14'),
	(2, 'razorpay_key', 'razorpay_key', '2025-08-07 03:49:14', '2025-08-07 03:49:14'),
	(3, 'razorpay_secret', 'razorpay_secret', '2025-08-07 03:49:14', '2025-08-07 03:49:14'),
	(4, 'razorpay_name', 'WebSolutionUs', '2025-08-07 03:49:14', '2025-08-07 03:49:14'),
	(5, 'razorpay_description', 'This is test payment window', '2025-08-07 03:49:14', '2025-08-07 03:49:14'),
	(6, 'razorpay_charge', '0', '2025-08-07 03:49:14', '2025-08-07 03:49:14'),
	(7, 'razorpay_theme_color', '#6d0ce4', '2025-08-07 03:49:14', '2025-08-07 03:49:14'),
	(8, 'razorpay_currency_id', '3', '2025-08-07 03:49:14', '2025-08-07 03:49:14'),
	(9, 'razorpay_image', 'website/images/gateways/razorpay.webp', '2025-08-07 03:49:14', '2025-08-07 03:49:14'),
	(10, 'flutterwave_status', 'active', '2025-08-07 03:49:14', '2025-08-07 03:49:14'),
	(11, 'flutterwave_public_key', 'flutterwave_public_key', '2025-08-07 03:49:14', '2025-08-07 03:49:14'),
	(12, 'flutterwave_secret_key', 'flutterwave_secret_key', '2025-08-07 03:49:14', '2025-08-07 03:49:14'),
	(13, 'flutterwave_app_name', 'WebSolutionUs', '2025-08-07 03:49:14', '2025-08-07 03:49:14'),
	(14, 'flutterwave_charge', '0', '2025-08-07 03:49:14', '2025-08-07 03:49:14'),
	(15, 'flutterwave_currency_id', '2', '2025-08-07 03:49:14', '2025-08-07 03:49:14'),
	(16, 'flutterwave_image', 'website/images/gateways/flutterwave.webp', '2025-08-07 03:49:14', '2025-08-07 03:49:14'),
	(17, 'paystack_status', 'active', '2025-08-07 03:49:14', '2025-08-07 03:49:14'),
	(18, 'paystack_public_key', 'paystack_public_key', '2025-08-07 03:49:14', '2025-08-07 03:49:14'),
	(19, 'paystack_secret_key', 'paystack_secret_key', '2025-08-07 03:49:14', '2025-08-07 03:49:14'),
	(20, 'paystack_charge', '0', '2025-08-07 03:49:14', '2025-08-07 03:49:14'),
	(21, 'paystack_image', 'website/images/gateways/paystack.webp', '2025-08-07 03:49:14', '2025-08-07 03:49:14'),
	(22, 'paystack_currency_id', '2', '2025-08-07 03:49:14', '2025-08-07 03:49:14'),
	(23, 'mollie_status', 'active', '2025-08-07 03:49:14', '2025-08-07 03:49:14'),
	(24, 'mollie_key', 'mollie_key', '2025-08-07 03:49:14', '2025-08-07 03:49:14'),
	(25, 'mollie_charge', '0', '2025-08-07 03:49:14', '2025-08-07 03:49:14'),
	(26, 'mollie_image', 'website/images/gateways/mollie.webp', '2025-08-07 03:49:14', '2025-08-07 03:49:14'),
	(27, 'mollie_currency_id', '5', '2025-08-07 03:49:14', '2025-08-07 03:49:14'),
	(28, 'instamojo_status', 'active', '2025-08-07 03:49:14', '2025-08-07 03:49:14'),
	(29, 'instamojo_account_mode', 'Sandbox', '2025-08-07 03:49:14', '2025-08-07 03:49:14'),
	(30, 'instamojo_client_id', 'instamojo_client_id', '2025-08-07 03:49:14', '2025-08-07 03:49:14'),
	(31, 'instamojo_client_secret', 'instamojo_client_secret', '2025-08-07 03:49:14', '2025-08-07 03:49:14'),
	(32, 'instamojo_charge', '0', '2025-08-07 03:49:14', '2025-08-07 03:49:14'),
	(33, 'instamojo_image', 'website/images/gateways/instamojo.webp', '2025-08-07 03:49:14', '2025-08-07 03:49:14'),
	(34, 'instamojo_currency_id', '3', '2025-08-07 03:49:14', '2025-08-07 03:49:14'),
	(35, 'sslcommerz_status', 'active', '2025-08-07 03:49:14', '2025-08-07 03:49:14'),
	(36, 'sslcommerz_store_id', 'test669499013b632', '2025-08-07 03:49:14', '2025-08-07 03:49:14'),
	(37, 'sslcommerz_store_password', 'test669499013b632@ssl', '2025-08-07 03:49:14', '2025-08-07 03:49:14'),
	(38, 'sslcommerz_image', 'website/images/gateways/sslcommerz.webp', '2025-08-07 03:49:14', '2025-08-07 03:49:14'),
	(39, 'sslcommerz_test_mode', '1', '2025-08-07 03:49:14', '2025-08-07 03:49:14'),
	(40, 'sslcommerz_localhost', '1', '2025-08-07 03:49:14', '2025-08-07 03:49:14'),
	(41, 'sslcommerz_charge', '0', '2025-08-07 03:49:14', '2025-08-07 03:49:14'),
	(42, 'sslcommerz_currency_id', '6', '2025-08-07 03:49:14', '2025-08-07 03:49:14'),
	(43, 'crypto_status', 'active', '2025-08-07 03:49:14', '2025-08-07 03:49:14'),
	(44, 'crypto_sandbox', '1', '2025-08-07 03:49:14', '2025-08-07 03:49:14'),
	(45, 'crypto_api_key', 'WzrKM5s3vzWKj4wDGrz6uJzG81Hdf35pe7ov7Wyv', '2025-08-07 03:49:14', '2025-08-07 03:49:14'),
	(46, 'crypto_image', 'website/images/gateways/crypto.webp', '2025-08-07 03:49:14', '2025-08-07 03:49:14'),
	(47, 'crypto_charge', '0', '2025-08-07 03:49:14', '2025-08-07 03:49:14'),
	(48, 'crypto_currency_id', '1', '2025-08-07 03:49:14', '2025-08-07 03:49:14'),
	(49, 'crypto_receive_currency', 'BTC', '2025-08-07 03:49:14', '2025-08-07 03:49:14');

-- Dumping structure for table topcommerce.permissions
DROP TABLE IF EXISTS `permissions`;
CREATE TABLE IF NOT EXISTS `permissions` (
  `id` bigint(20) unsigned NOT NULL AUTO_INCREMENT,
  `name` varchar(255) NOT NULL,
  `guard_name` varchar(255) NOT NULL,
  `group_name` varchar(255) DEFAULT NULL,
  `created_at` timestamp NULL DEFAULT NULL,
  `updated_at` timestamp NULL DEFAULT NULL,
  PRIMARY KEY (`id`),
  UNIQUE KEY `permissions_name_guard_name_unique` (`name`,`guard_name`)
) ENGINE=InnoDB AUTO_INCREMENT=190 DEFAULT CHARSET=utf8mb4 COLLATE=utf8mb4_unicode_ci;

-- Dumping data for table topcommerce.permissions: ~189 rows (approximately)
DELETE FROM `permissions`;
INSERT INTO `permissions` (`id`, `name`, `guard_name`, `group_name`, `created_at`, `updated_at`) VALUES
	(1, 'dashboard.view', 'admin', 'dashboard', '2025-08-07 03:49:14', '2025-08-07 03:49:14'),
	(2, 'admin.profile.view', 'admin', 'admin profile', '2025-08-07 03:49:14', '2025-08-07 03:49:14'),
	(3, 'admin.profile.update', 'admin', 'admin profile', '2025-08-07 03:49:14', '2025-08-07 03:49:14'),
	(4, 'coupon.management', 'admin', 'coupon management', '2025-08-07 03:49:14', '2025-08-07 03:49:14'),
	(5, 'order.management', 'admin', 'order management', '2025-08-07 03:49:14', '2025-08-07 03:49:14'),
	(6, 'order.status.update', 'admin', 'order management', '2025-08-07 03:49:14', '2025-08-07 03:49:14'),
	(7, 'order.payment.update', 'admin', 'order management', '2025-08-07 03:49:14', '2025-08-07 03:49:14'),
	(8, 'order.edit-update', 'admin', 'order management', '2025-08-07 03:49:14', '2025-08-07 03:49:14'),
	(9, 'order.delete', 'admin', 'order management', '2025-08-07 03:49:14', '2025-08-07 03:49:14'),
	(10, 'wallet.management', 'admin', 'wallet management', '2025-08-07 03:49:14', '2025-08-07 03:49:14'),
	(11, 'clubpoint.management', 'admin', 'clubpoint management', '2025-08-07 03:49:14', '2025-08-07 03:49:14'),
	(12, 'payment.withdraw.management', 'admin', 'payment withdraw management', '2025-08-07 03:49:14', '2025-08-07 03:49:14'),
	(13, 'product.view', 'admin', 'product', '2025-08-07 03:49:14', '2025-08-07 03:49:14'),
	(14, 'product.create', 'admin', 'product', '2025-08-07 03:49:14', '2025-08-07 03:49:14'),
	(15, 'product.edit', 'admin', 'product', '2025-08-07 03:49:14', '2025-08-07 03:49:14'),
	(16, 'product.delete', 'admin', 'product', '2025-08-07 03:49:14', '2025-08-07 03:49:14'),
	(17, 'product.status', 'admin', 'product', '2025-08-07 03:49:14', '2025-08-07 03:49:14'),
	(18, 'product.bulk.import', 'admin', 'product', '2025-08-07 03:49:14', '2025-08-07 03:49:14'),
	(19, 'product.barcode.print', 'admin', 'product', '2025-08-07 03:49:14', '2025-08-07 03:49:14'),
	(20, 'product.seller.view', 'admin', 'product', '2025-08-07 03:49:14', '2025-08-07 03:49:14'),
	(21, 'product.attribute.view', 'admin', 'Product attribute', '2025-08-07 03:49:14', '2025-08-07 03:49:14'),
	(22, 'product.attribute.create', 'admin', 'Product attribute', '2025-08-07 03:49:14', '2025-08-07 03:49:14'),
	(23, 'product.attribute.store', 'admin', 'Product attribute', '2025-08-07 03:49:14', '2025-08-07 03:49:14'),
	(24, 'product.attribute.edit', 'admin', 'Product attribute', '2025-08-07 03:49:14', '2025-08-07 03:49:14'),
	(25, 'product.attribute.update', 'admin', 'Product attribute', '2025-08-07 03:49:14', '2025-08-07 03:49:14'),
	(26, 'product.attribute.delete', 'admin', 'Product attribute', '2025-08-07 03:49:14', '2025-08-07 03:49:14'),
	(27, 'product.category.view', 'admin', 'product category', '2025-08-07 03:49:14', '2025-08-07 03:49:14'),
	(28, 'product.category.create', 'admin', 'product category', '2025-08-07 03:49:14', '2025-08-07 03:49:14'),
	(29, 'product.category.edit', 'admin', 'product category', '2025-08-07 03:49:14', '2025-08-07 03:49:14'),
	(30, 'product.category.update', 'admin', 'product category', '2025-08-07 03:49:14', '2025-08-07 03:49:14'),
	(31, 'product.category.delete', 'admin', 'product category', '2025-08-07 03:49:14', '2025-08-07 03:49:14'),
	(32, 'product.brand.view', 'admin', 'product brand', '2025-08-07 03:49:14', '2025-08-07 03:49:14'),
	(33, 'product.brand.create', 'admin', 'product brand', '2025-08-07 03:49:14', '2025-08-07 03:49:14'),
	(34, 'product.brand.edit', 'admin', 'product brand', '2025-08-07 03:49:14', '2025-08-07 03:49:14'),
	(35, 'product.brand.update', 'admin', 'product brand', '2025-08-07 03:49:14', '2025-08-07 03:49:14'),
	(36, 'product.brand.delete', 'admin', 'product brand', '2025-08-07 03:49:14', '2025-08-07 03:49:14'),
	(37, 'product.tags.view', 'admin', 'product tags', '2025-08-07 03:49:14', '2025-08-07 03:49:14'),
	(38, 'product.tags.create', 'admin', 'product tags', '2025-08-07 03:49:14', '2025-08-07 03:49:14'),
	(39, 'product.tags.edit', 'admin', 'product tags', '2025-08-07 03:49:14', '2025-08-07 03:49:14'),
	(40, 'product.tags.update', 'admin', 'product tags', '2025-08-07 03:49:14', '2025-08-07 03:49:14'),
	(41, 'product.tags.delete', 'admin', 'product tags', '2025-08-07 03:49:14', '2025-08-07 03:49:14'),
	(42, 'product.label.view', 'admin', 'product label', '2025-08-07 03:49:14', '2025-08-07 03:49:14'),
	(43, 'product.label.create', 'admin', 'product label', '2025-08-07 03:49:14', '2025-08-07 03:49:14'),
	(44, 'product.label.edit', 'admin', 'product label', '2025-08-07 03:49:14', '2025-08-07 03:49:14'),
	(45, 'product.label.update', 'admin', 'product label', '2025-08-07 03:49:14', '2025-08-07 03:49:14'),
	(46, 'product.label.delete', 'admin', 'product label', '2025-08-07 03:49:14', '2025-08-07 03:49:14'),
	(47, 'product.unit.view', 'admin', 'product unit', '2025-08-07 03:49:14', '2025-08-07 03:49:14'),
	(48, 'product.unit.create', 'admin', 'product unit', '2025-08-07 03:49:14', '2025-08-07 03:49:14'),
	(49, 'product.unit.edit', 'admin', 'product unit', '2025-08-07 03:49:14', '2025-08-07 03:49:14'),
	(50, 'product.unit.update', 'admin', 'product unit', '2025-08-07 03:49:14', '2025-08-07 03:49:14'),
	(51, 'product.unit.delete', 'admin', 'product unit', '2025-08-07 03:49:14', '2025-08-07 03:49:14'),
	(52, 'product.reviews.view', 'admin', 'product reviews', '2025-08-07 03:49:14', '2025-08-07 03:49:14'),
	(53, 'product.reviews.update', 'admin', 'product reviews', '2025-08-07 03:49:14', '2025-08-07 03:49:14'),
	(54, 'product.reviews.delete', 'admin', 'product reviews', '2025-08-07 03:49:14', '2025-08-07 03:49:14'),
	(55, 'admin.view', 'admin', 'admin', '2025-08-07 03:49:14', '2025-08-07 03:49:14'),
	(56, 'admin.create', 'admin', 'admin', '2025-08-07 03:49:14', '2025-08-07 03:49:14'),
	(57, 'admin.store', 'admin', 'admin', '2025-08-07 03:49:14', '2025-08-07 03:49:14'),
	(58, 'admin.edit', 'admin', 'admin', '2025-08-07 03:49:14', '2025-08-07 03:49:14'),
	(59, 'admin.update', 'admin', 'admin', '2025-08-07 03:49:14', '2025-08-07 03:49:14'),
	(60, 'admin.delete', 'admin', 'admin', '2025-08-07 03:49:14', '2025-08-07 03:49:14'),
	(61, 'blog.category.view', 'admin', 'blog category', '2025-08-07 03:49:14', '2025-08-07 03:49:14'),
	(62, 'blog.category.create', 'admin', 'blog category', '2025-08-07 03:49:14', '2025-08-07 03:49:14'),
	(63, 'blog.category.translate', 'admin', 'blog category', '2025-08-07 03:49:14', '2025-08-07 03:49:14'),
	(64, 'blog.category.store', 'admin', 'blog category', '2025-08-07 03:49:14', '2025-08-07 03:49:14'),
	(65, 'blog.category.edit', 'admin', 'blog category', '2025-08-07 03:49:14', '2025-08-07 03:49:14'),
	(66, 'blog.category.update', 'admin', 'blog category', '2025-08-07 03:49:14', '2025-08-07 03:49:14'),
	(67, 'blog.category.delete', 'admin', 'blog category', '2025-08-07 03:49:14', '2025-08-07 03:49:14'),
	(68, 'blog.view', 'admin', 'blog', '2025-08-07 03:49:14', '2025-08-07 03:49:14'),
	(69, 'blog.create', 'admin', 'blog', '2025-08-07 03:49:14', '2025-08-07 03:49:14'),
	(70, 'blog.translate', 'admin', 'blog', '2025-08-07 03:49:14', '2025-08-07 03:49:14'),
	(71, 'blog.store', 'admin', 'blog', '2025-08-07 03:49:14', '2025-08-07 03:49:14'),
	(72, 'blog.edit', 'admin', 'blog', '2025-08-07 03:49:14', '2025-08-07 03:49:14'),
	(73, 'blog.update', 'admin', 'blog', '2025-08-07 03:49:14', '2025-08-07 03:49:14'),
	(74, 'blog.delete', 'admin', 'blog', '2025-08-07 03:49:14', '2025-08-07 03:49:14'),
	(75, 'blog.comment.view', 'admin', 'blog comment', '2025-08-07 03:49:14', '2025-08-07 03:49:14'),
	(76, 'blog.comment.update', 'admin', 'blog comment', '2025-08-07 03:49:14', '2025-08-07 03:49:14'),
	(77, 'blog.comment.replay', 'admin', 'blog comment', '2025-08-07 03:49:14', '2025-08-07 03:49:14'),
	(78, 'blog.comment.delete', 'admin', 'blog comment', '2025-08-07 03:49:14', '2025-08-07 03:49:14'),
	(79, 'role.view', 'admin', 'role', '2025-08-07 03:49:14', '2025-08-07 03:49:14'),
	(80, 'role.create', 'admin', 'role', '2025-08-07 03:49:14', '2025-08-07 03:49:14'),
	(81, 'role.store', 'admin', 'role', '2025-08-07 03:49:14', '2025-08-07 03:49:14'),
	(82, 'role.assign', 'admin', 'role', '2025-08-07 03:49:14', '2025-08-07 03:49:14'),
	(83, 'role.edit', 'admin', 'role', '2025-08-07 03:49:14', '2025-08-07 03:49:14'),
	(84, 'role.update', 'admin', 'role', '2025-08-07 03:49:14', '2025-08-07 03:49:14'),
	(85, 'role.delete', 'admin', 'role', '2025-08-07 03:49:14', '2025-08-07 03:49:14'),
	(86, 'setting.view', 'admin', 'setting', '2025-08-07 03:49:14', '2025-08-07 03:49:14'),
	(87, 'setting.update', 'admin', 'setting', '2025-08-07 03:49:14', '2025-08-07 03:49:14'),
	(88, 'basic.payment.view', 'admin', 'basic payment', '2025-08-07 03:49:14', '2025-08-07 03:49:14'),
	(89, 'basic.payment.update', 'admin', 'basic payment', '2025-08-07 03:49:14', '2025-08-07 03:49:14'),
	(90, 'contact.message.view', 'admin', 'contact message', '2025-08-07 03:49:14', '2025-08-07 03:49:14'),
	(91, 'contact.message.delete', 'admin', 'contact message', '2025-08-07 03:49:14', '2025-08-07 03:49:14'),
	(92, 'currency.view', 'admin', 'currency', '2025-08-07 03:49:14', '2025-08-07 03:49:14'),
	(93, 'currency.create', 'admin', 'currency', '2025-08-07 03:49:14', '2025-08-07 03:49:14'),
	(94, 'currency.store', 'admin', 'currency', '2025-08-07 03:49:14', '2025-08-07 03:49:14'),
	(95, 'currency.edit', 'admin', 'currency', '2025-08-07 03:49:14', '2025-08-07 03:49:14'),
	(96, 'currency.update', 'admin', 'currency', '2025-08-07 03:49:14', '2025-08-07 03:49:14'),
	(97, 'currency.delete', 'admin', 'currency', '2025-08-07 03:49:14', '2025-08-07 03:49:14'),
	(98, 'customer.view', 'admin', 'customer', '2025-08-07 03:49:14', '2025-08-07 03:49:14'),
	(99, 'customer.bulk.mail', 'admin', 'customer', '2025-08-07 03:49:14', '2025-08-07 03:49:14'),
	(100, 'customer.create', 'admin', 'customer', '2025-08-07 03:49:14', '2025-08-07 03:49:14'),
	(101, 'customer.store', 'admin', 'customer', '2025-08-07 03:49:14', '2025-08-07 03:49:14'),
	(102, 'customer.edit', 'admin', 'customer', '2025-08-07 03:49:14', '2025-08-07 03:49:14'),
	(103, 'customer.update', 'admin', 'customer', '2025-08-07 03:49:14', '2025-08-07 03:49:14'),
	(104, 'customer.delete', 'admin', 'customer', '2025-08-07 03:49:14', '2025-08-07 03:49:14'),
	(105, 'language.view', 'admin', 'language', '2025-08-07 03:49:14', '2025-08-07 03:49:14'),
	(106, 'language.create', 'admin', 'language', '2025-08-07 03:49:14', '2025-08-07 03:49:14'),
	(107, 'language.store', 'admin', 'language', '2025-08-07 03:49:15', '2025-08-07 03:49:15'),
	(108, 'language.edit', 'admin', 'language', '2025-08-07 03:49:15', '2025-08-07 03:49:15'),
	(109, 'language.update', 'admin', 'language', '2025-08-07 03:49:15', '2025-08-07 03:49:15'),
	(110, 'language.delete', 'admin', 'language', '2025-08-07 03:49:15', '2025-08-07 03:49:15'),
	(111, 'language.translate', 'admin', 'language', '2025-08-07 03:49:15', '2025-08-07 03:49:15'),
	(112, 'language.single.translate', 'admin', 'language', '2025-08-07 03:49:15', '2025-08-07 03:49:15'),
	(113, 'menu.view', 'admin', 'menu builder', '2025-08-07 03:49:15', '2025-08-07 03:49:15'),
	(114, 'menu.create', 'admin', 'menu builder', '2025-08-07 03:49:15', '2025-08-07 03:49:15'),
	(115, 'menu.update', 'admin', 'menu builder', '2025-08-07 03:49:15', '2025-08-07 03:49:15'),
	(116, 'menu.delete', 'admin', 'menu builder', '2025-08-07 03:49:15', '2025-08-07 03:49:15'),
	(117, 'page.view', 'admin', 'page builder', '2025-08-07 03:49:15', '2025-08-07 03:49:15'),
	(118, 'page.create', 'admin', 'page builder', '2025-08-07 03:49:15', '2025-08-07 03:49:15'),
	(119, 'page.store', 'admin', 'page builder', '2025-08-07 03:49:15', '2025-08-07 03:49:15'),
	(120, 'page.edit', 'admin', 'page builder', '2025-08-07 03:49:15', '2025-08-07 03:49:15'),
	(121, 'page.component.add', 'admin', 'page builder', '2025-08-07 03:49:15', '2025-08-07 03:49:15'),
	(122, 'page.update', 'admin', 'page builder', '2025-08-07 03:49:15', '2025-08-07 03:49:15'),
	(123, 'page.delete', 'admin', 'page builder', '2025-08-07 03:49:15', '2025-08-07 03:49:15'),
	(124, 'subscription.view', 'admin', 'subscription', '2025-08-07 03:49:15', '2025-08-07 03:49:15'),
	(125, 'subscription.create', 'admin', 'subscription', '2025-08-07 03:49:15', '2025-08-07 03:49:15'),
	(126, 'subscription.store', 'admin', 'subscription', '2025-08-07 03:49:15', '2025-08-07 03:49:15'),
	(127, 'subscription.edit', 'admin', 'subscription', '2025-08-07 03:49:15', '2025-08-07 03:49:15'),
	(128, 'subscription.update', 'admin', 'subscription', '2025-08-07 03:49:15', '2025-08-07 03:49:15'),
	(129, 'subscription.delete', 'admin', 'subscription', '2025-08-07 03:49:15', '2025-08-07 03:49:15'),
	(130, 'payment.view', 'admin', 'payment', '2025-08-07 03:49:15', '2025-08-07 03:49:15'),
	(131, 'payment.update', 'admin', 'payment', '2025-08-07 03:49:15', '2025-08-07 03:49:15'),
	(132, 'location.view', 'admin', 'location', '2025-08-07 03:49:15', '2025-08-07 03:49:15'),
	(133, 'country.create', 'admin', 'location', '2025-08-07 03:49:15', '2025-08-07 03:49:15'),
	(134, 'country.list', 'admin', 'location', '2025-08-07 03:49:15', '2025-08-07 03:49:15'),
	(135, 'country.store', 'admin', 'location', '2025-08-07 03:49:15', '2025-08-07 03:49:15'),
	(136, 'country.edit', 'admin', 'location', '2025-08-07 03:49:15', '2025-08-07 03:49:15'),
	(137, 'country.update', 'admin', 'location', '2025-08-07 03:49:15', '2025-08-07 03:49:15'),
	(138, 'country.delete', 'admin', 'location', '2025-08-07 03:49:15', '2025-08-07 03:49:15'),
	(139, 'state.list', 'admin', 'location', '2025-08-07 03:49:15', '2025-08-07 03:49:15'),
	(140, 'state.create', 'admin', 'location', '2025-08-07 03:49:15', '2025-08-07 03:49:15'),
	(141, 'state.store', 'admin', 'location', '2025-08-07 03:49:15', '2025-08-07 03:49:15'),
	(142, 'state.edit', 'admin', 'location', '2025-08-07 03:49:15', '2025-08-07 03:49:15'),
	(143, 'state.update', 'admin', 'location', '2025-08-07 03:49:15', '2025-08-07 03:49:15'),
	(144, 'state.delete', 'admin', 'location', '2025-08-07 03:49:15', '2025-08-07 03:49:15'),
	(145, 'city.list', 'admin', 'location', '2025-08-07 03:49:15', '2025-08-07 03:49:15'),
	(146, 'city.create', 'admin', 'location', '2025-08-07 03:49:15', '2025-08-07 03:49:15'),
	(147, 'city.store', 'admin', 'location', '2025-08-07 03:49:15', '2025-08-07 03:49:15'),
	(148, 'city.edit', 'admin', 'location', '2025-08-07 03:49:15', '2025-08-07 03:49:15'),
	(149, 'city.update', 'admin', 'location', '2025-08-07 03:49:15', '2025-08-07 03:49:15'),
	(150, 'city.delete', 'admin', 'location', '2025-08-07 03:49:15', '2025-08-07 03:49:15'),
	(151, 'social.link.management', 'admin', 'social link management', '2025-08-07 03:49:15', '2025-08-07 03:49:15'),
	(152, 'sitemap.management', 'admin', 'sitemap management', '2025-08-07 03:49:15', '2025-08-07 03:49:15'),
	(153, 'shipping.management', 'admin', 'shipping management', '2025-08-07 03:49:15', '2025-08-07 03:49:15'),
	(154, 'kyc.management', 'admin', 'kyc management', '2025-08-07 03:49:15', '2025-08-07 03:49:15'),
	(155, 'tax.view', 'admin', 'tax management', '2025-08-07 03:49:15', '2025-08-07 03:49:15'),
	(156, 'tax.create', 'admin', 'tax management', '2025-08-07 03:49:15', '2025-08-07 03:49:15'),
	(157, 'tax.translate', 'admin', 'tax management', '2025-08-07 03:49:15', '2025-08-07 03:49:15'),
	(158, 'tax.store', 'admin', 'tax management', '2025-08-07 03:49:15', '2025-08-07 03:49:15'),
	(159, 'tax.edit', 'admin', 'tax management', '2025-08-07 03:49:15', '2025-08-07 03:49:15'),
	(160, 'tax.update', 'admin', 'tax management', '2025-08-07 03:49:15', '2025-08-07 03:49:15'),
	(161, 'tax.delete', 'admin', 'tax management', '2025-08-07 03:49:15', '2025-08-07 03:49:15'),
	(162, 'newsletter.view', 'admin', 'newsletter', '2025-08-07 03:49:15', '2025-08-07 03:49:15'),
	(163, 'newsletter.mail', 'admin', 'newsletter', '2025-08-07 03:49:15', '2025-08-07 03:49:15'),
	(164, 'newsletter.delete', 'admin', 'newsletter', '2025-08-07 03:49:15', '2025-08-07 03:49:15'),
	(165, 'testimonial.view', 'admin', 'testimonial', '2025-08-07 03:49:15', '2025-08-07 03:49:15'),
	(166, 'testimonial.create', 'admin', 'testimonial', '2025-08-07 03:49:15', '2025-08-07 03:49:15'),
	(167, 'testimonial.translate', 'admin', 'testimonial', '2025-08-07 03:49:15', '2025-08-07 03:49:15'),
	(168, 'testimonial.store', 'admin', 'testimonial', '2025-08-07 03:49:15', '2025-08-07 03:49:15'),
	(169, 'testimonial.edit', 'admin', 'testimonial', '2025-08-07 03:49:15', '2025-08-07 03:49:15'),
	(170, 'testimonial.update', 'admin', 'testimonial', '2025-08-07 03:49:15', '2025-08-07 03:49:15'),
	(171, 'testimonial.delete', 'admin', 'testimonial', '2025-08-07 03:49:15', '2025-08-07 03:49:15'),
	(172, 'faq.view', 'admin', 'faq', '2025-08-07 03:49:15', '2025-08-07 03:49:15'),
	(173, 'faq.create', 'admin', 'faq', '2025-08-07 03:49:15', '2025-08-07 03:49:15'),
	(174, 'faq.translate', 'admin', 'faq', '2025-08-07 03:49:15', '2025-08-07 03:49:15'),
	(175, 'faq.store', 'admin', 'faq', '2025-08-07 03:49:15', '2025-08-07 03:49:15'),
	(176, 'faq.edit', 'admin', 'faq', '2025-08-07 03:49:15', '2025-08-07 03:49:15'),
	(177, 'faq.update', 'admin', 'faq', '2025-08-07 03:49:15', '2025-08-07 03:49:15'),
	(178, 'faq.delete', 'admin', 'faq', '2025-08-07 03:49:15', '2025-08-07 03:49:15'),
	(179, 'addon.view', 'admin', 'Addons', '2025-08-07 03:49:15', '2025-08-07 03:49:15'),
	(180, 'addon.install', 'admin', 'Addons', '2025-08-07 03:49:15', '2025-08-07 03:49:15'),
	(181, 'addon.update', 'admin', 'Addons', '2025-08-07 03:49:15', '2025-08-07 03:49:15'),
	(182, 'addon.status.change', 'admin', 'Addons', '2025-08-07 03:49:15', '2025-08-07 03:49:15'),
	(183, 'addon.remove', 'admin', 'Addons', '2025-08-07 03:49:15', '2025-08-07 03:49:15'),
	(184, 'frontend.view', 'admin', 'Frontend', '2025-08-07 03:49:15', '2025-08-07 03:49:15'),
	(185, 'frontend.update', 'admin', 'Frontend', '2025-08-07 03:49:15', '2025-08-07 03:49:15'),
	(186, 'sellers.view', 'admin', 'Sellers', '2025-08-07 03:49:15', '2025-08-07 03:49:15'),
	(187, 'sellers.update', 'admin', 'Sellers', '2025-08-07 03:49:15', '2025-08-07 03:49:15'),
	(188, 'sellers.delete', 'admin', 'Sellers', '2025-08-07 03:49:15', '2025-08-07 03:49:15'),
	(189, 'sellers.status', 'admin', 'Sellers', '2025-08-07 03:49:15', '2025-08-07 03:49:15');

-- Dumping structure for table topcommerce.personal_access_tokens
DROP TABLE IF EXISTS `personal_access_tokens`;
CREATE TABLE IF NOT EXISTS `personal_access_tokens` (
  `id` bigint(20) unsigned NOT NULL AUTO_INCREMENT,
  `tokenable_type` varchar(255) NOT NULL,
  `tokenable_id` bigint(20) unsigned NOT NULL,
  `name` varchar(255) NOT NULL,
  `token` varchar(64) NOT NULL,
  `abilities` text DEFAULT NULL,
  `last_used_at` timestamp NULL DEFAULT NULL,
  `expires_at` timestamp NULL DEFAULT NULL,
  `created_at` timestamp NULL DEFAULT NULL,
  `updated_at` timestamp NULL DEFAULT NULL,
  PRIMARY KEY (`id`),
  UNIQUE KEY `personal_access_tokens_token_unique` (`token`),
  KEY `personal_access_tokens_tokenable_type_tokenable_id_index` (`tokenable_type`,`tokenable_id`)
) ENGINE=InnoDB DEFAULT CHARSET=utf8mb4 COLLATE=utf8mb4_unicode_ci;

-- Dumping data for table topcommerce.personal_access_tokens: ~0 rows (approximately)
DELETE FROM `personal_access_tokens`;

-- Dumping structure for table topcommerce.products
DROP TABLE IF EXISTS `products`;
CREATE TABLE IF NOT EXISTS `products` (
  `id` bigint(20) unsigned NOT NULL AUTO_INCREMENT,
  `slug` varchar(255) NOT NULL,
  `sku` varchar(255) DEFAULT NULL,
  `barcode` varchar(255) DEFAULT NULL,
  `brand_id` bigint(20) unsigned DEFAULT NULL,
  `vendor_id` bigint(20) unsigned DEFAULT NULL,
  `unit_type_id` bigint(20) unsigned DEFAULT NULL,
  `thumbnail_image` varchar(255) DEFAULT NULL,
  `video_link` varchar(255) DEFAULT NULL,
  `is_cash_delivery` tinyint(4) NOT NULL DEFAULT 0,
  `is_return` tinyint(4) NOT NULL DEFAULT 0,
  `return_policy_id` int(11) DEFAULT NULL,
  `is_featured` tinyint(3) unsigned NOT NULL DEFAULT 0,
  `is_popular` tinyint(3) unsigned NOT NULL DEFAULT 0,
  `is_best_selling` tinyint(3) unsigned NOT NULL DEFAULT 0,
  `allow_checkout_when_out_of_stock` tinyint(3) unsigned NOT NULL DEFAULT 0,
  `price` decimal(10,2) unsigned DEFAULT NULL,
  `offer_price` decimal(10,2) unsigned DEFAULT NULL,
  `offer_price_type` enum('fixed','percentage') DEFAULT 'fixed',
  `offer_price_start` date DEFAULT NULL,
  `offer_price_end` date DEFAULT NULL,
  `is_flash_deal` tinyint(1) NOT NULL DEFAULT 0,
  `flash_deal_image` varchar(255) DEFAULT NULL,
  `flash_deal_start` date DEFAULT NULL,
  `flash_deal_end` date DEFAULT NULL,
  `flash_deal_price` decimal(10,2) DEFAULT 0.00,
  `flash_deal_qty` int(11) DEFAULT 0,
  `manage_stock` int(11) NOT NULL DEFAULT 0,
  `stock_status` enum('in_stock','out_of_stock') NOT NULL DEFAULT 'in_stock',
  `status` tinyint(1) NOT NULL DEFAULT 1,
  `is_approved` tinyint(1) NOT NULL DEFAULT 0,
  `tax_id` bigint(20) unsigned DEFAULT NULL,
  `length` double(8,2) DEFAULT NULL,
  `wide` double(8,2) DEFAULT NULL,
  `height` double(8,2) DEFAULT NULL,
  `weight` double(8,2) DEFAULT NULL,
  `viewed` bigint(20) unsigned NOT NULL DEFAULT 0,
  `theme` smallint(5) unsigned NOT NULL DEFAULT 1,
  `created_at` timestamp NULL DEFAULT NULL,
  `updated_at` timestamp NULL DEFAULT NULL,
  `deleted_at` timestamp NULL DEFAULT NULL,
  PRIMARY KEY (`id`),
  UNIQUE KEY `products_slug_unique` (`slug`)
) ENGINE=InnoDB AUTO_INCREMENT=82 DEFAULT CHARSET=utf8mb4 COLLATE=utf8mb4_unicode_ci;

-- Dumping data for table topcommerce.products: ~81 rows (approximately)
DELETE FROM `products`;
INSERT INTO `products` (`id`, `slug`, `sku`, `barcode`, `brand_id`, `vendor_id`, `unit_type_id`, `thumbnail_image`, `video_link`, `is_cash_delivery`, `is_return`, `return_policy_id`, `is_featured`, `is_popular`, `is_best_selling`, `allow_checkout_when_out_of_stock`, `price`, `offer_price`, `offer_price_type`, `offer_price_start`, `offer_price_end`, `is_flash_deal`, `flash_deal_image`, `flash_deal_start`, `flash_deal_end`, `flash_deal_price`, `flash_deal_qty`, `manage_stock`, `stock_status`, `status`, `is_approved`, `tax_id`, `length`, `wide`, `height`, `weight`, `viewed`, `theme`, `created_at`, `updated_at`, `deleted_at`) VALUES
	(1, 'cotton-long-sleeve-shirt', 'SKU-00000001', 'G3ECD1OSEHEI', 23, 7, 1, 'website/images/home_1/product_1.webp', 'https://www.youtube.com/watch?v=TnAysfUJHe', 1, 1, 7, 1, 1, 0, 0, 1746.44, 39.14, 'percentage', '2025-08-07', '2025-08-17', 1, NULL, '2025-08-07', '2026-02-10', 1135.19, 13, 1, 'out_of_stock', 1, 1, NULL, 18.89, 49.33, 63.70, 8.65, 432, 1, '2025-08-07 03:49:21', '2025-08-07 03:49:21', NULL),
	(2, 'men-moccasin-half-loafer-shoe', 'SKU-00000002', 'DA5HWOKWYQDP', 8, 2, 5, 'website/images/home_1/product_2.webp', 'https://www.youtube.com/watch?v=64zsTCXkCf', 1, 1, 1, 1, 1, 1, 1, 963.51, 924.26, 'fixed', '2025-08-07', '2025-08-20', 0, NULL, NULL, NULL, 0.00, 0, 1, 'in_stock', 1, 1, NULL, 70.14, 25.80, 78.22, 8.49, 237, 1, '2025-08-07 03:49:21', '2025-08-07 03:49:21', NULL),
	(3, 'sony-plus-32inch-smart-android-wi-fi-hd-led-tv', 'SKU-00000003', 'HDZCB4OW579G', 13, 2, 3, 'website/images/home_1/product_3.webp', 'https://www.youtube.com/watch?v=cnWpdZRzBm', 0, 0, 5, 1, 1, 1, 1, 1313.03, 1256.65, 'fixed', '2025-08-07', '2025-08-15', 0, NULL, NULL, NULL, 0.00, 0, 1, 'in_stock', 1, 1, NULL, 23.80, 55.26, 28.71, 3.32, 174, 1, '2025-08-07 03:49:21', '2025-08-07 03:49:21', NULL),
	(4, 'saffola-active-oil-rice-bran-oil-5-litre', 'SKU-00000004', '9XLPQ5KYP96M', 3, 1, 2, 'website/images/home_1/product_4.webp', 'https://www.youtube.com/watch?v=piH1OGUocR', 0, 0, 6, 1, 1, 1, 0, 218.95, 183.34, 'fixed', '2025-08-07', '2025-08-14', 1, NULL, '2025-08-07', '2025-12-24', 164.21, 37, 1, 'out_of_stock', 1, 1, NULL, 93.93, 86.60, 29.91, 1.69, 360, 1, '2025-08-07 03:49:21', '2025-08-07 03:49:21', NULL),
	(5, 'visitor-fixed-chair-cft-rvc-03', 'SKU-00000005', 'L7QB0JACZNYH', 16, 4, 5, 'website/images/home_1/product_5.webp', 'https://www.youtube.com/watch?v=Hrq4ospod8', 0, 0, 8, 1, 1, 1, 1, 1824.46, 19.89, 'percentage', '2025-08-07', '2025-08-12', 1, NULL, '2025-08-07', '2026-05-22', 1605.52, 29, 1, 'out_of_stock', 1, 1, NULL, 80.80, 74.92, 31.36, 6.43, 300, 1, '2025-08-07 03:49:21', '2025-08-07 03:49:21', NULL),
	(6, 'vikan-27-inch-smart-android-wi-fi-hd-led-tv', 'SKU-00000006', 'AXU3NUMBXSE5', 23, 4, 1, 'website/images/home_1/product_6.webp', 'https://www.youtube.com/watch?v=ku6InA8W7P', 0, 1, 8, 1, 0, 1, 1, 453.48, 34.38, 'percentage', '2025-08-07', '2025-08-14', 0, NULL, NULL, NULL, 0.00, 0, 1, 'out_of_stock', 1, 1, NULL, 96.31, 40.05, 80.97, 5.61, 258, 1, '2025-08-07 03:49:21', '2025-08-07 03:49:21', NULL),
	(7, 'best-coffee-tea-table-new-colour-19rx24h', 'SKU-00000007', 'MVNB88FGVZF5', 17, 5, 1, 'website/images/home_1/product_7.webp', 'https://www.youtube.com/watch?v=0Vb1LSNxFl', 1, 0, 7, 1, 1, 1, 0, 107.67, 8.14, 'percentage', '2025-08-07', '2025-08-14', 1, NULL, '2025-08-07', '2025-10-16', 60.30, 35, 1, 'out_of_stock', 1, 1, NULL, 37.24, 99.70, 97.00, 7.84, 307, 1, '2025-08-07 03:49:22', '2025-08-07 03:49:22', NULL),
	(8, 'manfare-premium-sports-t-shirt-active-wear-mf', 'SKU-00000008', 'NKWYEKMDVSFT', 19, 8, 3, 'website/images/home_1/product_8.webp', 'https://www.youtube.com/watch?v=7M0gwNyHDr', 0, 1, 4, 1, 1, 1, 1, 106.49, 52.84, 'fixed', '2025-08-07', '2025-08-22', 0, NULL, NULL, NULL, 0.00, 0, 1, 'in_stock', 1, 1, NULL, 73.28, 59.09, 92.06, 3.91, 322, 1, '2025-08-07 03:49:22', '2025-08-07 03:49:22', NULL),
	(9, 'long-battery-life-jbl-tune-720bt-wireless-over-ea', 'SKU-00000009', 'OEALZYMFYE3Y', 17, 6, 2, 'website/images/home_1/product_9.webp', 'https://www.youtube.com/watch?v=jKYQFDcGVO', 1, 0, 4, 0, 0, 1, 0, 897.19, 857.24, 'fixed', '2025-08-07', '2025-08-19', 1, NULL, '2025-08-07', '2026-03-04', 502.43, 11, 1, 'in_stock', 1, 1, NULL, 76.86, 27.92, 57.93, 1.87, 438, 1, '2025-08-07 03:49:22', '2025-08-07 03:49:22', NULL),
	(10, 'viewsonic-32inch-smart-tv', 'SKU-00000010', 'TITQDSKULQIU', 2, 3, 3, 'website/images/home_1/product_10.webp', 'https://www.youtube.com/watch?v=tTI0u2plDk', 0, 0, 2, 1, 1, 1, 1, 1444.10, 1.94, 'percentage', '2025-08-07', '2025-08-21', 1, NULL, '2025-08-07', '2025-11-28', 1068.63, 45, 1, 'out_of_stock', 1, 1, NULL, 14.96, 55.98, 36.06, 3.30, 317, 1, '2025-08-07 03:49:22', '2025-08-07 03:49:22', NULL),
	(11, 'tim-hortons-cookies-biscuit-150gm', 'SKU-00000011', 'EJHGZTGGBYCP', 7, 1, 4, 'website/images/home_1/product_11.webp', 'https://www.youtube.com/watch?v=tRggJxy5ti', 0, 1, 2, 1, 1, 1, 1, 600.12, 9.84, 'percentage', '2025-08-07', '2025-08-14', 0, NULL, NULL, NULL, 0.00, 0, 1, 'out_of_stock', 1, 1, NULL, 75.10, 35.97, 89.41, 6.67, 5, 1, '2025-08-07 03:49:22', '2025-08-07 03:49:22', NULL),
	(12, 'jare-relax-adjustable-reclining-massage-chair', 'SKU-00000012', 'DTWRHJP3IHJZ', 22, 8, 3, 'website/images/home_1/product_12.webp', 'https://www.youtube.com/watch?v=rWDc0O6Q9I', 0, 0, 7, 1, 1, 1, 1, 1870.61, 1853.42, 'fixed', '2025-08-07', '2025-08-16', 0, NULL, NULL, NULL, 0.00, 0, 1, 'in_stock', 1, 1, NULL, 82.36, 17.66, 74.53, 8.36, 101, 1, '2025-08-07 03:49:22', '2025-08-07 03:49:22', NULL),
	(13, 'cotton-classic-slim-fit-shirt', 'SKU-00000013', 'US8NA0OXHOLF', 6, 3, 2, 'website/images/home_1/product_1.webp', 'https://www.youtube.com/watch?v=xIQ8yAKu6M', 1, 1, 3, 1, 1, 1, 0, 1820.26, 22.47, 'percentage', '2025-08-07', '2025-08-14', 0, NULL, NULL, NULL, 0.00, 0, 1, 'out_of_stock', 1, 1, NULL, 45.96, 57.16, 81.90, 9.85, 33, 1, '2025-08-07 03:49:22', '2025-08-07 03:49:22', NULL),
	(14, 'mens-stylish-moccasin-slip-on-shoe', 'SKU-00000014', 'IPIGJ6UBDBMK', 2, 1, 3, 'website/images/home_1/product_2.webp', 'https://www.youtube.com/watch?v=ObtiIb9XJt', 1, 1, 1, 1, 1, 1, 0, 1402.01, 1391.09, 'fixed', '2025-08-07', '2025-08-22', 1, NULL, '2025-08-07', '2026-03-09', 1205.73, 34, 1, 'out_of_stock', 1, 1, NULL, 92.62, 35.00, 15.52, 6.61, 286, 1, '2025-08-07 03:49:22', '2025-08-07 03:49:22', NULL),
	(15, 'sony-bravia-32-smart-android-hd-led-tv', 'SKU-00000015', '7KCX6BTYNPQC', 7, 3, 1, 'website/images/home_1/product_3.webp', 'https://www.youtube.com/watch?v=36my4MeGCI', 0, 1, 3, 1, 1, 1, 1, 734.38, 683.12, 'fixed', '2025-08-07', '2025-08-19', 0, NULL, NULL, NULL, 0.00, 0, 1, 'in_stock', 1, 1, NULL, 82.69, 21.06, 62.67, 8.96, 164, 1, '2025-08-07 03:49:22', '2025-08-07 03:49:22', NULL),
	(16, 'saffola-total-heart-healthy-oil-5l', 'SKU-00000016', 'EFLDTIKCBZUD', 17, 3, 2, 'website/images/home_1/product_4.webp', 'https://www.youtube.com/watch?v=WMxmckGLZy', 1, 1, 5, 1, 1, 1, 1, 1260.52, 43.58, 'percentage', '2025-08-07', '2025-08-19', 0, NULL, NULL, NULL, 0.00, 0, 1, 'in_stock', 1, 1, NULL, 27.73, 26.63, 30.51, 8.60, 172, 1, '2025-08-07 03:49:22', '2025-08-07 03:49:22', NULL),
	(17, 'ergo-mesh-back-visitor-chair-cft-rvc-07', 'SKU-00000017', 'OGUAQSCKFSEO', 17, 8, 5, 'website/images/home_1/product_5.webp', 'https://www.youtube.com/watch?v=xYi4NJtt0K', 0, 0, 3, 1, 1, 1, 0, 1817.17, 45.77, 'percentage', '2025-08-07', '2025-08-13', 1, NULL, '2025-08-07', '2025-10-29', 1544.59, 17, 1, 'in_stock', 1, 1, NULL, 57.96, 54.77, 22.11, 2.20, 119, 1, '2025-08-07 03:49:22', '2025-08-07 03:49:22', NULL),
	(18, 'vikan-pro-27-android-tv-with-voice-remote', 'SKU-00000018', 'KCBBNVWKKFZK', 13, 3, 3, 'website/images/home_1/product_6.webp', 'https://www.youtube.com/watch?v=eum9DI0y5G', 1, 0, 2, 1, 1, 1, 1, 336.43, 16.38, 'percentage', '2025-08-07', '2025-08-15', 0, NULL, NULL, NULL, 0.00, 0, 1, 'in_stock', 1, 1, NULL, 35.71, 69.96, 25.41, 5.97, 96, 1, '2025-08-07 03:49:22', '2025-08-07 03:49:22', NULL),
	(19, 'modern-coffee-table-with-glass-top-20x25h', 'SKU-00000019', 'LSAZKUGJFTZB', 25, 1, 4, 'website/images/home_1/product_7.webp', 'https://www.youtube.com/watch?v=k6AwuRSPbc', 0, 1, 2, 1, 1, 1, 1, 913.91, 17.94, 'percentage', '2025-08-07', '2025-08-17', 1, NULL, '2025-08-07', '2026-01-11', 594.04, 37, 1, 'in_stock', 1, 1, NULL, 56.79, 89.49, 71.69, 8.94, 259, 1, '2025-08-07 03:49:22', '2025-08-07 03:49:22', NULL),
	(20, 'manfare-dri-fit-sports-tee-mf-520-edition', 'SKU-00000020', 'FV62MBFSR9WF', 12, 4, 2, 'website/images/home_1/product_8.webp', 'https://www.youtube.com/watch?v=5Rllhmy0VB', 0, 0, 6, 1, 1, 1, 1, 1724.25, 1712.13, 'fixed', '2025-08-07', '2025-08-18', 0, NULL, NULL, NULL, 0.00, 0, 1, 'out_of_stock', 1, 1, NULL, 62.65, 47.51, 87.86, 5.96, 228, 1, '2025-08-07 03:49:22', '2025-08-07 03:49:22', NULL),
	(21, 'jbl-720bt-over-ear-wireless-headphones', 'SKU-00000021', 'QIXN40ALDE1H', 17, 4, 1, 'website/images/home_1/product_9.webp', 'https://www.youtube.com/watch?v=83N1SBbZqy', 1, 1, 8, 1, 1, 1, 1, 349.95, 290.52, 'fixed', '2025-08-07', '2025-08-21', 0, NULL, NULL, NULL, 0.00, 0, 1, 'out_of_stock', 1, 1, NULL, 7.17, 88.61, 27.46, 1.34, 11, 1, '2025-08-07 03:49:22', '2025-08-07 03:49:22', NULL),
	(22, 'little-kid-winter-jacket', 'SKU-00000022', 'FZ3HKWRZHXGU', 12, 3, 1, 'website/images/home_2/product_16.webp', 'https://www.youtube.com/watch?v=OYmwvGvTRz', 0, 0, 6, 1, 1, 1, 0, 1524.63, 36.30, 'percentage', '2025-08-07', '2025-08-15', 0, NULL, NULL, NULL, 0.00, 0, 1, 'out_of_stock', 1, 1, NULL, 52.55, 35.90, 78.27, 9.52, 254, 2, '2025-08-07 03:49:22', '2025-08-07 03:49:22', NULL),
	(23, 'boy-winter-jacket', 'SKU-00000023', 'OOJ80YYI6NO1', 1, 6, 4, 'website/images/home_2/product_1.webp', 'https://www.youtube.com/watch?v=N0ADTuejEE', 0, 1, 5, 1, 1, 1, 0, 1660.88, 9.76, 'percentage', '2025-08-07', '2025-08-20', 1, NULL, '2025-08-07', '2026-04-27', 1079.57, 39, 1, 'in_stock', 1, 1, NULL, 59.28, 22.28, 80.76, 2.14, 246, 2, '2025-08-07 03:49:22', '2025-08-07 03:49:22', NULL),
	(24, 'men-slim-fit-cotton-pants', 'SKU-00000024', 'LLONHTDXHUJW', 9, 7, 4, 'website/images/home_2/product_2.webp', 'https://www.youtube.com/watch?v=PuI71dCtwL', 1, 0, 2, 1, 1, 1, 0, 1625.72, 1574.77, 'fixed', '2025-08-07', '2025-08-15', 0, NULL, NULL, NULL, 0.00, 0, 1, 'in_stock', 1, 1, NULL, 79.39, 51.92, 99.55, 4.41, 351, 2, '2025-08-07 03:49:23', '2025-08-07 03:49:23', NULL),
	(25, 'women-floral-print-summer-dress', 'SKU-00000025', 'KRFSUYMUZGZ5', 22, 3, 5, 'website/images/home_2/product_3.webp', 'https://www.youtube.com/watch?v=gDS5IfZjIq', 0, 0, 8, 1, 1, 1, 1, 1461.42, 24.41, 'percentage', '2025-08-07', '2025-08-21', 1, NULL, '2025-08-07', '2025-11-12', 906.08, 25, 1, 'in_stock', 1, 1, NULL, 49.89, 45.39, 31.93, 2.89, 26, 2, '2025-08-07 03:49:23', '2025-08-07 03:49:23', NULL),
	(26, 'girl-cute-hoodie-with-ears', 'SKU-00000026', 'DCUOBHALJOQ1', 23, 8, 5, 'website/images/home_2/product_4.webp', 'https://www.youtube.com/watch?v=PSVEc5tCbu', 0, 0, 4, 1, 1, 1, 0, 588.60, 26.70, 'percentage', '2025-08-07', '2025-08-16', 0, NULL, NULL, NULL, 0.00, 0, 0, 'in_stock', 1, 1, NULL, 64.98, 31.34, 36.99, 7.06, 295, 2, '2025-08-07 03:49:23', '2025-08-07 03:49:23', NULL),
	(27, 'men-formal-shirt-navy-blue', 'SKU-00000027', 'MHY2IUNACFFX', 21, 7, 3, 'website/images/home_2/product_5.webp', 'https://www.youtube.com/watch?v=vA97Heu5ID', 0, 0, 8, 1, 1, 1, 1, 155.27, 22.87, 'percentage', '2025-08-07', '2025-08-22', 0, NULL, NULL, NULL, 0.00, 0, 1, 'out_of_stock', 1, 1, NULL, 13.83, 50.51, 13.81, 5.94, 198, 2, '2025-08-07 03:49:23', '2025-08-07 03:49:23', NULL),
	(28, 'women-high-waist-palazzo-pants', 'SKU-00000028', 'UBOKTON8Y5C0', 12, 5, 4, 'website/images/home_2/product_6.webp', 'https://www.youtube.com/watch?v=VDQnLye4c6', 1, 1, 6, 1, 1, 1, 1, 472.96, 49.78, 'percentage', '2025-08-07', '2025-08-18', 0, NULL, NULL, NULL, 0.00, 0, 1, 'out_of_stock', 1, 1, NULL, 81.22, 23.86, 28.91, 5.05, 230, 2, '2025-08-07 03:49:23', '2025-08-07 03:49:23', NULL),
	(29, 'boy-graphic-printed-t-shirt', 'SKU-00000029', 'KTTXWBUI07UV', 15, 2, 3, 'website/images/home_2/product_7.webp', 'https://www.youtube.com/watch?v=TQOrFFYGgW', 1, 1, 5, 1, 1, 1, 1, 1424.82, 28.66, 'percentage', '2025-08-07', '2025-08-15', 0, NULL, NULL, NULL, 0.00, 0, 1, 'in_stock', 1, 1, NULL, 49.42, 37.27, 53.47, 7.14, 297, 2, '2025-08-07 03:49:23', '2025-08-07 03:49:23', NULL),
	(30, 'girl-princess-party-frock', 'SKU-00000030', 'NKCOPHORPZPL', 6, 5, 3, 'website/images/home_2/product_8.webp', 'https://www.youtube.com/watch?v=BKt1H10wBr', 1, 0, 6, 1, 1, 1, 1, 1051.25, 7.08, 'percentage', '2025-08-07', '2025-08-17', 0, NULL, NULL, NULL, 0.00, 0, 1, 'out_of_stock', 1, 1, NULL, 69.30, 61.21, 59.58, 8.52, 61, 2, '2025-08-07 03:49:23', '2025-08-07 03:49:23', NULL),
	(31, 'men-zipper-hoodie-grey', 'SKU-00000031', 'YJGTVWVL3OOD', 8, 7, 1, 'website/images/home_2/product_9.webp', 'https://www.youtube.com/watch?v=KCC3KznQ0z', 0, 0, 1, 1, 1, 1, 0, 119.33, 3.33, 'percentage', '2025-08-07', '2025-08-19', 1, NULL, '2025-08-07', '2026-05-09', 72.79, 50, 1, 'out_of_stock', 1, 1, NULL, 55.45, 80.25, 70.38, 8.91, 379, 2, '2025-08-07 03:49:23', '2025-08-07 03:49:23', NULL),
	(32, 'women-ethnic-kurti-with-embroidery', 'SKU-00000032', 'CRUPPTYUTBQB', 24, 2, 4, 'website/images/home_2/product_10.webp', 'https://www.youtube.com/watch?v=HPFKf9uFl4', 1, 1, 7, 1, 1, 1, 1, 854.75, 1.48, 'percentage', '2025-08-07', '2025-08-21', 0, NULL, NULL, NULL, 0.00, 0, 1, 'out_of_stock', 1, 1, NULL, 96.97, 37.14, 9.37, 9.87, 63, 2, '2025-08-07 03:49:23', '2025-08-07 03:49:23', NULL),
	(33, 'boy-stretchable-denim-jeans', 'SKU-00000033', '8TIAGKHADAGJ', 7, 2, 1, 'website/images/home_2/product_11.webp', 'https://www.youtube.com/watch?v=YVVFwRhhfM', 1, 1, 7, 1, 1, 1, 1, 1870.20, 49.87, 'percentage', '2025-08-07', '2025-08-20', 0, NULL, NULL, NULL, 0.00, 0, 1, 'out_of_stock', 1, 1, NULL, 51.87, 6.63, 88.17, 1.23, 174, 2, '2025-08-07 03:49:23', '2025-08-07 03:49:23', NULL),
	(34, 'girl-floral-printed-leggings', 'SKU-00000034', '9W630UU2CLQJ', 5, 2, 2, 'website/images/home_2/product_12.webp', 'https://www.youtube.com/watch?v=oI2KsOWkus', 0, 0, 1, 1, 1, 0, 1, 1190.94, 14.39, 'percentage', '2025-08-07', '2025-08-14', 1, NULL, '2025-08-07', '2026-05-19', 1000.39, 22, 1, 'in_stock', 1, 1, NULL, 68.88, 74.02, 11.13, 1.05, 110, 2, '2025-08-07 03:49:23', '2025-08-07 03:49:23', NULL),
	(35, 'men-casual-checked-shirt', 'SKU-00000035', 'AHPINEN5Y1TC', 6, 2, 3, 'website/images/home_2/product_13.webp', 'https://www.youtube.com/watch?v=AybJf6c67O', 1, 1, 8, 0, 1, 1, 0, 1036.14, 978.83, 'fixed', '2025-08-07', '2025-08-14', 0, NULL, NULL, NULL, 0.00, 0, 1, 'in_stock', 1, 1, NULL, 5.25, 34.44, 44.78, 5.01, 426, 2, '2025-08-07 03:49:23', '2025-08-07 03:49:23', NULL),
	(36, 'women-chiffon-long-sleeve-top', 'SKU-00000036', '5PI5Q5QD9G4Q', 6, 8, 2, 'website/images/home_2/product_14.webp', 'https://www.youtube.com/watch?v=GFgKBAXprk', 1, 0, 6, 0, 1, 1, 1, 389.71, 386.87, 'fixed', '2025-08-07', '2025-08-15', 1, NULL, '2025-08-07', '2025-08-29', 296.18, 3, 1, 'in_stock', 1, 1, NULL, 50.21, 34.41, 78.42, 2.69, 442, 2, '2025-08-07 03:49:23', '2025-08-07 03:49:23', NULL),
	(37, 'boy-sweatshirt-with-cartoon-print', 'SKU-00000037', 'VKND56HFDLMA', 13, 2, 3, 'website/images/home_2/product_15.webp', 'https://www.youtube.com/watch?v=GduKjymQoZ', 0, 0, 5, 1, 1, 1, 0, 1858.31, 37.66, 'percentage', '2025-08-07', '2025-08-21', 1, NULL, '2025-08-07', '2025-11-05', 1672.48, 42, 1, 'out_of_stock', 1, 1, NULL, 22.76, 96.10, 12.91, 2.57, 32, 2, '2025-08-07 03:49:23', '2025-08-07 03:49:23', NULL),
	(38, 'girl-denim-overall-jumpsuit', 'SKU-00000038', '9SZHURFQ7X2M', 9, 4, 3, 'website/images/home_2/product_16.webp', 'https://www.youtube.com/watch?v=4pkYmQozXe', 1, 1, 6, 1, 1, 0, 0, 1449.07, 44.08, 'percentage', '2025-08-07', '2025-08-18', 0, NULL, NULL, NULL, 0.00, 0, 1, 'in_stock', 1, 1, NULL, 57.46, 17.49, 77.53, 9.84, 332, 2, '2025-08-07 03:49:23', '2025-08-07 03:49:23', NULL),
	(39, 'men-sports-jogger-pants', 'SKU-00000039', 'PJHRGHM3UQ9X', 6, 2, 4, 'website/images/home_2/product_17.webp', 'https://www.youtube.com/watch?v=Aad4DGGIqi', 0, 0, 8, 1, 1, 1, 0, 1517.32, 1499.04, 'fixed', '2025-08-07', '2025-08-21', 1, NULL, '2025-08-07', '2026-03-18', 1077.30, 45, 1, 'out_of_stock', 1, 1, NULL, 19.24, 68.81, 62.53, 9.79, 392, 2, '2025-08-07 03:49:23', '2025-08-07 03:49:23', NULL),
	(40, 'women-knitted-winter-sweater', 'SKU-00000040', 'S8NXW4BGSR1K', 21, 7, 2, 'website/images/home_2/product_18.webp', 'https://www.youtube.com/watch?v=mNZDGaomuV', 1, 0, 3, 1, 1, 1, 0, 350.00, 15.37, 'percentage', '2025-08-07', '2025-08-21', 0, NULL, NULL, NULL, 0.00, 0, 1, 'out_of_stock', 1, 1, NULL, 20.78, 36.82, 34.94, 2.48, 293, 2, '2025-08-07 03:49:24', '2025-08-07 03:49:24', NULL),
	(41, 'girl-puff-sleeve-cotton-top', 'SKU-00000041', 'TWVPERJHONUA', 8, 1, 1, 'website/images/home_2/product_10.webp', 'https://www.youtube.com/watch?v=CoHFqf5qjo', 0, 1, 1, 1, 1, 1, 0, 686.28, 668.44, 'fixed', '2025-08-07', '2025-08-16', 0, NULL, NULL, NULL, 0.00, 0, 1, 'out_of_stock', 1, 1, NULL, 32.76, 68.44, 32.51, 7.76, 15, 2, '2025-08-07 03:49:24', '2025-08-07 03:49:24', NULL),
	(42, 'fresh-red-apples-1kg', 'SKU-00000042', '8DRREGHLTCUS', 16, 8, 4, 'website/images/home_3/product_1.webp', 'https://www.youtube.com/watch?v=2oEHP7mcR8', 1, 0, 3, 1, 1, 1, 1, 1985.82, 1955.00, 'fixed', '2025-08-07', '2025-08-18', 0, NULL, NULL, NULL, 0.00, 0, 1, 'in_stock', 1, 1, NULL, 36.91, 95.10, 19.30, 2.02, 226, 3, '2025-08-07 03:49:24', '2025-08-07 03:49:24', NULL),
	(43, 'green-kacha-kola-raw-banana-1-dozen', 'SKU-00000043', 'KXSWW77OTRRX', 10, 8, 1, 'website/images/home_3/product_2.webp', 'https://www.youtube.com/watch?v=QbvVqks7LS', 0, 0, 4, 1, 0, 1, 1, 1704.36, 1680.09, 'fixed', '2025-08-07', '2025-08-15', 1, NULL, '2025-08-07', '2025-12-19', 1227.14, 28, 1, 'out_of_stock', 1, 1, NULL, 46.26, 71.28, 86.22, 9.13, 53, 3, '2025-08-07 03:49:24', '2025-08-07 03:49:24', NULL),
	(44, 'deshi-chicken-whole-skin-off-1kg', 'SKU-00000044', 'L9KPJ8QKTYCQ', 24, 2, 2, 'website/images/home_3/product_3.webp', 'https://www.youtube.com/watch?v=1XMMQyKetx', 1, 0, 8, 1, 1, 1, 1, 1951.59, 1934.23, 'fixed', '2025-08-07', '2025-08-17', 0, NULL, NULL, NULL, 0.00, 0, 1, 'in_stock', 1, 1, NULL, 7.14, 40.55, 68.64, 6.77, 425, 3, '2025-08-07 03:49:24', '2025-08-07 03:49:24', NULL),
	(45, 'teer-soyabean-oil-5-litres', 'SKU-00000045', 'MJVZ5QBWY0YA', 5, 1, 1, 'website/images/home_3/product_4.webp', 'https://www.youtube.com/watch?v=hHYhQfei5U', 1, 1, 1, 1, 1, 0, 0, 1546.79, 7.64, 'percentage', '2025-08-07', '2025-08-14', 0, NULL, NULL, NULL, 0.00, 0, 1, 'in_stock', 1, 1, NULL, 55.35, 35.60, 93.45, 6.16, 159, 3, '2025-08-07 03:49:24', '2025-08-07 03:49:24', NULL),
	(46, 'ispahani-mirzapore-best-leaf-tea-400g', 'SKU-00000046', 'ULSF6FIHEDNN', 7, 4, 2, 'website/images/home_3/product_5.webp', 'https://www.youtube.com/watch?v=USLHbVomZk', 1, 1, 7, 0, 1, 1, 1, 952.88, 899.05, 'fixed', '2025-08-07', '2025-08-21', 0, NULL, NULL, NULL, 0.00, 0, 1, 'in_stock', 1, 1, NULL, 97.83, 86.74, 69.45, 8.03, 202, 3, '2025-08-07 03:49:24', '2025-08-07 03:49:24', NULL),
	(47, 'fresh-carrots-organic-500g', 'SKU-00000047', 'BKNXZB1ERVHF', 24, 1, 3, 'website/images/home_3/product_6.webp', 'https://www.youtube.com/watch?v=wiaBdTTyrK', 0, 0, 4, 1, 1, 0, 0, 823.31, 36.33, 'percentage', '2025-08-07', '2025-08-21', 1, NULL, '2025-08-07', '2025-11-30', 551.62, 35, 1, 'in_stock', 1, 1, NULL, 26.59, 91.52, 50.49, 8.97, 257, 3, '2025-08-07 03:49:24', '2025-08-07 03:49:24', NULL),
	(48, 'golden-harvest-atta-2kg-pack', 'SKU-00000048', 'FRJWIELQQCXY', 1, 1, 4, 'website/images/home_3/product_7.webp', 'https://www.youtube.com/watch?v=SyQBJP6wUe', 1, 1, 4, 1, 1, 1, 1, 1577.16, 1516.81, 'fixed', '2025-08-07', '2025-08-12', 1, NULL, '2025-08-07', '2025-09-07', 1277.50, 31, 1, 'out_of_stock', 1, 1, NULL, 89.42, 42.61, 27.37, 2.67, 384, 3, '2025-08-07 03:49:24', '2025-08-07 03:49:24', NULL),
	(49, 'beef-bone-in-premium-cut-1kg', 'SKU-00000049', 'YMJWSYBZT25C', 14, 7, 3, 'website/images/home_3/product_8.webp', 'https://www.youtube.com/watch?v=LC5m89pldj', 1, 1, 2, 1, 1, 1, 1, 1670.72, 1629.99, 'fixed', '2025-08-07', '2025-08-18', 0, NULL, NULL, NULL, 0.00, 0, 1, 'out_of_stock', 1, 1, NULL, 60.43, 15.89, 41.08, 3.18, 421, 3, '2025-08-07 03:49:24', '2025-08-07 03:49:24', NULL),
	(50, 'green-chillies-local-fresh-250g', 'SKU-00000050', 'I3OQZMBBAVSX', 14, 1, 3, 'website/images/home_3/product_9.webp', 'https://www.youtube.com/watch?v=BKIJFeMsZd', 1, 1, 1, 1, 1, 0, 1, 617.82, 573.00, 'fixed', '2025-08-07', '2025-08-22', 1, NULL, '2025-08-07', '2026-05-20', 352.16, 33, 1, 'in_stock', 1, 1, NULL, 39.38, 41.29, 59.05, 5.20, 31, 3, '2025-08-07 03:49:24', '2025-08-07 03:49:24', NULL),
	(51, 'olitalia-extra-virgin-olive-oil-1l', 'SKU-00000051', 'SQCCN95BRP5Q', 11, 1, 1, 'website/images/home_3/product_10.webp', 'https://www.youtube.com/watch?v=2mYo7oD3L7', 1, 1, 3, 1, 1, 1, 0, 744.56, 739.28, 'fixed', '2025-08-07', '2025-08-18', 0, NULL, NULL, NULL, 0.00, 0, 1, 'in_stock', 1, 1, NULL, 67.68, 82.09, 16.59, 7.79, 250, 3, '2025-08-07 03:49:24', '2025-08-07 03:49:24', NULL),
	(52, 'ponni-rice-short-grain-5kg', 'SKU-00000052', 'TFPMXWESBQ0S', 2, 1, 1, 'website/images/home_3/product_11.webp', 'https://www.youtube.com/watch?v=WdwgdxeLR6', 1, 0, 1, 1, 0, 1, 1, 955.33, 28.75, 'percentage', '2025-08-07', '2025-08-16', 1, NULL, '2025-08-07', '2025-12-07', 554.09, 24, 1, 'out_of_stock', 1, 1, NULL, 47.47, 13.22, 42.29, 2.87, 323, 3, '2025-08-07 03:49:24', '2025-08-07 03:49:24', NULL),
	(53, 'fresh-tomatoes-deshi-1kg', 'SKU-00000053', 'G9VWNM2CDRP0', 6, 2, 3, 'website/images/home_3/product_12.webp', 'https://www.youtube.com/watch?v=qYriv2EhwJ', 1, 0, 8, 1, 1, 1, 1, 288.64, 235.66, 'fixed', '2025-08-07', '2025-08-17', 0, NULL, NULL, NULL, 0.00, 0, 1, 'in_stock', 1, 1, NULL, 98.22, 13.40, 6.32, 1.47, 435, 3, '2025-08-07 03:49:24', '2025-08-07 03:49:24', NULL),
	(54, 'premium-black-tea-leaves-200g-tin', 'SKU-00000054', 'XMCWADASFFHI', 14, 3, 3, 'website/images/home_3/product_13.webp', 'https://www.youtube.com/watch?v=A3cQWRYdrh', 0, 1, 4, 1, 1, 1, 0, 461.67, 45.87, 'percentage', '2025-08-07', '2025-08-20', 0, NULL, NULL, NULL, 0.00, 0, 1, 'in_stock', 1, 1, NULL, 66.32, 50.16, 95.54, 4.33, 186, 3, '2025-08-07 03:49:24', '2025-08-07 03:49:24', NULL),
	(55, 'aar-fish-steak-cut-500g', 'SKU-00000055', 'QIBOPY6RVLGX', 23, 5, 1, 'website/images/home_3/product_14.webp', 'https://www.youtube.com/watch?v=af32z0jTPW', 0, 0, 4, 1, 1, 1, 0, 149.22, 16.86, 'percentage', '2025-08-07', '2025-08-16', 0, NULL, NULL, NULL, 0.00, 0, 1, 'in_stock', 1, 1, NULL, 53.09, 66.70, 62.58, 6.26, 296, 3, '2025-08-07 03:49:24', '2025-08-07 03:49:24', NULL),
	(56, 'fresh-spinach-bundle-250g', 'SKU-00000056', 'XKJML2EAN7OZ', 25, 1, 4, 'website/images/home_3/product_15.webp', 'https://www.youtube.com/watch?v=VTlJxi3VAd', 0, 1, 1, 1, 1, 1, 0, 344.40, 46.28, 'percentage', '2025-08-07', '2025-08-16', 0, NULL, NULL, NULL, 0.00, 0, 1, 'in_stock', 1, 1, NULL, 18.41, 46.34, 33.91, 6.39, 65, 3, '2025-08-07 03:49:24', '2025-08-07 03:49:24', NULL),
	(57, 'sunflower-cooking-oil-2l-bottle', 'SKU-00000057', '0GVPT4AIAV6Z', 15, 8, 1, 'website/images/home_3/product_16.webp', 'https://www.youtube.com/watch?v=k7rbGWzJRm', 1, 1, 8, 1, 1, 1, 1, 461.28, 12.84, 'percentage', '2025-08-07', '2025-08-19', 0, NULL, NULL, NULL, 0.00, 0, 1, 'out_of_stock', 1, 1, NULL, 99.25, 86.27, 81.02, 7.16, 410, 3, '2025-08-07 03:49:24', '2025-08-07 03:49:24', NULL),
	(58, 'raw-jackfruit-echor-1-piece', 'SKU-00000058', 'A5NUHMDUZXPL', 20, 5, 2, 'website/images/home_3/product_17.webp', 'https://www.youtube.com/watch?v=6xDMsRIXgJ', 0, 1, 1, 1, 1, 1, 1, 889.18, 885.42, 'fixed', '2025-08-07', '2025-08-22', 1, 'website/images/latest_deals_3_img_1.webp', '2025-08-07', '2026-01-14', 613.53, 14, 0, 'out_of_stock', 1, 1, NULL, 79.98, 74.55, 25.92, 6.49, 251, 3, '2025-08-07 03:49:25', '2025-08-07 03:49:26', NULL),
	(59, 'loose-lemons-5-pieces', 'SKU-00000059', 'BLU5CUF3MZDE', 6, 5, 2, 'website/images/home_3/product_18.webp', 'https://www.youtube.com/watch?v=GHOZj7ZZa9', 0, 0, 2, 1, 1, 1, 1, 1376.32, 1370.08, 'fixed', '2025-08-07', '2025-08-17', 1, 'website/images/latest_deals_3_img_1.webp', '2025-08-07', '2025-11-18', 853.32, 49, 1, 'in_stock', 1, 1, NULL, 94.83, 69.39, 75.08, 9.82, 28, 3, '2025-08-07 03:49:25', '2025-08-07 03:49:26', NULL),
	(60, 'mutton-bone-in-premium-cut-1kg', 'SKU-00000060', '4TC4WNZ5MNUS', 23, 6, 4, 'website/images/home_3/product_8.webp', 'https://www.youtube.com/watch?v=hJUtqZg7Iu', 0, 0, 8, 1, 1, 1, 1, 1199.36, 1199.35, 'fixed', '2025-08-07', '2025-08-17', 1, NULL, '2025-08-07', '2026-02-17', 635.66, 14, 1, 'out_of_stock', 1, 1, NULL, 86.80, 82.76, 56.29, 4.28, 44, 3, '2025-08-07 03:49:25', '2025-08-07 03:49:25', NULL),
	(61, 'red-chillies-local-fresh-250g', 'SKU-00000061', 'RUPFENUCLY8Y', 16, 3, 2, 'website/images/home_3/product_9.webp', 'https://www.youtube.com/watch?v=fmmHrNknae', 0, 0, 7, 1, 1, 1, 0, 1092.70, 1087.74, 'fixed', '2025-08-07', '2025-08-16', 1, NULL, '2025-08-07', '2025-09-08', 786.74, 24, 1, 'in_stock', 1, 1, NULL, 10.57, 33.13, 84.96, 4.58, 187, 3, '2025-08-07 03:49:25', '2025-08-07 03:49:25', NULL),
	(62, 'miako-extra-virgin-olive-oil-1l', 'SKU-00000062', 'PWB2TXL6GL2D', 24, 8, 5, 'website/images/home_3/product_10.webp', 'https://www.youtube.com/watch?v=DawwEnn7Iy', 0, 0, 4, 1, 1, 0, 0, 1110.52, 1074.08, 'fixed', '2025-08-07', '2025-08-22', 1, NULL, '2025-08-07', '2026-04-02', 766.26, 40, 1, 'in_stock', 1, 1, NULL, 52.45, 5.37, 38.91, 2.91, 426, 3, '2025-08-07 03:49:25', '2025-08-07 03:49:25', NULL),
	(63, 'rolling-chair-with-adjustable-height', 'SKU-00000063', 'YOYTIA09GL8L', 24, 1, 3, 'website/images/home_4/product_1.webp', 'https://www.youtube.com/watch?v=bDnFRcMAJy', 0, 0, 4, 1, 1, 1, 1, 1582.72, 1523.50, 'fixed', '2025-08-07', '2025-08-21', 0, NULL, NULL, NULL, 0.00, 0, 1, 'out_of_stock', 1, 1, NULL, 60.55, 47.14, 30.13, 3.32, 260, 4, '2025-08-07 03:49:25', '2025-08-07 03:49:25', NULL),
	(64, 'modern-glass-coffee-table-black-frame', 'SKU-00000064', 'JAL8WIREH6WD', 22, 3, 5, 'website/images/home_4/product_2.webp', 'https://www.youtube.com/watch?v=y4K75z4y7r', 0, 1, 7, 1, 1, 1, 1, 546.79, 542.91, 'fixed', '2025-08-07', '2025-08-16', 0, NULL, NULL, NULL, 0.00, 0, 1, 'out_of_stock', 1, 1, NULL, 22.61, 99.86, 19.51, 6.85, 165, 4, '2025-08-07 03:49:25', '2025-08-07 03:49:25', NULL),
	(65, 'ergonomic-mesh-office-chair-with-armrests', 'SKU-00000065', 'GYQKDFINHI8H', 20, 6, 3, 'website/images/home_4/product_3.webp', 'https://www.youtube.com/watch?v=kZGKenZSVZ', 1, 1, 4, 1, 1, 1, 0, 370.44, 305.16, 'fixed', '2025-08-07', '2025-08-18', 0, NULL, NULL, NULL, 0.00, 0, 1, 'out_of_stock', 1, 1, NULL, 11.38, 40.89, 56.53, 9.93, 223, 4, '2025-08-07 03:49:25', '2025-08-07 03:49:25', NULL),
	(66, 'wooden-study-table-with-drawers', 'SKU-00000066', 'THS1PIXTZNAA', 6, 5, 3, 'website/images/home_4/product_4.webp', 'https://www.youtube.com/watch?v=hX3hjva2WT', 1, 1, 6, 1, 1, 1, 0, 982.99, 37.53, 'percentage', '2025-08-07', '2025-08-22', 1, NULL, '2025-08-07', '2025-10-22', 589.79, 43, 1, 'out_of_stock', 1, 1, NULL, 72.93, 29.10, 43.56, 0.90, 54, 4, '2025-08-07 03:49:25', '2025-08-07 03:49:25', NULL),
	(67, 'premium-leather-executive-chair', 'SKU-00000067', 'JBQLSE9HLLV9', 20, 7, 3, 'website/images/home_4/product_5.webp', 'https://www.youtube.com/watch?v=5kXvJpZn9z', 1, 0, 3, 1, 1, 1, 0, 741.65, 722.20, 'fixed', '2025-08-07', '2025-08-20', 1, NULL, '2025-08-07', '2026-05-23', 548.82, 12, 1, 'in_stock', 1, 1, NULL, 40.12, 27.18, 68.75, 9.28, 433, 4, '2025-08-07 03:49:25', '2025-08-07 03:49:25', NULL),
	(68, 'round-side-table-natural-wood-finish', 'SKU-00000068', 'G9HJAK52GEMH', 13, 1, 2, 'website/images/home_4/product_6.webp', 'https://www.youtube.com/watch?v=GWRbVZeaEL', 0, 1, 1, 0, 1, 1, 0, 163.49, 120.71, 'fixed', '2025-08-07', '2025-08-21', 1, NULL, '2025-08-07', '2025-11-03', 134.06, 19, 1, 'in_stock', 1, 1, NULL, 37.84, 35.27, 7.06, 1.90, 360, 4, '2025-08-07 03:49:25', '2025-08-07 03:49:25', NULL),
	(69, 'high-back-reclining-office-chair', 'SKU-00000069', '0ENYB7MNOGPA', 25, 6, 3, 'website/images/home_4/product_7.webp', 'https://www.youtube.com/watch?v=PcSaDndCNa', 0, 1, 4, 1, 1, 1, 1, 231.15, 34.46, 'percentage', '2025-08-07', '2025-08-12', 0, NULL, NULL, NULL, 0.00, 0, 1, 'out_of_stock', 1, 1, NULL, 97.34, 6.17, 19.86, 9.04, 300, 4, '2025-08-07 03:49:25', '2025-08-07 03:49:25', NULL),
	(70, 'minimalist-laptop-table-with-folding-legs', 'SKU-00000070', 'T3PG1P2N77OW', 18, 6, 3, 'website/images/home_4/product_8.webp', 'https://www.youtube.com/watch?v=cRAxXjbUOO', 1, 1, 8, 1, 0, 1, 1, 652.13, 587.20, 'fixed', '2025-08-07', '2025-08-12', 1, NULL, '2025-08-07', '2026-02-11', 482.58, 32, 1, 'out_of_stock', 1, 1, NULL, 52.67, 82.38, 98.70, 1.40, 4, 4, '2025-08-07 03:49:25', '2025-08-07 03:49:25', NULL),
	(71, 'visitor-chair-with-chrome-frame', 'SKU-00000071', 'HXYQ95SKYNJO', 8, 6, 3, 'website/images/home_4/product_9.webp', 'https://www.youtube.com/watch?v=IMtwntbuzV', 0, 1, 5, 1, 1, 1, 1, 1977.79, 7.35, 'percentage', '2025-08-07', '2025-08-13', 1, NULL, '2025-08-07', '2025-10-16', 1661.34, 34, 1, 'in_stock', 1, 1, NULL, 51.88, 36.35, 14.01, 3.79, 422, 4, '2025-08-07 03:49:25', '2025-08-07 03:49:25', NULL),
	(72, 'dining-table-4-seater-walnut-finish', 'SKU-00000072', 'NEY8LJF03X9Q', 22, 2, 1, 'website/images/home_4/product_10.webp', 'https://www.youtube.com/watch?v=526JekYYpZ', 0, 0, 1, 1, 1, 1, 0, 203.02, 190.43, 'fixed', '2025-08-07', '2025-08-20', 1, NULL, '2025-08-07', '2025-11-16', 176.63, 32, 1, 'in_stock', 1, 1, NULL, 10.20, 63.26, 19.05, 8.31, 55, 4, '2025-08-07 03:49:25', '2025-08-07 03:49:25', NULL),
	(73, 'armless-stackable-plastic-chair', 'SKU-00000073', 'NXGP0MLKHAIU', 3, 8, 5, 'website/images/home_4/product_11.webp', 'https://www.youtube.com/watch?v=Eo01wjeutG', 1, 0, 5, 1, 1, 0, 1, 1427.74, 25.93, 'percentage', '2025-08-07', '2025-08-19', 1, NULL, '2025-08-07', '2025-10-04', 1113.64, 19, 1, 'out_of_stock', 1, 1, NULL, 21.47, 66.38, 76.96, 6.13, 55, 4, '2025-08-07 03:49:25', '2025-08-07 03:49:25', NULL),
	(74, 'multi-layer-foldable-study-table', 'SKU-00000074', 'NPKQAHI0RFY0', 6, 2, 1, 'website/images/home_4/product_12.webp', 'https://www.youtube.com/watch?v=wciJ5sweJP', 1, 1, 7, 1, 1, 1, 1, 372.84, 31.38, 'percentage', '2025-08-07', '2025-08-21', 0, NULL, NULL, NULL, 0.00, 0, 1, 'out_of_stock', 1, 1, NULL, 76.26, 12.02, 75.12, 7.68, 270, 4, '2025-08-07 03:49:25', '2025-08-07 03:49:25', NULL),
	(75, 'revolving-computer-chair-with-headrest', 'SKU-00000075', 'UOBOTZQMQSQN', 15, 2, 2, 'website/images/home_4/product_13.webp', 'https://www.youtube.com/watch?v=WRfPglu3v5', 1, 0, 4, 1, 1, 1, 0, 194.15, 36.26, 'percentage', '2025-08-07', '2025-08-21', 0, NULL, NULL, NULL, 0.00, 0, 1, 'in_stock', 1, 1, NULL, 14.46, 87.11, 41.43, 9.04, 331, 4, '2025-08-07 03:49:26', '2025-08-07 03:49:26', NULL),
	(76, 'kids-activity-table-with-storage-box', 'SKU-00000076', 'PYUDTPUKTKY3', 12, 6, 1, 'website/images/home_4/product_14.webp', 'https://www.youtube.com/watch?v=pNiPr0bgJI', 1, 0, 6, 1, 1, 1, 1, 1852.81, 1837.32, 'fixed', '2025-08-07', '2025-08-18', 0, NULL, NULL, NULL, 0.00, 0, 1, 'out_of_stock', 1, 1, NULL, 59.70, 47.83, 15.44, 9.26, 20, 4, '2025-08-07 03:49:26', '2025-08-07 03:49:26', NULL),
	(77, 'cafe-style-bistro-table-round-top', 'SKU-00000077', '9C4943OWAXXN', 10, 6, 4, 'website/images/home_4/product_15.webp', 'https://www.youtube.com/watch?v=bVeI4aUmnD', 1, 0, 8, 1, 1, 1, 0, 1521.57, 1480.42, 'fixed', '2025-08-07', '2025-08-20', 0, NULL, NULL, NULL, 0.00, 0, 1, 'out_of_stock', 1, 1, NULL, 85.20, 20.59, 63.69, 8.14, 70, 4, '2025-08-07 03:49:26', '2025-08-07 03:49:26', NULL),
	(78, 'mid-back-pu-leather-office-chair', 'SKU-00000078', 'XPANOC4XZ2WU', 3, 8, 3, 'website/images/home_4/product_16.webp', 'https://www.youtube.com/watch?v=pQEY9bpKtB', 0, 0, 7, 1, 1, 1, 1, 730.36, 708.54, 'fixed', '2025-08-07', '2025-08-14', 0, NULL, NULL, NULL, 0.00, 0, 1, 'out_of_stock', 1, 1, NULL, 73.63, 69.96, 25.93, 7.57, 388, 4, '2025-08-07 03:49:26', '2025-08-07 03:49:26', NULL),
	(79, 'foldable-picnic-table-2-person', 'SKU-00000079', '4HUYSWAUPT5U', 25, 3, 2, 'website/images/home_4/product_3.webp', 'https://www.youtube.com/watch?v=4oA5Ec1S2z', 0, 1, 8, 1, 1, 1, 1, 871.26, 32.51, 'percentage', '2025-08-07', '2025-08-19', 1, NULL, '2025-08-07', '2025-10-27', 531.47, 44, 1, 'out_of_stock', 1, 1, NULL, 48.98, 6.46, 60.44, 2.50, 204, 4, '2025-08-07 03:49:26', '2025-08-07 03:49:26', NULL),
	(80, 'rocking-chair-wooden-classic-style', 'SKU-00000080', 'YSQGMLTVQUHG', 9, 4, 3, 'website/images/home_4/product_8.webp', 'https://www.youtube.com/watch?v=uMwKLFtaiR', 0, 1, 7, 1, 1, 1, 0, 1322.91, 44.28, 'percentage', '2025-08-07', '2025-08-13', 1, NULL, '2025-08-07', '2026-04-08', 859.89, 38, 1, 'in_stock', 1, 1, NULL, 38.52, 52.00, 54.83, 3.64, 113, 4, '2025-08-07 03:49:26', '2025-08-07 03:49:26', NULL),
	(81, 'study-desk-with-bookshelf-rack', 'SKU-00000081', '8JKBIPNNKLHU', 13, 6, 2, 'website/images/home_4/product_2.webp', 'https://www.youtube.com/watch?v=EChFgllZKJ', 0, 0, 4, 1, 1, 1, 1, 1120.33, 31.32, 'percentage', '2025-08-07', '2025-08-18', 1, NULL, '2025-08-07', '2026-04-20', 571.37, 34, 1, 'out_of_stock', 1, 1, NULL, 91.24, 72.87, 36.89, 4.30, 176, 4, '2025-08-07 03:49:26', '2025-08-07 03:49:26', NULL);

-- Dumping structure for table topcommerce.product_attributes
DROP TABLE IF EXISTS `product_attributes`;
CREATE TABLE IF NOT EXISTS `product_attributes` (
  `id` bigint(20) unsigned NOT NULL AUTO_INCREMENT,
  `product_id` bigint(20) unsigned NOT NULL,
  `name` varchar(255) NOT NULL,
  `slug` varchar(255) NOT NULL,
  `description` text DEFAULT NULL,
  `options` longtext CHARACTER SET utf8mb4 COLLATE utf8mb4_bin DEFAULT NULL CHECK (json_valid(`options`)),
  `status` enum('0','1') NOT NULL DEFAULT '1',
  `deleted_at` timestamp NULL DEFAULT NULL,
  `created_at` timestamp NULL DEFAULT NULL,
  `updated_at` timestamp NULL DEFAULT NULL,
  PRIMARY KEY (`id`),
  UNIQUE KEY `product_attributes_slug_unique` (`slug`),
  KEY `product_attributes_product_id_foreign` (`product_id`),
  CONSTRAINT `product_attributes_product_id_foreign` FOREIGN KEY (`product_id`) REFERENCES `products` (`id`)
) ENGINE=InnoDB DEFAULT CHARSET=utf8mb4 COLLATE=utf8mb4_unicode_ci;

-- Dumping data for table topcommerce.product_attributes: ~0 rows (approximately)
DELETE FROM `product_attributes`;

-- Dumping structure for table topcommerce.product_categories
DROP TABLE IF EXISTS `product_categories`;
CREATE TABLE IF NOT EXISTS `product_categories` (
  `product_id` bigint(20) unsigned NOT NULL,
  `category_id` bigint(20) unsigned NOT NULL,
  PRIMARY KEY (`product_id`,`category_id`),
  KEY `product_categories_category_id_foreign` (`category_id`),
  CONSTRAINT `product_categories_category_id_foreign` FOREIGN KEY (`category_id`) REFERENCES `categories` (`id`) ON DELETE CASCADE,
  CONSTRAINT `product_categories_product_id_foreign` FOREIGN KEY (`product_id`) REFERENCES `products` (`id`) ON DELETE CASCADE
) ENGINE=InnoDB DEFAULT CHARSET=utf8mb4 COLLATE=utf8mb4_unicode_ci;

-- Dumping data for table topcommerce.product_categories: ~277 rows (approximately)
DELETE FROM `product_categories`;
INSERT INTO `product_categories` (`product_id`, `category_id`) VALUES
	(1, 3),
	(1, 6),
	(1, 9),
	(1, 27),
	(1, 33),
	(1, 36),
	(2, 4),
	(3, 3),
	(3, 14),
	(3, 16),
	(3, 30),
	(3, 34),
	(3, 36),
	(4, 9),
	(4, 26),
	(5, 5),
	(5, 40),
	(6, 4),
	(6, 10),
	(6, 25),
	(6, 31),
	(6, 37),
	(6, 45),
	(7, 37),
	(8, 3),
	(8, 13),
	(9, 23),
	(9, 40),
	(9, 43),
	(9, 45),
	(10, 5),
	(10, 25),
	(10, 30),
	(10, 44),
	(11, 1),
	(11, 13),
	(11, 19),
	(11, 20),
	(12, 1),
	(12, 7),
	(12, 17),
	(12, 34),
	(12, 38),
	(12, 44),
	(13, 3),
	(13, 6),
	(13, 10),
	(13, 24),
	(13, 29),
	(13, 32),
	(14, 4),
	(14, 38),
	(15, 6),
	(15, 39),
	(15, 42),
	(15, 45),
	(16, 20),
	(17, 10),
	(17, 41),
	(18, 16),
	(18, 44),
	(19, 10),
	(19, 39),
	(19, 44),
	(20, 7),
	(20, 16),
	(21, 3),
	(21, 17),
	(21, 19),
	(21, 33),
	(21, 45),
	(22, 54),
	(23, 47),
	(23, 69),
	(23, 72),
	(23, 78),
	(23, 90),
	(24, 49),
	(24, 51),
	(24, 66),
	(24, 72),
	(24, 74),
	(24, 79),
	(25, 55),
	(26, 48),
	(26, 54),
	(26, 59),
	(26, 75),
	(26, 77),
	(26, 84),
	(27, 52),
	(27, 59),
	(27, 68),
	(27, 71),
	(27, 75),
	(27, 90),
	(28, 54),
	(28, 57),
	(28, 67),
	(28, 72),
	(28, 76),
	(29, 47),
	(29, 55),
	(29, 65),
	(29, 70),
	(29, 82),
	(30, 79),
	(31, 70),
	(32, 52),
	(32, 83),
	(33, 85),
	(33, 86),
	(34, 79),
	(34, 80),
	(34, 88),
	(35, 65),
	(35, 85),
	(36, 49),
	(37, 70),
	(37, 81),
	(37, 85),
	(38, 50),
	(38, 75),
	(39, 47),
	(40, 85),
	(41, 57),
	(41, 84),
	(42, 102),
	(42, 110),
	(42, 121),
	(43, 92),
	(43, 115),
	(43, 120),
	(43, 121),
	(43, 124),
	(43, 135),
	(44, 101),
	(44, 123),
	(44, 124),
	(44, 129),
	(44, 130),
	(44, 135),
	(45, 95),
	(45, 122),
	(46, 101),
	(46, 111),
	(46, 123),
	(46, 125),
	(47, 119),
	(48, 106),
	(48, 108),
	(48, 109),
	(48, 126),
	(48, 134),
	(48, 135),
	(49, 106),
	(49, 109),
	(49, 114),
	(49, 120),
	(49, 124),
	(50, 92),
	(50, 96),
	(50, 103),
	(50, 132),
	(50, 133),
	(51, 95),
	(51, 109),
	(52, 108),
	(52, 119),
	(52, 123),
	(53, 99),
	(53, 107),
	(53, 118),
	(53, 124),
	(54, 100),
	(54, 111),
	(54, 112),
	(54, 126),
	(54, 128),
	(54, 129),
	(55, 95),
	(55, 99),
	(55, 110),
	(55, 123),
	(55, 130),
	(56, 105),
	(56, 107),
	(56, 118),
	(56, 119),
	(56, 134),
	(57, 95),
	(57, 100),
	(57, 102),
	(57, 116),
	(57, 130),
	(58, 107),
	(58, 114),
	(58, 121),
	(59, 106),
	(60, 117),
	(60, 119),
	(60, 124),
	(60, 133),
	(61, 107),
	(61, 110),
	(61, 118),
	(61, 123),
	(61, 130),
	(61, 135),
	(62, 97),
	(62, 113),
	(62, 120),
	(62, 132),
	(63, 146),
	(63, 174),
	(64, 161),
	(64, 163),
	(65, 143),
	(65, 144),
	(65, 148),
	(65, 166),
	(66, 153),
	(66, 159),
	(66, 173),
	(66, 176),
	(67, 166),
	(67, 176),
	(68, 152),
	(68, 155),
	(68, 160),
	(68, 161),
	(68, 172),
	(69, 167),
	(70, 136),
	(70, 173),
	(71, 150),
	(71, 152),
	(71, 158),
	(71, 170),
	(72, 139),
	(72, 154),
	(72, 169),
	(72, 179),
	(73, 147),
	(73, 149),
	(74, 139),
	(74, 171),
	(75, 152),
	(76, 142),
	(76, 147),
	(76, 150),
	(76, 155),
	(76, 158),
	(77, 141),
	(77, 152),
	(77, 165),
	(77, 166),
	(77, 173),
	(77, 178),
	(78, 137),
	(78, 140),
	(78, 146),
	(78, 160),
	(78, 177),
	(78, 180),
	(79, 143),
	(79, 144),
	(79, 150),
	(79, 165),
	(80, 146),
	(80, 167),
	(81, 137),
	(81, 144),
	(81, 145),
	(81, 151),
	(81, 161),
	(81, 178);

-- Dumping structure for table topcommerce.product_labels
DROP TABLE IF EXISTS `product_labels`;
CREATE TABLE IF NOT EXISTS `product_labels` (
  `id` bigint(20) unsigned NOT NULL AUTO_INCREMENT,
  `slug` varchar(255) NOT NULL,
  `status` tinyint(1) NOT NULL DEFAULT 1,
  `created_at` timestamp NULL DEFAULT NULL,
  `updated_at` timestamp NULL DEFAULT NULL,
  PRIMARY KEY (`id`),
  UNIQUE KEY `product_labels_slug_unique` (`slug`)
) ENGINE=InnoDB AUTO_INCREMENT=7 DEFAULT CHARSET=utf8mb4 COLLATE=utf8mb4_unicode_ci;

-- Dumping data for table topcommerce.product_labels: ~6 rows (approximately)
DELETE FROM `product_labels`;
INSERT INTO `product_labels` (`id`, `slug`, `status`, `created_at`, `updated_at`) VALUES
	(1, 'new', 1, '2025-08-07 03:49:19', '2025-08-07 03:49:19'),
	(2, 'hot', 1, '2025-08-07 03:49:19', '2025-08-07 03:49:19'),
	(3, 'sale', 1, '2025-08-07 03:49:19', '2025-08-07 03:49:19'),
	(4, 'top-rated', 1, '2025-08-07 03:49:19', '2025-08-07 03:49:19'),
	(5, 'pre-order', 1, '2025-08-07 03:49:19', '2025-08-07 03:49:19'),
	(6, 'coming-soon', 1, '2025-08-07 03:49:19', '2025-08-07 03:49:19');

-- Dumping structure for table topcommerce.product_label_product
DROP TABLE IF EXISTS `product_label_product`;
CREATE TABLE IF NOT EXISTS `product_label_product` (
  `id` bigint(20) unsigned NOT NULL AUTO_INCREMENT,
  `product_id` bigint(20) unsigned NOT NULL,
  `product_label_id` bigint(20) unsigned NOT NULL,
  `created_at` timestamp NULL DEFAULT NULL,
  `updated_at` timestamp NULL DEFAULT NULL,
  PRIMARY KEY (`id`),
  KEY `product_label_product_product_id_foreign` (`product_id`),
  KEY `product_label_product_product_label_id_foreign` (`product_label_id`),
  CONSTRAINT `product_label_product_product_id_foreign` FOREIGN KEY (`product_id`) REFERENCES `products` (`id`) ON DELETE CASCADE,
  CONSTRAINT `product_label_product_product_label_id_foreign` FOREIGN KEY (`product_label_id`) REFERENCES `product_labels` (`id`) ON DELETE CASCADE
) ENGINE=InnoDB AUTO_INCREMENT=152 DEFAULT CHARSET=utf8mb4 COLLATE=utf8mb4_unicode_ci;

-- Dumping data for table topcommerce.product_label_product: ~151 rows (approximately)
DELETE FROM `product_label_product`;
INSERT INTO `product_label_product` (`id`, `product_id`, `product_label_id`, `created_at`, `updated_at`) VALUES
	(1, 1, 4, NULL, NULL),
	(2, 2, 2, NULL, NULL),
	(3, 2, 5, NULL, NULL),
	(4, 2, 1, NULL, NULL),
	(5, 3, 5, NULL, NULL),
	(6, 4, 1, NULL, NULL),
	(7, 4, 2, NULL, NULL),
	(8, 5, 1, NULL, NULL),
	(9, 6, 3, NULL, NULL),
	(10, 6, 1, NULL, NULL),
	(11, 7, 5, NULL, NULL),
	(12, 7, 1, NULL, NULL),
	(13, 8, 1, NULL, NULL),
	(14, 8, 5, NULL, NULL),
	(15, 8, 4, NULL, NULL),
	(16, 9, 6, NULL, NULL),
	(17, 9, 1, NULL, NULL),
	(18, 10, 4, NULL, NULL),
	(19, 11, 1, NULL, NULL),
	(20, 11, 3, NULL, NULL),
	(21, 11, 6, NULL, NULL),
	(22, 12, 3, NULL, NULL),
	(23, 12, 2, NULL, NULL),
	(24, 13, 1, NULL, NULL),
	(25, 14, 1, NULL, NULL),
	(26, 14, 4, NULL, NULL),
	(27, 14, 6, NULL, NULL),
	(28, 15, 5, NULL, NULL),
	(29, 15, 4, NULL, NULL),
	(30, 16, 6, NULL, NULL),
	(31, 16, 5, NULL, NULL),
	(32, 16, 3, NULL, NULL),
	(33, 17, 2, NULL, NULL),
	(34, 17, 5, NULL, NULL),
	(35, 17, 1, NULL, NULL),
	(36, 18, 3, NULL, NULL),
	(37, 19, 4, NULL, NULL),
	(38, 19, 3, NULL, NULL),
	(39, 19, 1, NULL, NULL),
	(40, 20, 1, NULL, NULL),
	(41, 20, 6, NULL, NULL),
	(42, 21, 4, NULL, NULL),
	(43, 22, 1, NULL, NULL),
	(44, 22, 5, NULL, NULL),
	(45, 23, 6, NULL, NULL),
	(46, 23, 2, NULL, NULL),
	(47, 24, 5, NULL, NULL),
	(48, 24, 1, NULL, NULL),
	(49, 24, 3, NULL, NULL),
	(50, 25, 4, NULL, NULL),
	(51, 26, 6, NULL, NULL),
	(52, 27, 3, NULL, NULL),
	(53, 27, 4, NULL, NULL),
	(54, 28, 5, NULL, NULL),
	(55, 28, 4, NULL, NULL),
	(56, 29, 3, NULL, NULL),
	(57, 30, 1, NULL, NULL),
	(58, 30, 4, NULL, NULL),
	(59, 30, 5, NULL, NULL),
	(60, 31, 3, NULL, NULL),
	(61, 31, 1, NULL, NULL),
	(62, 32, 5, NULL, NULL),
	(63, 33, 5, NULL, NULL),
	(64, 33, 2, NULL, NULL),
	(65, 33, 4, NULL, NULL),
	(66, 34, 6, NULL, NULL),
	(67, 35, 5, NULL, NULL),
	(68, 36, 4, NULL, NULL),
	(69, 36, 6, NULL, NULL),
	(70, 36, 5, NULL, NULL),
	(71, 37, 1, NULL, NULL),
	(72, 37, 6, NULL, NULL),
	(73, 38, 3, NULL, NULL),
	(74, 39, 1, NULL, NULL),
	(75, 40, 3, NULL, NULL),
	(76, 41, 2, NULL, NULL),
	(77, 42, 3, NULL, NULL),
	(78, 43, 6, NULL, NULL),
	(79, 43, 2, NULL, NULL),
	(80, 44, 1, NULL, NULL),
	(81, 44, 3, NULL, NULL),
	(82, 45, 5, NULL, NULL),
	(83, 46, 3, NULL, NULL),
	(84, 47, 1, NULL, NULL),
	(85, 48, 3, NULL, NULL),
	(86, 49, 4, NULL, NULL),
	(87, 49, 6, NULL, NULL),
	(88, 49, 2, NULL, NULL),
	(89, 50, 1, NULL, NULL),
	(90, 50, 2, NULL, NULL),
	(91, 51, 4, NULL, NULL),
	(92, 52, 1, NULL, NULL),
	(93, 52, 4, NULL, NULL),
	(94, 53, 3, NULL, NULL),
	(95, 54, 5, NULL, NULL),
	(96, 54, 3, NULL, NULL),
	(97, 55, 1, NULL, NULL),
	(98, 55, 6, NULL, NULL),
	(99, 56, 1, NULL, NULL),
	(100, 56, 5, NULL, NULL),
	(101, 57, 1, NULL, NULL),
	(102, 57, 2, NULL, NULL),
	(103, 57, 4, NULL, NULL),
	(104, 58, 6, NULL, NULL),
	(105, 58, 4, NULL, NULL),
	(106, 58, 3, NULL, NULL),
	(107, 59, 3, NULL, NULL),
	(108, 59, 6, NULL, NULL),
	(109, 59, 2, NULL, NULL),
	(110, 60, 2, NULL, NULL),
	(111, 60, 3, NULL, NULL),
	(112, 60, 1, NULL, NULL),
	(113, 61, 6, NULL, NULL),
	(114, 61, 1, NULL, NULL),
	(115, 61, 5, NULL, NULL),
	(116, 62, 6, NULL, NULL),
	(117, 62, 3, NULL, NULL),
	(118, 63, 3, NULL, NULL),
	(119, 64, 1, NULL, NULL),
	(120, 64, 4, NULL, NULL),
	(121, 65, 1, NULL, NULL),
	(122, 65, 4, NULL, NULL),
	(123, 66, 2, NULL, NULL),
	(124, 66, 4, NULL, NULL),
	(125, 67, 5, NULL, NULL),
	(126, 67, 6, NULL, NULL),
	(127, 67, 1, NULL, NULL),
	(128, 68, 4, NULL, NULL),
	(129, 69, 3, NULL, NULL),
	(130, 69, 4, NULL, NULL),
	(131, 70, 3, NULL, NULL),
	(132, 71, 1, NULL, NULL),
	(133, 71, 4, NULL, NULL),
	(134, 71, 2, NULL, NULL),
	(135, 72, 6, NULL, NULL),
	(136, 72, 1, NULL, NULL),
	(137, 73, 3, NULL, NULL),
	(138, 74, 4, NULL, NULL),
	(139, 74, 5, NULL, NULL),
	(140, 74, 1, NULL, NULL),
	(141, 75, 4, NULL, NULL),
	(142, 76, 1, NULL, NULL),
	(143, 76, 4, NULL, NULL),
	(144, 77, 1, NULL, NULL),
	(145, 78, 3, NULL, NULL),
	(146, 78, 6, NULL, NULL),
	(147, 79, 6, NULL, NULL),
	(148, 80, 1, NULL, NULL),
	(149, 80, 6, NULL, NULL),
	(150, 81, 2, NULL, NULL),
	(151, 81, 5, NULL, NULL);

-- Dumping structure for table topcommerce.product_label_translations
DROP TABLE IF EXISTS `product_label_translations`;
CREATE TABLE IF NOT EXISTS `product_label_translations` (
  `id` bigint(20) unsigned NOT NULL AUTO_INCREMENT,
  `product_label_id` bigint(20) unsigned NOT NULL,
  `name` varchar(255) DEFAULT NULL,
  `lang_code` varchar(255) NOT NULL,
  `created_at` timestamp NULL DEFAULT NULL,
  `updated_at` timestamp NULL DEFAULT NULL,
  PRIMARY KEY (`id`),
  KEY `product_label_translations_product_label_id_foreign` (`product_label_id`),
  CONSTRAINT `product_label_translations_product_label_id_foreign` FOREIGN KEY (`product_label_id`) REFERENCES `product_labels` (`id`) ON DELETE CASCADE
) ENGINE=InnoDB AUTO_INCREMENT=13 DEFAULT CHARSET=utf8mb4 COLLATE=utf8mb4_unicode_ci;

-- Dumping data for table topcommerce.product_label_translations: ~12 rows (approximately)
DELETE FROM `product_label_translations`;
INSERT INTO `product_label_translations` (`id`, `product_label_id`, `name`, `lang_code`, `created_at`, `updated_at`) VALUES
	(1, 1, 'New', 'en', '2025-08-07 03:49:19', '2025-08-07 03:49:19'),
	(2, 1, 'New', 'ar', '2025-08-07 03:49:19', '2025-08-07 03:49:19'),
	(3, 2, 'Hot', 'en', '2025-08-07 03:49:19', '2025-08-07 03:49:19'),
	(4, 2, 'Hot', 'ar', '2025-08-07 03:49:19', '2025-08-07 03:49:19'),
	(5, 3, 'Sale', 'en', '2025-08-07 03:49:19', '2025-08-07 03:49:19'),
	(6, 3, 'Sale', 'ar', '2025-08-07 03:49:19', '2025-08-07 03:49:19'),
	(7, 4, 'Top Rated', 'en', '2025-08-07 03:49:19', '2025-08-07 03:49:19'),
	(8, 4, 'Top Rated', 'ar', '2025-08-07 03:49:19', '2025-08-07 03:49:19'),
	(9, 5, 'Pre-Order', 'en', '2025-08-07 03:49:19', '2025-08-07 03:49:19'),
	(10, 5, 'Pre-Order', 'ar', '2025-08-07 03:49:19', '2025-08-07 03:49:19'),
	(11, 6, 'Coming Soon', 'en', '2025-08-07 03:49:19', '2025-08-07 03:49:19'),
	(12, 6, 'Coming Soon', 'ar', '2025-08-07 03:49:20', '2025-08-07 03:49:20');

-- Dumping structure for table topcommerce.product_reviews
DROP TABLE IF EXISTS `product_reviews`;
CREATE TABLE IF NOT EXISTS `product_reviews` (
  `id` bigint(20) unsigned NOT NULL AUTO_INCREMENT,
  `product_id` bigint(20) unsigned NOT NULL,
  `user_id` bigint(20) unsigned NOT NULL,
  `order_id` bigint(20) unsigned DEFAULT NULL,
  `order_details_id` bigint(20) unsigned DEFAULT NULL,
  `vendor_id` bigint(20) unsigned DEFAULT NULL,
  `rating` int(11) NOT NULL DEFAULT 0,
  `options` text DEFAULT NULL,
  `product_sku` varchar(255) DEFAULT NULL,
  `review` text DEFAULT NULL,
  `status` tinyint(1) NOT NULL DEFAULT 0,
  `created_at` timestamp NULL DEFAULT NULL,
  `updated_at` timestamp NULL DEFAULT NULL,
  PRIMARY KEY (`id`),
  KEY `product_reviews_product_id_foreign` (`product_id`),
  KEY `product_reviews_user_id_foreign` (`user_id`),
  CONSTRAINT `product_reviews_product_id_foreign` FOREIGN KEY (`product_id`) REFERENCES `products` (`id`) ON DELETE CASCADE,
  CONSTRAINT `product_reviews_user_id_foreign` FOREIGN KEY (`user_id`) REFERENCES `users` (`id`) ON DELETE CASCADE
) ENGINE=InnoDB AUTO_INCREMENT=691 DEFAULT CHARSET=utf8mb4 COLLATE=utf8mb4_unicode_ci;

-- Dumping data for table topcommerce.product_reviews: ~690 rows (approximately)
DELETE FROM `product_reviews`;
INSERT INTO `product_reviews` (`id`, `product_id`, `user_id`, `order_id`, `order_details_id`, `vendor_id`, `rating`, `options`, `product_sku`, `review`, `status`, `created_at`, `updated_at`) VALUES
	(1, 1, 1006, 4, NULL, 7, 2, NULL, NULL, 'Veritatis architecto ipsam nihil beatae aut et ad sequi itaque autem et.', 1, '2025-08-07 03:49:21', '2025-08-07 03:49:21'),
	(2, 1, 1003, 4, NULL, 3, 5, NULL, NULL, 'Laboriosam ad vel et et et dolore doloribus voluptatibus laboriosam quos.', 1, '2025-08-07 03:49:21', '2025-08-07 03:49:21'),
	(3, 1, 1006, 4, NULL, 8, 3, NULL, NULL, 'Enim doloribus alias aut rerum velit corporis suscipit quae voluptas quia voluptatem iusto.', 1, '2025-08-07 03:49:21', '2025-08-07 03:49:21'),
	(4, 1, 1004, 2, NULL, 3, 4, NULL, NULL, 'Omnis soluta molestiae laborum error ipsum quasi nulla tenetur commodi numquam.', 1, '2025-08-07 03:49:21', '2025-08-07 03:49:21'),
	(5, 1, 1003, 2, NULL, 1, 2, NULL, NULL, 'Et velit dolore eos tempore ratione porro repellendus excepturi ratione omnis ipsam numquam.', 1, '2025-08-07 03:49:21', '2025-08-07 03:49:21'),
	(6, 1, 1006, 2, NULL, 2, 2, NULL, NULL, 'Iste odio doloremque inventore est et ut est facere et.', 1, '2025-08-07 03:49:21', '2025-08-07 03:49:21'),
	(7, 1, 1003, 3, NULL, 6, 3, NULL, NULL, 'Natus omnis aliquam voluptatem earum minima quae dolor facere debitis rem voluptas omnis beatae.', 1, '2025-08-07 03:49:21', '2025-08-07 03:49:21'),
	(8, 1, 1006, 2, NULL, 2, 1, NULL, NULL, 'Pariatur unde modi autem odio voluptatem amet.', 1, '2025-08-07 03:49:21', '2025-08-07 03:49:21'),
	(9, 1, 1008, 1, NULL, 7, 3, NULL, NULL, 'Dolores cumque ipsa mollitia facilis dolorem quis dolorem quos.', 0, '2025-08-07 03:49:21', '2025-08-07 03:49:21'),
	(10, 1, 1001, 2, NULL, 3, 5, NULL, NULL, 'Voluptate laboriosam quo itaque corporis quam omnis temporibus iure.', 0, '2025-08-07 03:49:21', '2025-08-07 03:49:21'),
	(11, 1, 1003, 4, NULL, 3, 1, NULL, NULL, 'Magnam quod aut saepe rerum aperiam odio possimus modi quis autem sit consequuntur minus laborum aut.', 1, '2025-08-07 03:49:21', '2025-08-07 03:49:21'),
	(12, 2, 1004, 1, NULL, 8, 5, NULL, NULL, 'Harum in quia praesentium sit laboriosam repellendus tempora non.', 0, '2025-08-07 03:49:21', '2025-08-07 03:49:21'),
	(13, 2, 1009, 2, NULL, 5, 4, NULL, NULL, 'Suscipit ut placeat nihil sunt voluptatem maiores excepturi et et totam.', 1, '2025-08-07 03:49:21', '2025-08-07 03:49:21'),
	(14, 2, 1006, 1, NULL, 7, 1, NULL, NULL, 'Eos ab accusamus commodi dolor laboriosam.', 1, '2025-08-07 03:49:21', '2025-08-07 03:49:21'),
	(15, 2, 1007, 1, NULL, 7, 3, NULL, NULL, 'In commodi impedit harum consequatur hic.', 1, '2025-08-07 03:49:21', '2025-08-07 03:49:21'),
	(16, 2, 1001, 1, NULL, 5, 2, NULL, NULL, 'Quia esse odio ut eaque quis aspernatur sint numquam corporis perspiciatis est mollitia debitis voluptatem ullam.', 1, '2025-08-07 03:49:21', '2025-08-07 03:49:21'),
	(17, 2, 1001, 1, NULL, 6, 4, NULL, NULL, 'Dolores iste consequuntur eos et quibusdam quos magni ipsum architecto omnis veniam.', 1, '2025-08-07 03:49:21', '2025-08-07 03:49:21'),
	(18, 2, 1004, 1, NULL, 5, 1, NULL, NULL, 'Unde sit animi libero a ea natus.', 1, '2025-08-07 03:49:21', '2025-08-07 03:49:21'),
	(19, 2, 1005, 4, NULL, 4, 5, NULL, NULL, 'Possimus sint alias aut quibusdam consectetur ea placeat voluptatibus velit cupiditate qui in officiis.', 1, '2025-08-07 03:49:21', '2025-08-07 03:49:21'),
	(20, 2, 1005, 3, NULL, 7, 5, NULL, NULL, 'Impedit reiciendis sapiente soluta sed.', 0, '2025-08-07 03:49:21', '2025-08-07 03:49:21'),
	(21, 2, 1007, 1, NULL, 3, 2, NULL, NULL, 'Molestias facilis qui officia ex alias fugit quisquam amet harum enim et.', 1, '2025-08-07 03:49:21', '2025-08-07 03:49:21'),
	(22, 3, 1007, 3, NULL, 4, 5, NULL, NULL, 'Numquam ipsam natus quasi eveniet cum.', 1, '2025-08-07 03:49:21', '2025-08-07 03:49:21'),
	(23, 3, 1009, 4, NULL, 5, 2, NULL, NULL, 'Nostrum eos qui sint dolor eaque ut laudantium.', 0, '2025-08-07 03:49:21', '2025-08-07 03:49:21'),
	(24, 3, 1003, 1, NULL, 1, 3, NULL, NULL, 'Alias quia expedita enim.', 0, '2025-08-07 03:49:21', '2025-08-07 03:49:21'),
	(25, 3, 1003, 2, NULL, 2, 2, NULL, NULL, 'Aut laboriosam deleniti quia.', 1, '2025-08-07 03:49:21', '2025-08-07 03:49:21'),
	(26, 3, 1002, 2, NULL, 1, 4, NULL, NULL, 'Natus sapiente voluptas ducimus minima sit nobis minus facere perferendis molestiae sit.', 0, '2025-08-07 03:49:21', '2025-08-07 03:49:21'),
	(27, 3, 1006, 3, NULL, 7, 5, NULL, NULL, 'Quo optio tempore non explicabo qui autem aut.', 0, '2025-08-07 03:49:21', '2025-08-07 03:49:21'),
	(28, 3, 1002, 1, NULL, 5, 1, NULL, NULL, 'Rem eos placeat eos dignissimos blanditiis saepe exercitationem ipsa.', 1, '2025-08-07 03:49:21', '2025-08-07 03:49:21'),
	(29, 4, 1006, 4, NULL, 4, 1, NULL, NULL, 'Corporis aspernatur quae dignissimos molestiae harum quo nesciunt eum sequi vel.', 1, '2025-08-07 03:49:21', '2025-08-07 03:49:21'),
	(30, 4, 1003, 2, NULL, 3, 2, NULL, NULL, 'Debitis earum qui est.', 1, '2025-08-07 03:49:21', '2025-08-07 03:49:21'),
	(31, 4, 1003, 4, NULL, 1, 2, NULL, NULL, 'Nisi est consequatur adipisci accusantium quos ipsa est officia ipsum a ex eum sed.', 0, '2025-08-07 03:49:21', '2025-08-07 03:49:21'),
	(32, 4, 1007, 2, NULL, 5, 4, NULL, NULL, 'Soluta aut at ut ut cumque.', 1, '2025-08-07 03:49:21', '2025-08-07 03:49:21'),
	(33, 4, 1004, 1, NULL, 5, 2, NULL, NULL, 'Dolores non nostrum vel et.', 1, '2025-08-07 03:49:21', '2025-08-07 03:49:21'),
	(34, 4, 1006, 3, NULL, 6, 1, NULL, NULL, 'Doloremque et officiis quas aut est nulla sed aliquam fugit aut vitae.', 1, '2025-08-07 03:49:21', '2025-08-07 03:49:21'),
	(35, 4, 1002, 3, NULL, 6, 3, NULL, NULL, 'Quis est facilis incidunt ipsum exercitationem tenetur tempore et consequatur quia soluta earum.', 0, '2025-08-07 03:49:21', '2025-08-07 03:49:21'),
	(36, 4, 1003, 2, NULL, 5, 5, NULL, NULL, 'Ipsa et ut nisi possimus ex voluptatum nihil aperiam ut excepturi.', 1, '2025-08-07 03:49:21', '2025-08-07 03:49:21'),
	(37, 4, 1007, 4, NULL, 7, 3, NULL, NULL, 'Voluptatem sint quas voluptates cumque ea est sed ea et at itaque recusandae in similique vel eum.', 0, '2025-08-07 03:49:21', '2025-08-07 03:49:21'),
	(38, 4, 1009, 3, NULL, 6, 2, NULL, NULL, 'Ullam qui aut sequi sit rerum sed exercitationem commodi iure adipisci et.', 1, '2025-08-07 03:49:21', '2025-08-07 03:49:21'),
	(39, 4, 1008, 3, NULL, 6, 4, NULL, NULL, 'Praesentium dolorem libero aliquid perferendis et quaerat in.', 1, '2025-08-07 03:49:21', '2025-08-07 03:49:21'),
	(40, 5, 1004, 3, NULL, 5, 5, NULL, NULL, 'Et qui et voluptatem nihil voluptatum deserunt voluptatem ea sint quia incidunt recusandae non suscipit eos modi adipisci.', 1, '2025-08-07 03:49:21', '2025-08-07 03:49:21'),
	(41, 5, 1003, 1, NULL, 7, 4, NULL, NULL, 'Enim id officiis et quasi facere voluptatum consectetur illo et quibusdam et suscipit eos ipsam dolores at.', 1, '2025-08-07 03:49:21', '2025-08-07 03:49:21'),
	(42, 5, 1009, 3, NULL, 2, 4, NULL, NULL, 'Nobis ullam laudantium laborum laboriosam adipisci recusandae incidunt voluptas.', 0, '2025-08-07 03:49:21', '2025-08-07 03:49:21'),
	(43, 5, 1003, 2, NULL, 7, 4, NULL, NULL, 'Quibusdam quos provident quo in ut molestias nihil ab ut qui sit.', 1, '2025-08-07 03:49:21', '2025-08-07 03:49:21'),
	(44, 5, 1005, 3, NULL, 1, 4, NULL, NULL, 'Ducimus ut eveniet rerum animi non itaque provident in est nemo delectus quae autem est.', 1, '2025-08-07 03:49:21', '2025-08-07 03:49:21'),
	(45, 5, 1005, 1, NULL, 1, 5, NULL, NULL, 'Eveniet accusamus nam fuga est ipsum deleniti eligendi quam dolor.', 0, '2025-08-07 03:49:21', '2025-08-07 03:49:21'),
	(46, 5, 1009, 4, NULL, 8, 1, NULL, NULL, 'Ut voluptatum dolor velit expedita ratione incidunt aut dolor mollitia.', 0, '2025-08-07 03:49:21', '2025-08-07 03:49:21'),
	(47, 5, 1001, 2, NULL, 8, 5, NULL, NULL, 'Qui illum est cupiditate asperiores quis animi est enim quas qui ex.', 1, '2025-08-07 03:49:21', '2025-08-07 03:49:21'),
	(48, 6, 1006, 1, NULL, 2, 2, NULL, NULL, 'Illo harum et et quam libero repudiandae error aspernatur veritatis quam perspiciatis alias consequatur in exercitationem.', 1, '2025-08-07 03:49:21', '2025-08-07 03:49:21'),
	(49, 6, 1006, 4, NULL, 5, 2, NULL, NULL, 'Quia assumenda iste omnis velit consequatur ad recusandae pariatur.', 0, '2025-08-07 03:49:21', '2025-08-07 03:49:21'),
	(50, 6, 1001, 1, NULL, 2, 3, NULL, NULL, 'Soluta repudiandae amet perferendis tempore magni velit aut omnis cumque.', 1, '2025-08-07 03:49:21', '2025-08-07 03:49:21'),
	(51, 6, 1004, 4, NULL, 4, 4, NULL, NULL, 'Voluptatum ut totam alias autem a animi tenetur qui nulla.', 1, '2025-08-07 03:49:21', '2025-08-07 03:49:21'),
	(52, 6, 1009, 1, NULL, 2, 4, NULL, NULL, 'Ut quia cumque voluptatem nulla ex expedita earum.', 1, '2025-08-07 03:49:21', '2025-08-07 03:49:21'),
	(53, 6, 1003, 1, NULL, 7, 4, NULL, NULL, 'Et aspernatur maiores aut deleniti quis voluptatum sapiente voluptas ea sint.', 1, '2025-08-07 03:49:21', '2025-08-07 03:49:21'),
	(54, 6, 1001, 1, NULL, 4, 4, NULL, NULL, 'Fugiat eos laudantium perferendis.', 0, '2025-08-07 03:49:21', '2025-08-07 03:49:21'),
	(55, 6, 1007, 1, NULL, 5, 1, NULL, NULL, 'Blanditiis est incidunt doloribus dolore recusandae dolor similique beatae explicabo fuga dolor qui.', 1, '2025-08-07 03:49:21', '2025-08-07 03:49:21'),
	(56, 6, 1008, 3, NULL, 1, 1, NULL, NULL, 'Culpa ut dolores dicta similique ut voluptatem eius.', 0, '2025-08-07 03:49:21', '2025-08-07 03:49:21'),
	(57, 6, 1008, 4, NULL, 2, 3, NULL, NULL, 'Ut enim possimus dolor soluta ut impedit deserunt veniam officia omnis minus voluptatum similique et quaerat veritatis soluta earum.', 1, '2025-08-07 03:49:21', '2025-08-07 03:49:21'),
	(58, 7, 1004, 2, NULL, 2, 2, NULL, NULL, 'In aut quae sint doloribus quia occaecati accusamus non illum laborum fuga commodi voluptatem quod.', 0, '2025-08-07 03:49:22', '2025-08-07 03:49:22'),
	(59, 7, 1006, 3, NULL, 4, 1, NULL, NULL, 'Minima id earum voluptas odio sint sed.', 1, '2025-08-07 03:49:22', '2025-08-07 03:49:22'),
	(60, 7, 1001, 2, NULL, 1, 4, NULL, NULL, 'Maiores eos neque excepturi consequatur omnis laborum quae ipsum dolorum placeat dolor quis amet incidunt esse iste dolorem quia ut.', 1, '2025-08-07 03:49:22', '2025-08-07 03:49:22'),
	(61, 7, 1005, 2, NULL, 4, 3, NULL, NULL, 'Animi amet esse omnis maiores numquam.', 0, '2025-08-07 03:49:22', '2025-08-07 03:49:22'),
	(62, 7, 1009, 2, NULL, 2, 4, NULL, NULL, 'In voluptas placeat maiores occaecati dolor dolor et.', 0, '2025-08-07 03:49:22', '2025-08-07 03:49:22'),
	(63, 7, 1005, 2, NULL, 4, 5, NULL, NULL, 'Voluptas veritatis veritatis et inventore.', 1, '2025-08-07 03:49:22', '2025-08-07 03:49:22'),
	(64, 7, 1001, 2, NULL, 2, 3, NULL, NULL, 'Laboriosam iusto quos reprehenderit at dolorem occaecati quidem cum.', 1, '2025-08-07 03:49:22', '2025-08-07 03:49:22'),
	(65, 7, 1001, 1, NULL, 7, 1, NULL, NULL, 'Iusto quaerat in necessitatibus ut molestiae quo.', 0, '2025-08-07 03:49:22', '2025-08-07 03:49:22'),
	(66, 7, 1003, 1, NULL, 6, 2, NULL, NULL, 'Voluptatum cum autem modi sunt saepe ut unde.', 1, '2025-08-07 03:49:22', '2025-08-07 03:49:22'),
	(67, 8, 1006, 2, NULL, 3, 1, NULL, NULL, 'Ea ex veritatis deleniti molestiae tempora suscipit.', 1, '2025-08-07 03:49:22', '2025-08-07 03:49:22'),
	(68, 8, 1005, 4, NULL, 3, 1, NULL, NULL, 'Veritatis ipsam officia expedita et cumque est aut atque commodi assumenda voluptatem voluptatem ex est architecto aut.', 1, '2025-08-07 03:49:22', '2025-08-07 03:49:22'),
	(69, 8, 1008, 4, NULL, 6, 4, NULL, NULL, 'Id ex quaerat sunt suscipit cupiditate laboriosam sit.', 0, '2025-08-07 03:49:22', '2025-08-07 03:49:22'),
	(70, 8, 1009, 3, NULL, 4, 5, NULL, NULL, 'Possimus culpa dolorem aliquid architecto esse explicabo ea est odit tempora magni dolores.', 0, '2025-08-07 03:49:22', '2025-08-07 03:49:22'),
	(71, 8, 1006, 3, NULL, 1, 3, NULL, NULL, 'Sed eum rerum aut est cum deserunt non ut.', 1, '2025-08-07 03:49:22', '2025-08-07 03:49:22'),
	(72, 8, 1009, 2, NULL, 6, 5, NULL, NULL, 'Excepturi molestiae incidunt ipsam.', 1, '2025-08-07 03:49:22', '2025-08-07 03:49:22'),
	(73, 8, 1001, 2, NULL, 4, 2, NULL, NULL, 'Eaque et qui nihil accusantium perspiciatis alias omnis nisi temporibus enim ullam incidunt amet pariatur voluptas animi sit perferendis.', 1, '2025-08-07 03:49:22', '2025-08-07 03:49:22'),
	(74, 8, 1006, 3, NULL, 5, 5, NULL, NULL, 'Minima consequuntur aut id expedita eligendi rerum corrupti reprehenderit velit omnis omnis dolorem dolores.', 1, '2025-08-07 03:49:22', '2025-08-07 03:49:22'),
	(75, 8, 1007, 4, NULL, 7, 3, NULL, NULL, 'Voluptas temporibus autem est ut in eum cum minima.', 1, '2025-08-07 03:49:22', '2025-08-07 03:49:22'),
	(76, 8, 1006, 4, NULL, 6, 5, NULL, NULL, 'Animi odit impedit voluptatem autem magnam velit velit eius sunt qui qui id corrupti quos.', 1, '2025-08-07 03:49:22', '2025-08-07 03:49:22'),
	(77, 8, 1004, 4, NULL, 2, 3, NULL, NULL, 'Illum ut vero magni ullam aspernatur aut cumque veniam non atque odit consequatur cupiditate facere sunt eos.', 1, '2025-08-07 03:49:22', '2025-08-07 03:49:22'),
	(78, 8, 1005, 3, NULL, 4, 1, NULL, NULL, 'Totam voluptatibus deserunt et modi quod nisi.', 1, '2025-08-07 03:49:22', '2025-08-07 03:49:22'),
	(79, 9, 1009, 2, NULL, 2, 4, NULL, NULL, 'Sed eos et eos eos sequi eaque id iusto doloremque vero et enim.', 1, '2025-08-07 03:49:22', '2025-08-07 03:49:22'),
	(80, 9, 1003, 2, NULL, 2, 5, NULL, NULL, 'Quisquam at neque sapiente voluptatem molestiae dolores qui atque ut debitis enim consequatur occaecati veritatis.', 1, '2025-08-07 03:49:22', '2025-08-07 03:49:22'),
	(81, 9, 1009, 3, NULL, 1, 3, NULL, NULL, 'Perferendis earum quia vel sint qui facilis laudantium.', 1, '2025-08-07 03:49:22', '2025-08-07 03:49:22'),
	(82, 9, 1005, 2, NULL, 7, 4, NULL, NULL, 'Ut rerum et animi debitis vero itaque magni enim deserunt.', 1, '2025-08-07 03:49:22', '2025-08-07 03:49:22'),
	(83, 9, 1002, 4, NULL, 3, 2, NULL, NULL, 'Consequuntur velit eligendi deleniti cum repellendus repudiandae ut ad ea.', 0, '2025-08-07 03:49:22', '2025-08-07 03:49:22'),
	(84, 9, 1004, 1, NULL, 4, 1, NULL, NULL, 'Impedit dolores sapiente non.', 1, '2025-08-07 03:49:22', '2025-08-07 03:49:22'),
	(85, 9, 1008, 1, NULL, 5, 5, NULL, NULL, 'Ut est rem aperiam ut.', 0, '2025-08-07 03:49:22', '2025-08-07 03:49:22'),
	(86, 9, 1004, 3, NULL, 3, 5, NULL, NULL, 'Repellat fugiat optio aliquid quod qui qui.', 1, '2025-08-07 03:49:22', '2025-08-07 03:49:22'),
	(87, 9, 1007, 4, NULL, 1, 2, NULL, NULL, 'Voluptatem sequi inventore perspiciatis dolorum et omnis voluptatibus incidunt deleniti animi a illum iure corrupti natus dolorem.', 1, '2025-08-07 03:49:22', '2025-08-07 03:49:22'),
	(88, 9, 1004, 3, NULL, 1, 3, NULL, NULL, 'Aspernatur consequatur qui quod ducimus est voluptatem et repellat voluptas sit sunt voluptatibus consequatur quia quae.', 0, '2025-08-07 03:49:22', '2025-08-07 03:49:22'),
	(89, 10, 1002, 3, NULL, 2, 4, NULL, NULL, 'Non voluptas porro omnis distinctio cupiditate quis aperiam consequuntur nam quibusdam quis provident voluptates labore.', 0, '2025-08-07 03:49:22', '2025-08-07 03:49:22'),
	(90, 10, 1004, 3, NULL, 2, 1, NULL, NULL, 'Repudiandae recusandae error eius ea accusamus impedit adipisci suscipit voluptatem sit dolores et possimus autem quis.', 1, '2025-08-07 03:49:22', '2025-08-07 03:49:22'),
	(91, 10, 1001, 4, NULL, 6, 2, NULL, NULL, 'Eligendi pariatur delectus qui dolor quia aspernatur nisi soluta sit sit quia eligendi qui possimus suscipit eaque et quia.', 1, '2025-08-07 03:49:22', '2025-08-07 03:49:22'),
	(92, 10, 1004, 3, NULL, 8, 5, NULL, NULL, 'Facilis eaque et voluptatem quis sunt neque cumque.', 0, '2025-08-07 03:49:22', '2025-08-07 03:49:22'),
	(93, 10, 1007, 4, NULL, 3, 3, NULL, NULL, 'Tempora aut quaerat et eligendi necessitatibus labore voluptas ut totam rerum consectetur at quis.', 1, '2025-08-07 03:49:22', '2025-08-07 03:49:22'),
	(94, 10, 1009, 3, NULL, 7, 5, NULL, NULL, 'Quis non quos illo non dolores voluptas et cum est debitis voluptas adipisci.', 1, '2025-08-07 03:49:22', '2025-08-07 03:49:22'),
	(95, 10, 1009, 3, NULL, 6, 4, NULL, NULL, 'At fugiat architecto dolorum qui vel voluptatibus perspiciatis quibusdam labore quis sit iure non.', 0, '2025-08-07 03:49:22', '2025-08-07 03:49:22'),
	(96, 11, 1002, 3, NULL, 7, 2, NULL, NULL, 'Autem voluptas sed qui enim velit eligendi non blanditiis.', 0, '2025-08-07 03:49:22', '2025-08-07 03:49:22'),
	(97, 11, 1008, 2, NULL, 5, 5, NULL, NULL, 'Voluptas est dolores quo et sit quo.', 1, '2025-08-07 03:49:22', '2025-08-07 03:49:22'),
	(98, 11, 1006, 4, NULL, 5, 5, NULL, NULL, 'Ipsum eum perferendis eveniet perferendis totam labore ut repudiandae a nulla maxime.', 1, '2025-08-07 03:49:22', '2025-08-07 03:49:22'),
	(99, 11, 1004, 2, NULL, 8, 1, NULL, NULL, 'Aperiam esse eligendi et quas cumque optio impedit debitis.', 1, '2025-08-07 03:49:22', '2025-08-07 03:49:22'),
	(100, 11, 1004, 3, NULL, 6, 2, NULL, NULL, 'Nulla minima fugit molestiae aut ducimus commodi voluptates.', 1, '2025-08-07 03:49:22', '2025-08-07 03:49:22'),
	(101, 11, 1003, 4, NULL, 4, 4, NULL, NULL, 'At enim consequatur at est incidunt dolores ut minima qui quis iure et laboriosam sunt ut tempora nihil officia voluptates.', 1, '2025-08-07 03:49:22', '2025-08-07 03:49:22'),
	(102, 11, 1006, 2, NULL, 3, 1, NULL, NULL, 'Incidunt dolore quibusdam doloribus et deserunt.', 0, '2025-08-07 03:49:22', '2025-08-07 03:49:22'),
	(103, 11, 1006, 1, NULL, 5, 3, NULL, NULL, 'Quis omnis eaque sed suscipit id accusantium ipsam amet.', 1, '2025-08-07 03:49:22', '2025-08-07 03:49:22'),
	(104, 12, 1005, 4, NULL, 7, 4, NULL, NULL, 'Quia sint consequatur quia culpa maxime dolores qui sint tempore.', 1, '2025-08-07 03:49:22', '2025-08-07 03:49:22'),
	(105, 12, 1004, 1, NULL, 4, 3, NULL, NULL, 'Earum molestiae et accusamus dolorem aliquid qui.', 1, '2025-08-07 03:49:22', '2025-08-07 03:49:22'),
	(106, 12, 1007, 3, NULL, 8, 2, NULL, NULL, 'Est quo fuga dolor.', 0, '2025-08-07 03:49:22', '2025-08-07 03:49:22'),
	(107, 12, 1007, 1, NULL, 4, 3, NULL, NULL, 'In itaque omnis illum et est.', 1, '2025-08-07 03:49:22', '2025-08-07 03:49:22'),
	(108, 12, 1006, 1, NULL, 8, 3, NULL, NULL, 'Eius aut sequi totam sit accusantium aut facilis dolorem beatae in laborum sit nulla ipsam maiores at consequuntur.', 0, '2025-08-07 03:49:22', '2025-08-07 03:49:22'),
	(109, 12, 1001, 4, NULL, 6, 5, NULL, NULL, 'Voluptas quam perspiciatis incidunt nostrum officia nemo nostrum.', 1, '2025-08-07 03:49:22', '2025-08-07 03:49:22'),
	(110, 13, 1003, 1, NULL, 6, 5, NULL, NULL, 'Vero illum eos nobis dolores est.', 1, '2025-08-07 03:49:22', '2025-08-07 03:49:22'),
	(111, 13, 1003, 1, NULL, 5, 3, NULL, NULL, 'Temporibus quibusdam aut est sed quo.', 1, '2025-08-07 03:49:22', '2025-08-07 03:49:22'),
	(112, 13, 1001, 2, NULL, 2, 1, NULL, NULL, 'Vero ipsa quis velit a harum laudantium doloremque magnam sed est illum molestiae dolorum.', 1, '2025-08-07 03:49:22', '2025-08-07 03:49:22'),
	(113, 13, 1009, 1, NULL, 2, 1, NULL, NULL, 'Hic fugiat et optio similique iste ipsa natus animi veniam sunt numquam quidem itaque sit.', 1, '2025-08-07 03:49:22', '2025-08-07 03:49:22'),
	(114, 13, 1001, 2, NULL, 8, 2, NULL, NULL, 'Aperiam eius enim accusantium cumque id aut hic.', 1, '2025-08-07 03:49:22', '2025-08-07 03:49:22'),
	(115, 13, 1008, 4, NULL, 5, 1, NULL, NULL, 'Quam voluptas ad inventore voluptatem perferendis doloribus sit et ab praesentium et voluptas molestiae debitis.', 0, '2025-08-07 03:49:22', '2025-08-07 03:49:22'),
	(116, 13, 1006, 4, NULL, 2, 3, NULL, NULL, 'Nam nobis magnam distinctio ea nam.', 1, '2025-08-07 03:49:22', '2025-08-07 03:49:22'),
	(117, 13, 1001, 3, NULL, 4, 4, NULL, NULL, 'Et dolorem soluta qui id.', 1, '2025-08-07 03:49:22', '2025-08-07 03:49:22'),
	(118, 14, 1002, 2, NULL, 2, 5, NULL, NULL, 'Vitae quis perferendis eos fugit similique sint reprehenderit a eos nihil qui et autem.', 0, '2025-08-07 03:49:22', '2025-08-07 03:49:22'),
	(119, 14, 1007, 4, NULL, 7, 5, NULL, NULL, 'Quia quisquam deleniti inventore vero cupiditate blanditiis nulla omnis numquam qui.', 1, '2025-08-07 03:49:22', '2025-08-07 03:49:22'),
	(120, 14, 1007, 4, NULL, 5, 5, NULL, NULL, 'Repellat aut fugit placeat rerum.', 1, '2025-08-07 03:49:22', '2025-08-07 03:49:22'),
	(121, 14, 1007, 2, NULL, 4, 4, NULL, NULL, 'Doloremque voluptates laudantium tempora delectus.', 1, '2025-08-07 03:49:22', '2025-08-07 03:49:22'),
	(122, 14, 1001, 4, NULL, 6, 4, NULL, NULL, 'Rerum tenetur doloremque veniam nostrum sed.', 1, '2025-08-07 03:49:22', '2025-08-07 03:49:22'),
	(123, 14, 1002, 2, NULL, 6, 2, NULL, NULL, 'Dolorem quis asperiores voluptas voluptatibus quas recusandae et nisi necessitatibus voluptas commodi quaerat placeat sit fugit et.', 1, '2025-08-07 03:49:22', '2025-08-07 03:49:22'),
	(124, 14, 1006, 3, NULL, 6, 1, NULL, NULL, 'Corrupti ut ducimus iure voluptas molestiae et autem omnis autem iste deserunt delectus.', 1, '2025-08-07 03:49:22', '2025-08-07 03:49:22'),
	(125, 15, 1003, 2, NULL, 8, 4, NULL, NULL, 'Eveniet illum porro aut rerum suscipit et ut deleniti.', 1, '2025-08-07 03:49:22', '2025-08-07 03:49:22'),
	(126, 15, 1007, 2, NULL, 4, 1, NULL, NULL, 'Harum nostrum error ut odit ut et libero.', 0, '2025-08-07 03:49:22', '2025-08-07 03:49:22'),
	(127, 15, 1007, 3, NULL, 2, 1, NULL, NULL, 'Adipisci possimus beatae numquam dicta quae laborum at.', 1, '2025-08-07 03:49:22', '2025-08-07 03:49:22'),
	(128, 15, 1004, 2, NULL, 4, 1, NULL, NULL, 'Nostrum eos unde quos aut in voluptatem cum eum exercitationem ad voluptatum.', 0, '2025-08-07 03:49:22', '2025-08-07 03:49:22'),
	(129, 15, 1006, 4, NULL, 3, 3, NULL, NULL, 'Fugiat perspiciatis vel doloremque fugiat officiis voluptas.', 1, '2025-08-07 03:49:22', '2025-08-07 03:49:22'),
	(130, 15, 1008, 2, NULL, 4, 2, NULL, NULL, 'Saepe beatae quasi architecto placeat quos maxime reiciendis voluptate cumque nostrum.', 1, '2025-08-07 03:49:22', '2025-08-07 03:49:22'),
	(131, 15, 1003, 4, NULL, 5, 2, NULL, NULL, 'Nulla rerum autem occaecati et sequi veniam sapiente aliquam esse neque voluptatem inventore.', 0, '2025-08-07 03:49:22', '2025-08-07 03:49:22'),
	(132, 15, 1004, 3, NULL, 1, 1, NULL, NULL, 'Odit at itaque molestiae quia perferendis sint libero.', 1, '2025-08-07 03:49:22', '2025-08-07 03:49:22'),
	(133, 16, 1006, 4, NULL, 7, 2, NULL, NULL, 'Autem distinctio dolores incidunt incidunt quia aspernatur iure molestiae a soluta possimus praesentium.', 1, '2025-08-07 03:49:22', '2025-08-07 03:49:22'),
	(134, 16, 1002, 4, NULL, 2, 3, NULL, NULL, 'Velit nesciunt ipsa voluptatem qui possimus natus rerum sequi molestias earum accusamus ad omnis neque qui.', 1, '2025-08-07 03:49:22', '2025-08-07 03:49:22'),
	(135, 16, 1002, 1, NULL, 7, 2, NULL, NULL, 'Vitae et facere in debitis commodi.', 1, '2025-08-07 03:49:22', '2025-08-07 03:49:22'),
	(136, 16, 1009, 3, NULL, 7, 5, NULL, NULL, 'Aut at porro non iste et ea velit neque dolore eaque et repellat.', 1, '2025-08-07 03:49:22', '2025-08-07 03:49:22'),
	(137, 16, 1005, 4, NULL, 6, 4, NULL, NULL, 'Neque sit eos sequi id expedita voluptatem similique quis illo doloremque velit sed.', 1, '2025-08-07 03:49:22', '2025-08-07 03:49:22'),
	(138, 16, 1002, 1, NULL, 2, 3, NULL, NULL, 'Qui similique quam eos exercitationem sequi impedit fugiat.', 1, '2025-08-07 03:49:22', '2025-08-07 03:49:22'),
	(139, 17, 1006, 3, NULL, 3, 3, NULL, NULL, 'In velit omnis qui aut magni quasi deserunt voluptas.', 1, '2025-08-07 03:49:22', '2025-08-07 03:49:22'),
	(140, 17, 1007, 4, NULL, 3, 3, NULL, NULL, 'Ut ea nihil maiores cupiditate reprehenderit magnam magni nihil sit laborum nesciunt eos labore accusamus voluptas est earum possimus odit.', 1, '2025-08-07 03:49:22', '2025-08-07 03:49:22'),
	(141, 17, 1005, 2, NULL, 4, 3, NULL, NULL, 'Commodi voluptatum beatae laboriosam magni nihil quo explicabo ullam quis non consectetur omnis assumenda.', 1, '2025-08-07 03:49:22', '2025-08-07 03:49:22'),
	(142, 17, 1004, 4, NULL, 4, 5, NULL, NULL, 'Quam dolores rerum non est est ullam mollitia debitis optio provident non consectetur.', 1, '2025-08-07 03:49:22', '2025-08-07 03:49:22'),
	(143, 17, 1008, 3, NULL, 3, 5, NULL, NULL, 'Consequuntur quia placeat provident dolore officia atque qui qui quo.', 1, '2025-08-07 03:49:22', '2025-08-07 03:49:22'),
	(144, 17, 1003, 4, NULL, 3, 3, NULL, NULL, 'Ut deserunt et occaecati non quod veniam.', 1, '2025-08-07 03:49:22', '2025-08-07 03:49:22'),
	(145, 17, 1004, 3, NULL, 2, 2, NULL, NULL, 'Porro culpa est quaerat consectetur reprehenderit neque ipsa magnam nesciunt qui at.', 1, '2025-08-07 03:49:22', '2025-08-07 03:49:22'),
	(146, 17, 1004, 4, NULL, 7, 1, NULL, NULL, 'Labore modi ratione illo odio ratione facilis incidunt soluta rerum aut.', 1, '2025-08-07 03:49:22', '2025-08-07 03:49:22'),
	(147, 17, 1006, 4, NULL, 4, 3, NULL, NULL, 'Est modi maiores fugiat dolor nobis eveniet sequi omnis aperiam nemo totam sed rerum nisi dolor.', 1, '2025-08-07 03:49:22', '2025-08-07 03:49:22'),
	(148, 18, 1009, 4, NULL, 4, 1, NULL, NULL, 'Minus deserunt saepe qui aperiam dolores illum corporis fugit laborum et nihil assumenda.', 1, '2025-08-07 03:49:22', '2025-08-07 03:49:22'),
	(149, 18, 1006, 2, NULL, 5, 5, NULL, NULL, 'Quis voluptatibus adipisci maiores cupiditate necessitatibus ut in et et cumque excepturi corrupti.', 1, '2025-08-07 03:49:22', '2025-08-07 03:49:22'),
	(150, 18, 1001, 4, NULL, 5, 2, NULL, NULL, 'Quae consequatur nihil similique eum repellat totam nam deserunt unde.', 1, '2025-08-07 03:49:22', '2025-08-07 03:49:22'),
	(151, 18, 1003, 2, NULL, 7, 4, NULL, NULL, 'Explicabo sed deleniti quia officiis animi nesciunt cumque minus quidem eum minima.', 1, '2025-08-07 03:49:22', '2025-08-07 03:49:22'),
	(152, 18, 1008, 3, NULL, 4, 1, NULL, NULL, 'Quae atque quae sint eaque voluptas reiciendis et molestiae cupiditate.', 1, '2025-08-07 03:49:22', '2025-08-07 03:49:22'),
	(153, 19, 1007, 1, NULL, 3, 1, NULL, NULL, 'Officia quaerat cum sit totam aliquid rem praesentium earum distinctio.', 1, '2025-08-07 03:49:22', '2025-08-07 03:49:22'),
	(154, 19, 1004, 1, NULL, 6, 2, NULL, NULL, 'Dicta et quasi delectus sunt commodi.', 1, '2025-08-07 03:49:22', '2025-08-07 03:49:22'),
	(155, 19, 1007, 1, NULL, 2, 5, NULL, NULL, 'Sint cumque quam doloribus porro nisi.', 1, '2025-08-07 03:49:22', '2025-08-07 03:49:22'),
	(156, 19, 1004, 3, NULL, 2, 5, NULL, NULL, 'Doloremque aliquid vitae aliquid odit vel aut error.', 0, '2025-08-07 03:49:22', '2025-08-07 03:49:22'),
	(157, 19, 1007, 4, NULL, 1, 3, NULL, NULL, 'Vitae sunt culpa beatae nostrum corrupti architecto non ad aut quos qui amet deleniti.', 1, '2025-08-07 03:49:22', '2025-08-07 03:49:22'),
	(158, 19, 1008, 3, NULL, 8, 4, NULL, NULL, 'Omnis facilis in nisi similique nisi recusandae et quia sed accusamus.', 0, '2025-08-07 03:49:22', '2025-08-07 03:49:22'),
	(159, 19, 1008, 1, NULL, 2, 3, NULL, NULL, 'Corrupti aperiam fugiat amet consequatur numquam temporibus incidunt enim laborum vitae dolorem est debitis id eaque.', 1, '2025-08-07 03:49:22', '2025-08-07 03:49:22'),
	(160, 19, 1004, 2, NULL, 6, 5, NULL, NULL, 'Reprehenderit consequatur consequatur veritatis minus.', 1, '2025-08-07 03:49:22', '2025-08-07 03:49:22'),
	(161, 19, 1003, 1, NULL, 1, 5, NULL, NULL, 'Atque corrupti enim asperiores hic excepturi.', 1, '2025-08-07 03:49:22', '2025-08-07 03:49:22'),
	(162, 19, 1007, 2, NULL, 2, 1, NULL, NULL, 'Consequatur vel quos voluptate facere aperiam non libero adipisci ut.', 0, '2025-08-07 03:49:22', '2025-08-07 03:49:22'),
	(163, 19, 1002, 4, NULL, 5, 3, NULL, NULL, 'Nisi nesciunt sequi vel ducimus aut unde expedita commodi rerum.', 1, '2025-08-07 03:49:22', '2025-08-07 03:49:22'),
	(164, 19, 1001, 2, NULL, 8, 3, NULL, NULL, 'Assumenda est consequatur animi accusamus accusantium dolor.', 1, '2025-08-07 03:49:22', '2025-08-07 03:49:22'),
	(165, 20, 1005, 1, NULL, 5, 3, NULL, NULL, 'Nam qui ut sit rerum iure et atque impedit.', 0, '2025-08-07 03:49:22', '2025-08-07 03:49:22'),
	(166, 20, 1002, 4, NULL, 1, 4, NULL, NULL, 'Animi aut sit qui praesentium eligendi sint.', 1, '2025-08-07 03:49:22', '2025-08-07 03:49:22'),
	(167, 20, 1001, 3, NULL, 2, 1, NULL, NULL, 'Sed provident eligendi sunt officiis officia sapiente nam.', 1, '2025-08-07 03:49:22', '2025-08-07 03:49:22'),
	(168, 20, 1006, 4, NULL, 5, 5, NULL, NULL, 'Est sit placeat rerum quidem ab.', 1, '2025-08-07 03:49:22', '2025-08-07 03:49:22'),
	(169, 20, 1004, 1, NULL, 8, 3, NULL, NULL, 'Quam qui aliquam est magnam eos dolorem voluptatem maxime eos numquam nihil adipisci.', 0, '2025-08-07 03:49:22', '2025-08-07 03:49:22'),
	(170, 20, 1004, 2, NULL, 2, 2, NULL, NULL, 'Et consequatur voluptate eligendi ratione illum labore dolor explicabo impedit explicabo reprehenderit beatae nihil omnis et distinctio.', 1, '2025-08-07 03:49:22', '2025-08-07 03:49:22'),
	(171, 20, 1008, 4, NULL, 7, 2, NULL, NULL, 'Quasi eius magnam odio veritatis atque aspernatur et.', 0, '2025-08-07 03:49:22', '2025-08-07 03:49:22'),
	(172, 21, 1004, 3, NULL, 6, 5, NULL, NULL, 'Provident quod fugit aliquam nulla eaque itaque nobis occaecati possimus.', 1, '2025-08-07 03:49:22', '2025-08-07 03:49:22'),
	(173, 21, 1004, 4, NULL, 5, 4, NULL, NULL, 'Eius et odio enim sit harum eius ut deserunt.', 1, '2025-08-07 03:49:22', '2025-08-07 03:49:22'),
	(174, 21, 1007, 4, NULL, 2, 1, NULL, NULL, 'Deleniti fugit recusandae excepturi unde recusandae.', 1, '2025-08-07 03:49:22', '2025-08-07 03:49:22'),
	(175, 21, 1005, 1, NULL, 3, 3, NULL, NULL, 'At dolor autem aut beatae sapiente voluptatem laudantium.', 0, '2025-08-07 03:49:22', '2025-08-07 03:49:22'),
	(176, 21, 1004, 4, NULL, 7, 4, NULL, NULL, 'Blanditiis vero aut eos aut non enim consequatur ab consequuntur ipsa corrupti facilis ullam reiciendis.', 1, '2025-08-07 03:49:22', '2025-08-07 03:49:22'),
	(177, 21, 1009, 1, NULL, 5, 3, NULL, NULL, 'Aut eum nemo sed debitis quia.', 0, '2025-08-07 03:49:22', '2025-08-07 03:49:22'),
	(178, 21, 1004, 1, NULL, 2, 3, NULL, NULL, 'Quae et quia adipisci quis tenetur aut velit veritatis et praesentium est quos maiores sunt.', 1, '2025-08-07 03:49:22', '2025-08-07 03:49:22'),
	(179, 21, 1007, 3, NULL, 3, 5, NULL, NULL, 'Et quia quas unde aut iure ipsam in quo nihil ducimus possimus est est possimus perspiciatis aspernatur expedita recusandae.', 0, '2025-08-07 03:49:22', '2025-08-07 03:49:22'),
	(180, 21, 1004, 1, NULL, 6, 5, NULL, NULL, 'Placeat dignissimos inventore ut ut reiciendis placeat impedit veniam recusandae hic.', 0, '2025-08-07 03:49:22', '2025-08-07 03:49:22'),
	(181, 22, 1002, 4, NULL, 2, 3, NULL, NULL, 'Non repudiandae magnam nulla occaecati cupiditate consequatur earum quisquam aperiam ut eaque aut dolor vel provident.', 1, '2025-08-07 03:49:22', '2025-08-07 03:49:22'),
	(182, 22, 1005, 4, NULL, 8, 4, NULL, NULL, 'Ut dolore nesciunt dolor nihil et nobis mollitia ex doloremque aliquam doloremque voluptatem non.', 1, '2025-08-07 03:49:22', '2025-08-07 03:49:22'),
	(183, 22, 1002, 4, NULL, 7, 5, NULL, NULL, 'Assumenda eveniet quod distinctio ut animi est ipsum eius et ratione omnis alias odio.', 1, '2025-08-07 03:49:22', '2025-08-07 03:49:22'),
	(184, 22, 1003, 2, NULL, 6, 1, NULL, NULL, 'Earum modi odio quibusdam velit ut voluptatum nesciunt est vitae.', 1, '2025-08-07 03:49:22', '2025-08-07 03:49:22'),
	(185, 22, 1003, 1, NULL, 7, 4, NULL, NULL, 'In harum quo minus ut eos et voluptas dignissimos accusamus in ipsa in.', 1, '2025-08-07 03:49:22', '2025-08-07 03:49:22'),
	(186, 22, 1002, 2, NULL, 5, 5, NULL, NULL, 'Quia non voluptatem sed ratione tempore omnis qui iusto nisi maxime fugit et earum in.', 1, '2025-08-07 03:49:22', '2025-08-07 03:49:22'),
	(187, 22, 1006, 4, NULL, 5, 3, NULL, NULL, 'Nulla voluptas eum molestiae id repellendus earum minima fugiat iste error quia et iusto adipisci dolore.', 0, '2025-08-07 03:49:22', '2025-08-07 03:49:22'),
	(188, 22, 1007, 3, NULL, 8, 5, NULL, NULL, 'Quae facilis qui aut sed animi molestias quas earum.', 0, '2025-08-07 03:49:22', '2025-08-07 03:49:22'),
	(189, 22, 1008, 4, NULL, 5, 1, NULL, NULL, 'Et sed iste excepturi voluptatum est.', 1, '2025-08-07 03:49:22', '2025-08-07 03:49:22'),
	(190, 22, 1004, 3, NULL, 4, 4, NULL, NULL, 'Est aut quod sed quis tenetur molestiae culpa vitae hic.', 0, '2025-08-07 03:49:22', '2025-08-07 03:49:22'),
	(191, 22, 1003, 3, NULL, 4, 5, NULL, NULL, 'Eius velit ipsum iusto ut explicabo architecto fuga.', 1, '2025-08-07 03:49:22', '2025-08-07 03:49:22'),
	(192, 22, 1007, 4, NULL, 1, 1, NULL, NULL, 'Id ut perspiciatis debitis nostrum sunt modi facere ab.', 1, '2025-08-07 03:49:22', '2025-08-07 03:49:22'),
	(193, 23, 1003, 2, NULL, 6, 3, NULL, NULL, 'Aut consectetur vero quaerat quia adipisci sint voluptatum temporibus vel officiis.', 0, '2025-08-07 03:49:22', '2025-08-07 03:49:22'),
	(194, 23, 1005, 1, NULL, 5, 5, NULL, NULL, 'Pariatur necessitatibus molestias et saepe saepe fugit sed aut.', 1, '2025-08-07 03:49:22', '2025-08-07 03:49:22'),
	(195, 23, 1007, 1, NULL, 6, 4, NULL, NULL, 'Minus provident sit omnis enim sed eum vero natus est repellendus rerum.', 0, '2025-08-07 03:49:22', '2025-08-07 03:49:22'),
	(196, 23, 1005, 2, NULL, 7, 1, NULL, NULL, 'Quidem reiciendis fuga sit et aspernatur vel ipsam et.', 1, '2025-08-07 03:49:22', '2025-08-07 03:49:22'),
	(197, 23, 1003, 3, NULL, 2, 3, NULL, NULL, 'Accusantium iusto ut et est maiores qui optio perspiciatis nisi et.', 1, '2025-08-07 03:49:22', '2025-08-07 03:49:22'),
	(198, 23, 1003, 1, NULL, 7, 2, NULL, NULL, 'At minima autem dolorem ducimus magnam temporibus dignissimos nulla mollitia fugit cumque error voluptas.', 0, '2025-08-07 03:49:22', '2025-08-07 03:49:22'),
	(199, 23, 1006, 3, NULL, 3, 1, NULL, NULL, 'Eaque maiores facilis quam.', 1, '2025-08-07 03:49:22', '2025-08-07 03:49:22'),
	(200, 23, 1007, 2, NULL, 7, 2, NULL, NULL, 'Sunt natus veniam quod.', 1, '2025-08-07 03:49:23', '2025-08-07 03:49:23'),
	(201, 23, 1009, 4, NULL, 2, 3, NULL, NULL, 'Dolorem tenetur laudantium dolorem nobis quae adipisci qui voluptatem fuga.', 1, '2025-08-07 03:49:23', '2025-08-07 03:49:23'),
	(202, 23, 1005, 2, NULL, 5, 4, NULL, NULL, 'Quae libero velit et qui minima nostrum exercitationem.', 1, '2025-08-07 03:49:23', '2025-08-07 03:49:23'),
	(203, 24, 1008, 1, NULL, 4, 1, NULL, NULL, 'Itaque autem neque et veniam.', 0, '2025-08-07 03:49:23', '2025-08-07 03:49:23'),
	(204, 24, 1004, 3, NULL, 7, 3, NULL, NULL, 'Rerum aut facilis voluptatem minima praesentium consequatur porro officia ut accusamus consequatur sint repellat.', 1, '2025-08-07 03:49:23', '2025-08-07 03:49:23'),
	(205, 24, 1009, 4, NULL, 5, 5, NULL, NULL, 'Alias quis voluptatem quia aut quos aliquam provident rem.', 1, '2025-08-07 03:49:23', '2025-08-07 03:49:23'),
	(206, 24, 1006, 3, NULL, 1, 1, NULL, NULL, 'Repudiandae magni excepturi ab voluptatem alias consequuntur quae quis autem saepe ut voluptatem inventore rerum.', 1, '2025-08-07 03:49:23', '2025-08-07 03:49:23'),
	(207, 24, 1007, 2, NULL, 2, 3, NULL, NULL, 'Aliquid quo repellat et et non error omnis magnam nulla.', 1, '2025-08-07 03:49:23', '2025-08-07 03:49:23'),
	(208, 24, 1002, 4, NULL, 7, 5, NULL, NULL, 'Quo et atque numquam qui ex.', 0, '2025-08-07 03:49:23', '2025-08-07 03:49:23'),
	(209, 24, 1003, 4, NULL, 4, 4, NULL, NULL, 'Cum temporibus dolorem officiis dolorem illum magnam et illo.', 1, '2025-08-07 03:49:23', '2025-08-07 03:49:23'),
	(210, 24, 1006, 2, NULL, 1, 5, NULL, NULL, 'Cum eveniet amet rerum ipsam non mollitia voluptatibus vel eum quam reiciendis accusamus quos et vero.', 0, '2025-08-07 03:49:23', '2025-08-07 03:49:23'),
	(211, 24, 1002, 4, NULL, 5, 4, NULL, NULL, 'Exercitationem explicabo eos quae labore ea.', 1, '2025-08-07 03:49:23', '2025-08-07 03:49:23'),
	(212, 25, 1004, 2, NULL, 6, 4, NULL, NULL, 'Incidunt aperiam nostrum iste sit sit et est asperiores reprehenderit dolores enim pariatur quam nisi ut blanditiis eum eos qui.', 1, '2025-08-07 03:49:23', '2025-08-07 03:49:23'),
	(213, 25, 1003, 1, NULL, 3, 3, NULL, NULL, 'Aspernatur voluptas ea ea omnis autem inventore expedita laudantium exercitationem sed consequatur quasi tempore consequatur illum.', 1, '2025-08-07 03:49:23', '2025-08-07 03:49:23'),
	(214, 25, 1004, 4, NULL, 5, 3, NULL, NULL, 'Officiis eius tempore maxime est ut voluptatum.', 1, '2025-08-07 03:49:23', '2025-08-07 03:49:23'),
	(215, 25, 1007, 1, NULL, 3, 2, NULL, NULL, 'Sit nemo est doloribus illo quos voluptatem ab nostrum maxime ut eligendi officiis.', 1, '2025-08-07 03:49:23', '2025-08-07 03:49:23'),
	(216, 25, 1002, 1, NULL, 5, 5, NULL, NULL, 'Quis et officiis alias voluptatem laboriosam omnis voluptates ut ipsa voluptatem sed omnis.', 1, '2025-08-07 03:49:23', '2025-08-07 03:49:23'),
	(217, 25, 1007, 3, NULL, 5, 2, NULL, NULL, 'Fugit numquam ut et.', 1, '2025-08-07 03:49:23', '2025-08-07 03:49:23'),
	(218, 26, 1003, 2, NULL, 5, 2, NULL, NULL, 'Repudiandae iste et et pariatur maiores dolorum non.', 1, '2025-08-07 03:49:23', '2025-08-07 03:49:23'),
	(219, 26, 1007, 4, NULL, 1, 1, NULL, NULL, 'Vitae qui necessitatibus repudiandae ex ad quibusdam magnam dolores.', 1, '2025-08-07 03:49:23', '2025-08-07 03:49:23'),
	(220, 26, 1006, 2, NULL, 7, 3, NULL, NULL, 'Occaecati sint enim ut et blanditiis dolorem.', 1, '2025-08-07 03:49:23', '2025-08-07 03:49:23'),
	(221, 26, 1006, 3, NULL, 7, 4, NULL, NULL, 'Omnis dolor ad id esse error dolores porro tenetur et dignissimos earum rem assumenda enim hic explicabo atque repellendus vero velit quidem.', 1, '2025-08-07 03:49:23', '2025-08-07 03:49:23'),
	(222, 26, 1003, 4, NULL, 4, 3, NULL, NULL, 'Voluptas pariatur voluptatem et illo modi aut sit eum consequatur tenetur suscipit vero molestiae eveniet corporis dolore.', 1, '2025-08-07 03:49:23', '2025-08-07 03:49:23'),
	(223, 26, 1001, 2, NULL, 4, 1, NULL, NULL, 'Natus repellat molestiae odio soluta placeat sed ipsum.', 1, '2025-08-07 03:49:23', '2025-08-07 03:49:23'),
	(224, 26, 1001, 4, NULL, 2, 5, NULL, NULL, 'Ipsum laboriosam sit eos aut officia voluptatem placeat.', 0, '2025-08-07 03:49:23', '2025-08-07 03:49:23'),
	(225, 27, 1008, 1, NULL, 1, 4, NULL, NULL, 'Ex vel doloremque odit aut dolorem quibusdam aut et soluta non nesciunt nesciunt odio et veritatis et sit.', 1, '2025-08-07 03:49:23', '2025-08-07 03:49:23'),
	(226, 27, 1003, 4, NULL, 3, 1, NULL, NULL, 'Et sit aliquid suscipit cupiditate qui minima praesentium nihil sunt quas excepturi animi ipsum.', 1, '2025-08-07 03:49:23', '2025-08-07 03:49:23'),
	(227, 27, 1007, 4, NULL, 4, 4, NULL, NULL, 'Veniam ipsam at pariatur placeat ipsa assumenda error tempore voluptatem pariatur dolor.', 1, '2025-08-07 03:49:23', '2025-08-07 03:49:23'),
	(228, 27, 1009, 4, NULL, 6, 2, NULL, NULL, 'Corrupti doloremque maiores ut deserunt maxime deleniti aliquam architecto sed et illo reiciendis facere rerum quia.', 1, '2025-08-07 03:49:23', '2025-08-07 03:49:23'),
	(229, 27, 1006, 2, NULL, 4, 3, NULL, NULL, 'Impedit quasi qui ullam atque quidem corrupti aut aut reiciendis.', 0, '2025-08-07 03:49:23', '2025-08-07 03:49:23'),
	(230, 27, 1004, 1, NULL, 7, 3, NULL, NULL, 'Labore earum odio voluptatem ipsam non architecto necessitatibus commodi officiis et iure.', 1, '2025-08-07 03:49:23', '2025-08-07 03:49:23'),
	(231, 28, 1009, 3, NULL, 8, 4, NULL, NULL, 'Sed consequatur saepe nihil consequuntur.', 0, '2025-08-07 03:49:23', '2025-08-07 03:49:23'),
	(232, 28, 1004, 3, NULL, 1, 5, NULL, NULL, 'Tempora ullam et reiciendis debitis consectetur nihil rem occaecati delectus.', 1, '2025-08-07 03:49:23', '2025-08-07 03:49:23'),
	(233, 28, 1004, 2, NULL, 3, 1, NULL, NULL, 'Adipisci omnis sed sit cum et excepturi aut repellat rerum excepturi.', 1, '2025-08-07 03:49:23', '2025-08-07 03:49:23'),
	(234, 28, 1006, 1, NULL, 4, 3, NULL, NULL, 'Reiciendis omnis officia et deserunt quis explicabo ut nostrum quas blanditiis provident.', 0, '2025-08-07 03:49:23', '2025-08-07 03:49:23'),
	(235, 28, 1003, 4, NULL, 3, 1, NULL, NULL, 'Similique unde unde vel blanditiis est quia nisi ut.', 1, '2025-08-07 03:49:23', '2025-08-07 03:49:23'),
	(236, 28, 1001, 4, NULL, 6, 2, NULL, NULL, 'Error tenetur ab atque suscipit cumque praesentium qui in sunt nisi beatae omnis itaque.', 1, '2025-08-07 03:49:23', '2025-08-07 03:49:23'),
	(237, 28, 1004, 4, NULL, 7, 5, NULL, NULL, 'Est quos ipsam ratione illum sint ut quae illum autem sit necessitatibus dolores ex.', 0, '2025-08-07 03:49:23', '2025-08-07 03:49:23'),
	(238, 29, 1004, 2, NULL, 6, 3, NULL, NULL, 'Et vero pariatur doloremque cumque officiis iure cupiditate consequatur.', 1, '2025-08-07 03:49:23', '2025-08-07 03:49:23'),
	(239, 29, 1005, 3, NULL, 2, 1, NULL, NULL, 'Nihil id ullam laudantium vero excepturi animi aut facere aut sunt possimus.', 1, '2025-08-07 03:49:23', '2025-08-07 03:49:23'),
	(240, 29, 1004, 4, NULL, 7, 4, NULL, NULL, 'Possimus omnis repellat nulla qui dolorum exercitationem et minima repudiandae pariatur.', 1, '2025-08-07 03:49:23', '2025-08-07 03:49:23'),
	(241, 29, 1001, 1, NULL, 3, 3, NULL, NULL, 'Molestiae perspiciatis non delectus aliquid quae nihil sit occaecati asperiores quasi aliquam praesentium quaerat est error non fuga voluptas.', 1, '2025-08-07 03:49:23', '2025-08-07 03:49:23'),
	(242, 29, 1002, 3, NULL, 3, 2, NULL, NULL, 'Aut quo impedit quia minus et et assumenda est et quo consequatur.', 0, '2025-08-07 03:49:23', '2025-08-07 03:49:23'),
	(243, 29, 1005, 4, NULL, 7, 3, NULL, NULL, 'Architecto sapiente nihil aut ducimus facere omnis.', 1, '2025-08-07 03:49:23', '2025-08-07 03:49:23'),
	(244, 29, 1008, 2, NULL, 6, 3, NULL, NULL, 'Quo officia eos neque sed voluptate sequi est fugit omnis.', 0, '2025-08-07 03:49:23', '2025-08-07 03:49:23'),
	(245, 29, 1009, 1, NULL, 5, 3, NULL, NULL, 'Tempore quam est et dolore necessitatibus.', 1, '2025-08-07 03:49:23', '2025-08-07 03:49:23'),
	(246, 29, 1007, 1, NULL, 3, 2, NULL, NULL, 'Repellat et assumenda dolores sequi sit autem alias ut sunt sapiente doloribus similique quo sit magnam incidunt.', 1, '2025-08-07 03:49:23', '2025-08-07 03:49:23'),
	(247, 30, 1001, 2, NULL, 6, 5, NULL, NULL, 'Dolorem qui reiciendis dolores minus dolor a praesentium et nemo deserunt sed totam ea eaque omnis fuga est est.', 1, '2025-08-07 03:49:23', '2025-08-07 03:49:23'),
	(248, 30, 1009, 2, NULL, 7, 1, NULL, NULL, 'In voluptatem quos porro aut voluptates et in ut consectetur assumenda occaecati consequatur ducimus ullam quisquam doloremque ullam aspernatur ut.', 1, '2025-08-07 03:49:23', '2025-08-07 03:49:23'),
	(249, 30, 1005, 4, NULL, 3, 5, NULL, NULL, 'Quasi aspernatur aut autem excepturi ut assumenda ut.', 0, '2025-08-07 03:49:23', '2025-08-07 03:49:23'),
	(250, 30, 1008, 1, NULL, 7, 3, NULL, NULL, 'Debitis excepturi ex sed provident nulla provident incidunt.', 0, '2025-08-07 03:49:23', '2025-08-07 03:49:23'),
	(251, 30, 1001, 4, NULL, 3, 3, NULL, NULL, 'Qui eum incidunt nihil minima pariatur aliquid eum rem.', 0, '2025-08-07 03:49:23', '2025-08-07 03:49:23'),
	(252, 30, 1009, 3, NULL, 6, 2, NULL, NULL, 'Qui officiis blanditiis sit dolorem corrupti eum.', 0, '2025-08-07 03:49:23', '2025-08-07 03:49:23'),
	(253, 30, 1006, 2, NULL, 1, 4, NULL, NULL, 'Neque consequatur voluptatem quia saepe perspiciatis laboriosam voluptate aliquid sed.', 0, '2025-08-07 03:49:23', '2025-08-07 03:49:23'),
	(254, 31, 1003, 4, NULL, 4, 3, NULL, NULL, 'Dolorum neque optio temporibus magni.', 1, '2025-08-07 03:49:23', '2025-08-07 03:49:23'),
	(255, 31, 1007, 3, NULL, 4, 5, NULL, NULL, 'Consequuntur alias consequatur totam quis est velit dolores amet occaecati et quas.', 1, '2025-08-07 03:49:23', '2025-08-07 03:49:23'),
	(256, 31, 1005, 2, NULL, 3, 5, NULL, NULL, 'Quibusdam qui ipsam est hic.', 1, '2025-08-07 03:49:23', '2025-08-07 03:49:23'),
	(257, 31, 1006, 1, NULL, 4, 3, NULL, NULL, 'Enim sit tempore dolor repellat vel et eum qui est nostrum ea tempore eos perspiciatis reprehenderit tempore et ab.', 1, '2025-08-07 03:49:23', '2025-08-07 03:49:23'),
	(258, 31, 1002, 1, NULL, 1, 3, NULL, NULL, 'Voluptatum sunt expedita in quidem voluptatem odio.', 1, '2025-08-07 03:49:23', '2025-08-07 03:49:23'),
	(259, 31, 1008, 1, NULL, 3, 1, NULL, NULL, 'Similique iste eveniet neque dolor.', 1, '2025-08-07 03:49:23', '2025-08-07 03:49:23'),
	(260, 31, 1001, 3, NULL, 7, 2, NULL, NULL, 'Quia architecto quasi ut exercitationem fuga libero praesentium in aut sed ut aut sit unde eaque incidunt.', 1, '2025-08-07 03:49:23', '2025-08-07 03:49:23'),
	(261, 31, 1006, 3, NULL, 5, 1, NULL, NULL, 'Ullam omnis sed totam in molestiae sed sed illo numquam enim quod ab earum neque voluptatem id.', 0, '2025-08-07 03:49:23', '2025-08-07 03:49:23'),
	(262, 31, 1002, 4, NULL, 7, 1, NULL, NULL, 'Et quis ex omnis labore veniam sit.', 1, '2025-08-07 03:49:23', '2025-08-07 03:49:23'),
	(263, 32, 1007, 3, NULL, 2, 4, NULL, NULL, 'Sed id dolor minus delectus quasi ea aliquid non.', 0, '2025-08-07 03:49:23', '2025-08-07 03:49:23'),
	(264, 32, 1007, 2, NULL, 7, 3, NULL, NULL, 'Nihil consequatur blanditiis aut sed impedit voluptatem sapiente ipsam.', 0, '2025-08-07 03:49:23', '2025-08-07 03:49:23'),
	(265, 32, 1004, 4, NULL, 1, 4, NULL, NULL, 'Similique unde perspiciatis laborum iure sit ut voluptates nobis doloremque amet nam autem.', 1, '2025-08-07 03:49:23', '2025-08-07 03:49:23'),
	(266, 32, 1006, 4, NULL, 1, 2, NULL, NULL, 'Soluta eos aut porro perspiciatis rerum neque delectus et beatae nisi non pariatur nisi.', 1, '2025-08-07 03:49:23', '2025-08-07 03:49:23'),
	(267, 32, 1009, 4, NULL, 7, 5, NULL, NULL, 'Deleniti neque iste voluptas explicabo delectus quibusdam dolores et harum qui.', 1, '2025-08-07 03:49:23', '2025-08-07 03:49:23'),
	(268, 32, 1002, 1, NULL, 5, 1, NULL, NULL, 'Ipsam omnis reprehenderit sunt velit ducimus dicta alias.', 1, '2025-08-07 03:49:23', '2025-08-07 03:49:23'),
	(269, 32, 1005, 1, NULL, 5, 4, NULL, NULL, 'Corporis illo reiciendis eos qui eligendi occaecati voluptatem sed odio incidunt eveniet.', 1, '2025-08-07 03:49:23', '2025-08-07 03:49:23'),
	(270, 32, 1002, 3, NULL, 4, 3, NULL, NULL, 'Aspernatur similique incidunt animi perspiciatis asperiores.', 1, '2025-08-07 03:49:23', '2025-08-07 03:49:23'),
	(271, 32, 1002, 2, NULL, 8, 2, NULL, NULL, 'Labore praesentium itaque qui sit unde tempora deserunt id est sequi pariatur excepturi odio ratione quasi blanditiis eos.', 1, '2025-08-07 03:49:23', '2025-08-07 03:49:23'),
	(272, 33, 1005, 4, NULL, 6, 5, NULL, NULL, 'Veritatis fugiat soluta sit rerum libero eveniet quae rerum consectetur expedita.', 0, '2025-08-07 03:49:23', '2025-08-07 03:49:23'),
	(273, 33, 1001, 3, NULL, 5, 5, NULL, NULL, 'Maxime et error ullam consequatur vel asperiores aliquam dignissimos minus ut consequuntur ipsam.', 1, '2025-08-07 03:49:23', '2025-08-07 03:49:23'),
	(274, 33, 1002, 3, NULL, 8, 5, NULL, NULL, 'Corporis quos nostrum et deserunt quisquam omnis eveniet vel maxime nostrum consequatur.', 1, '2025-08-07 03:49:23', '2025-08-07 03:49:23'),
	(275, 33, 1002, 3, NULL, 7, 3, NULL, NULL, 'Cupiditate eveniet exercitationem blanditiis natus aut dolorem quo nihil eos aspernatur.', 1, '2025-08-07 03:49:23', '2025-08-07 03:49:23'),
	(276, 33, 1009, 3, NULL, 6, 2, NULL, NULL, 'Consectetur corporis deserunt vero omnis velit ut eaque.', 1, '2025-08-07 03:49:23', '2025-08-07 03:49:23'),
	(277, 33, 1009, 1, NULL, 7, 2, NULL, NULL, 'Ex similique officia possimus eum.', 1, '2025-08-07 03:49:23', '2025-08-07 03:49:23'),
	(278, 33, 1008, 2, NULL, 6, 3, NULL, NULL, 'Dolorum et quos ipsam qui ut praesentium distinctio quo.', 0, '2025-08-07 03:49:23', '2025-08-07 03:49:23'),
	(279, 33, 1009, 4, NULL, 4, 5, NULL, NULL, 'Ut ut minima eius ut magnam omnis voluptatem ut aut possimus.', 1, '2025-08-07 03:49:23', '2025-08-07 03:49:23'),
	(280, 34, 1004, 1, NULL, 3, 1, NULL, NULL, 'Repellendus distinctio quod in explicabo sit pariatur optio.', 1, '2025-08-07 03:49:23', '2025-08-07 03:49:23'),
	(281, 34, 1006, 2, NULL, 5, 1, NULL, NULL, 'Quisquam voluptas reiciendis et repellendus voluptates veniam ullam magni commodi voluptatum placeat.', 1, '2025-08-07 03:49:23', '2025-08-07 03:49:23'),
	(282, 34, 1002, 4, NULL, 2, 2, NULL, NULL, 'Hic nobis aut qui nostrum vel in doloremque.', 1, '2025-08-07 03:49:23', '2025-08-07 03:49:23'),
	(283, 34, 1006, 2, NULL, 4, 2, NULL, NULL, 'Ut assumenda eius pariatur magnam architecto id sed.', 1, '2025-08-07 03:49:23', '2025-08-07 03:49:23'),
	(284, 34, 1009, 3, NULL, 4, 2, NULL, NULL, 'Eligendi eligendi quam minus qui blanditiis eveniet accusamus rerum.', 1, '2025-08-07 03:49:23', '2025-08-07 03:49:23'),
	(285, 34, 1008, 4, NULL, 5, 5, NULL, NULL, 'Laborum sint soluta necessitatibus incidunt non quis neque dolore fugit ut et doloribus.', 0, '2025-08-07 03:49:23', '2025-08-07 03:49:23'),
	(286, 35, 1004, 4, NULL, 8, 5, NULL, NULL, 'Est repudiandae ut numquam sit dolores in.', 1, '2025-08-07 03:49:23', '2025-08-07 03:49:23'),
	(287, 35, 1004, 1, NULL, 4, 3, NULL, NULL, 'Quos eveniet est quia et dolore aliquam cupiditate velit numquam sit accusamus autem.', 1, '2025-08-07 03:49:23', '2025-08-07 03:49:23'),
	(288, 35, 1001, 2, NULL, 6, 4, NULL, NULL, 'Laborum veritatis asperiores voluptate id tempora qui accusantium aut.', 1, '2025-08-07 03:49:23', '2025-08-07 03:49:23'),
	(289, 35, 1007, 2, NULL, 5, 4, NULL, NULL, 'Qui ut hic accusantium blanditiis dolorem saepe quam sit a laudantium aspernatur officiis pariatur.', 1, '2025-08-07 03:49:23', '2025-08-07 03:49:23'),
	(290, 35, 1008, 1, NULL, 3, 4, NULL, NULL, 'Possimus similique eveniet at sunt veniam dolore perspiciatis saepe corporis debitis dolor et sunt molestias qui ducimus.', 1, '2025-08-07 03:49:23', '2025-08-07 03:49:23'),
	(291, 36, 1006, 1, NULL, 2, 1, NULL, NULL, 'Nesciunt voluptatem sint voluptate qui voluptatem nam vel maiores eum.', 0, '2025-08-07 03:49:23', '2025-08-07 03:49:23'),
	(292, 36, 1008, 4, NULL, 7, 1, NULL, NULL, 'Voluptas quasi suscipit quod tempora et unde quo repudiandae.', 1, '2025-08-07 03:49:23', '2025-08-07 03:49:23'),
	(293, 36, 1003, 4, NULL, 6, 2, NULL, NULL, 'Voluptatem hic quis ut perferendis modi explicabo sunt neque ullam asperiores quia et quia nemo.', 0, '2025-08-07 03:49:23', '2025-08-07 03:49:23'),
	(294, 36, 1007, 3, NULL, 5, 2, NULL, NULL, 'Deserunt vitae est optio pariatur alias.', 1, '2025-08-07 03:49:23', '2025-08-07 03:49:23'),
	(295, 36, 1007, 2, NULL, 4, 3, NULL, NULL, 'Laboriosam voluptatum voluptas velit a.', 1, '2025-08-07 03:49:23', '2025-08-07 03:49:23'),
	(296, 36, 1001, 2, NULL, 4, 3, NULL, NULL, 'Asperiores sequi quis sed doloremque voluptas tenetur deleniti quo.', 1, '2025-08-07 03:49:23', '2025-08-07 03:49:23'),
	(297, 36, 1001, 4, NULL, 3, 5, NULL, NULL, 'In corrupti et fugit a tempora reprehenderit voluptates et ut consequatur neque.', 0, '2025-08-07 03:49:23', '2025-08-07 03:49:23'),
	(298, 36, 1006, 2, NULL, 3, 1, NULL, NULL, 'Omnis modi reiciendis sint officia eos.', 1, '2025-08-07 03:49:23', '2025-08-07 03:49:23'),
	(299, 36, 1008, 3, NULL, 1, 4, NULL, NULL, 'Qui aspernatur voluptas et in sit fuga soluta nemo dolore.', 0, '2025-08-07 03:49:23', '2025-08-07 03:49:23'),
	(300, 36, 1001, 1, NULL, 7, 2, NULL, NULL, 'Et voluptas quia quo illum placeat quia consequuntur ut qui delectus.', 0, '2025-08-07 03:49:23', '2025-08-07 03:49:23'),
	(301, 36, 1008, 2, NULL, 1, 5, NULL, NULL, 'Impedit dolorem nisi minus.', 1, '2025-08-07 03:49:23', '2025-08-07 03:49:23'),
	(302, 37, 1003, 4, NULL, 1, 2, NULL, NULL, 'Debitis qui porro id dolores autem qui nulla quam id ut ex aspernatur natus ad nemo dolores molestias dolore.', 1, '2025-08-07 03:49:23', '2025-08-07 03:49:23'),
	(303, 37, 1006, 4, NULL, 6, 4, NULL, NULL, 'Amet inventore sunt dolorem magni occaecati dolores laborum alias eos velit.', 1, '2025-08-07 03:49:23', '2025-08-07 03:49:23'),
	(304, 37, 1009, 2, NULL, 7, 3, NULL, NULL, 'Dignissimos veritatis dicta omnis distinctio cum sed aut odio iste ipsam quos.', 0, '2025-08-07 03:49:23', '2025-08-07 03:49:23'),
	(305, 37, 1003, 2, NULL, 7, 4, NULL, NULL, 'Illo adipisci velit eaque quae non id.', 1, '2025-08-07 03:49:23', '2025-08-07 03:49:23'),
	(306, 37, 1002, 1, NULL, 3, 1, NULL, NULL, 'Dolore dolore unde ut est explicabo velit ut.', 1, '2025-08-07 03:49:23', '2025-08-07 03:49:23'),
	(307, 37, 1003, 4, NULL, 6, 1, NULL, NULL, 'Iste occaecati ullam beatae soluta dolores aperiam.', 1, '2025-08-07 03:49:23', '2025-08-07 03:49:23'),
	(308, 37, 1006, 1, NULL, 5, 2, NULL, NULL, 'Minus numquam facere sit possimus in sint laboriosam non et architecto suscipit laborum dicta iste dolor dignissimos.', 1, '2025-08-07 03:49:23', '2025-08-07 03:49:23'),
	(309, 37, 1004, 2, NULL, 2, 5, NULL, NULL, 'Maiores et quis est ut.', 1, '2025-08-07 03:49:23', '2025-08-07 03:49:23'),
	(310, 38, 1004, 3, NULL, 8, 3, NULL, NULL, 'Esse fugiat non voluptas cumque.', 1, '2025-08-07 03:49:23', '2025-08-07 03:49:23'),
	(311, 38, 1006, 2, NULL, 2, 1, NULL, NULL, 'Aut voluptatem velit temporibus et.', 1, '2025-08-07 03:49:23', '2025-08-07 03:49:23'),
	(312, 38, 1005, 2, NULL, 6, 3, NULL, NULL, 'Facilis natus corrupti velit veniam deleniti saepe sed sapiente est.', 1, '2025-08-07 03:49:23', '2025-08-07 03:49:23'),
	(313, 38, 1007, 3, NULL, 4, 2, NULL, NULL, 'Ea quos blanditiis enim perspiciatis libero est magnam qui magnam odio ut quaerat.', 1, '2025-08-07 03:49:23', '2025-08-07 03:49:23'),
	(314, 38, 1007, 1, NULL, 3, 3, NULL, NULL, 'Illo rerum voluptas repellendus et a aut voluptas.', 1, '2025-08-07 03:49:23', '2025-08-07 03:49:23'),
	(315, 38, 1008, 4, NULL, 8, 4, NULL, NULL, 'Molestias illum sunt est sint sequi labore omnis necessitatibus sunt quisquam illum at rerum.', 1, '2025-08-07 03:49:23', '2025-08-07 03:49:23'),
	(316, 38, 1008, 2, NULL, 3, 2, NULL, NULL, 'Quaerat autem dignissimos dolores possimus delectus nemo velit.', 1, '2025-08-07 03:49:23', '2025-08-07 03:49:23'),
	(317, 38, 1009, 1, NULL, 6, 4, NULL, NULL, 'Laudantium iste eaque nam distinctio sint distinctio.', 1, '2025-08-07 03:49:23', '2025-08-07 03:49:23'),
	(318, 38, 1004, 4, NULL, 5, 5, NULL, NULL, 'Maxime est voluptates magnam vel aut est vel distinctio explicabo.', 1, '2025-08-07 03:49:23', '2025-08-07 03:49:23'),
	(319, 39, 1004, 2, NULL, 3, 3, NULL, NULL, 'Nisi ab ea vitae consequuntur perspiciatis est ut qui natus officia quia voluptates.', 1, '2025-08-07 03:49:24', '2025-08-07 03:49:24'),
	(320, 39, 1002, 2, NULL, 1, 1, NULL, NULL, 'Alias aut rerum ratione nostrum aperiam sequi pariatur voluptatem explicabo laborum vel eveniet dolorum voluptatem voluptas id.', 0, '2025-08-07 03:49:24', '2025-08-07 03:49:24'),
	(321, 39, 1001, 1, NULL, 8, 1, NULL, NULL, 'Magni ducimus officia amet sint.', 0, '2025-08-07 03:49:24', '2025-08-07 03:49:24'),
	(322, 39, 1001, 4, NULL, 8, 2, NULL, NULL, 'Eveniet alias quisquam doloribus ab vel tenetur officia non.', 0, '2025-08-07 03:49:24', '2025-08-07 03:49:24'),
	(323, 39, 1006, 3, NULL, 4, 2, NULL, NULL, 'Aspernatur dolorum amet dolorem amet ipsa commodi excepturi ut nihil aut quia sint eos.', 1, '2025-08-07 03:49:24', '2025-08-07 03:49:24'),
	(324, 39, 1005, 3, NULL, 5, 3, NULL, NULL, 'Quo nemo sed a voluptatem illo nam pariatur tenetur repellat in.', 1, '2025-08-07 03:49:24', '2025-08-07 03:49:24'),
	(325, 39, 1001, 4, NULL, 3, 3, NULL, NULL, 'Qui facilis itaque illo in ad consequatur unde in atque.', 1, '2025-08-07 03:49:24', '2025-08-07 03:49:24'),
	(326, 39, 1007, 3, NULL, 6, 5, NULL, NULL, 'Nihil cupiditate aliquam iure sed est repudiandae numquam consequatur.', 1, '2025-08-07 03:49:24', '2025-08-07 03:49:24'),
	(327, 39, 1006, 4, NULL, 6, 4, NULL, NULL, 'Aliquid aut voluptas temporibus non error.', 1, '2025-08-07 03:49:24', '2025-08-07 03:49:24'),
	(328, 40, 1001, 4, NULL, 4, 1, NULL, NULL, 'Aperiam quibusdam rerum sit optio ut.', 1, '2025-08-07 03:49:24', '2025-08-07 03:49:24'),
	(329, 40, 1006, 1, NULL, 2, 3, NULL, NULL, 'Qui alias eius eius sapiente quos ut et iusto error maxime quaerat tempore non aperiam ducimus id.', 1, '2025-08-07 03:49:24', '2025-08-07 03:49:24'),
	(330, 40, 1003, 4, NULL, 6, 4, NULL, NULL, 'Beatae et et consequatur ea omnis maiores explicabo.', 1, '2025-08-07 03:49:24', '2025-08-07 03:49:24'),
	(331, 40, 1008, 2, NULL, 5, 3, NULL, NULL, 'Tempora voluptatum et doloribus sed velit soluta quas laborum aut corrupti voluptatem.', 1, '2025-08-07 03:49:24', '2025-08-07 03:49:24'),
	(332, 40, 1005, 1, NULL, 3, 2, NULL, NULL, 'Enim eligendi et aperiam sed tempora quam.', 1, '2025-08-07 03:49:24', '2025-08-07 03:49:24'),
	(333, 40, 1007, 2, NULL, 4, 3, NULL, NULL, 'Ea iure delectus sit et atque a earum dolores in.', 1, '2025-08-07 03:49:24', '2025-08-07 03:49:24'),
	(334, 40, 1007, 1, NULL, 1, 5, NULL, NULL, 'Consequatur et et earum id dolores dolores quas.', 1, '2025-08-07 03:49:24', '2025-08-07 03:49:24'),
	(335, 40, 1005, 1, NULL, 6, 4, NULL, NULL, 'Velit voluptas ut consectetur sit rem ad occaecati laudantium.', 1, '2025-08-07 03:49:24', '2025-08-07 03:49:24'),
	(336, 40, 1003, 4, NULL, 1, 2, NULL, NULL, 'Ea ullam et nihil ducimus facere iure rem quasi voluptatibus hic laboriosam suscipit sint excepturi voluptas.', 1, '2025-08-07 03:49:24', '2025-08-07 03:49:24'),
	(337, 40, 1004, 1, NULL, 3, 3, NULL, NULL, 'Libero voluptas suscipit eveniet nemo neque alias rerum ducimus aut.', 1, '2025-08-07 03:49:24', '2025-08-07 03:49:24'),
	(338, 41, 1002, 4, NULL, 2, 4, NULL, NULL, 'Officia delectus sapiente quis consequuntur in sint tempore ut error at reiciendis.', 0, '2025-08-07 03:49:24', '2025-08-07 03:49:24'),
	(339, 41, 1006, 1, NULL, 2, 5, NULL, NULL, 'Ut occaecati tempore non occaecati perspiciatis facere nulla dolorem id et dolorum magnam quia fugiat fugit.', 1, '2025-08-07 03:49:24', '2025-08-07 03:49:24'),
	(340, 41, 1004, 3, NULL, 7, 4, NULL, NULL, 'Illum alias aspernatur qui enim modi minima dolores.', 0, '2025-08-07 03:49:24', '2025-08-07 03:49:24'),
	(341, 41, 1003, 1, NULL, 4, 3, NULL, NULL, 'Odit ut odio omnis est et ab doloribus.', 1, '2025-08-07 03:49:24', '2025-08-07 03:49:24'),
	(342, 41, 1001, 3, NULL, 3, 1, NULL, NULL, 'Deleniti facilis necessitatibus odio est et sunt quas voluptatem optio odit.', 0, '2025-08-07 03:49:24', '2025-08-07 03:49:24'),
	(343, 41, 1002, 3, NULL, 2, 4, NULL, NULL, 'Dolor totam voluptatem ullam aperiam aliquam nisi perspiciatis.', 1, '2025-08-07 03:49:24', '2025-08-07 03:49:24'),
	(344, 41, 1003, 4, NULL, 6, 4, NULL, NULL, 'Quia non nihil recusandae dolorum aut libero nisi natus omnis et earum id.', 1, '2025-08-07 03:49:24', '2025-08-07 03:49:24'),
	(345, 41, 1002, 3, NULL, 6, 4, NULL, NULL, 'Quia neque quia et unde asperiores reprehenderit.', 1, '2025-08-07 03:49:24', '2025-08-07 03:49:24'),
	(346, 41, 1005, 3, NULL, 2, 4, NULL, NULL, 'Doloremque exercitationem doloremque velit laboriosam nesciunt dolores quae adipisci rerum modi autem.', 1, '2025-08-07 03:49:24', '2025-08-07 03:49:24'),
	(347, 41, 1004, 1, NULL, 2, 2, NULL, NULL, 'Architecto quia aut aut et molestiae est deserunt delectus.', 0, '2025-08-07 03:49:24', '2025-08-07 03:49:24'),
	(348, 41, 1005, 2, NULL, 7, 4, NULL, NULL, 'Sed incidunt numquam praesentium asperiores velit unde optio dolore.', 0, '2025-08-07 03:49:24', '2025-08-07 03:49:24'),
	(349, 41, 1005, 3, NULL, 2, 5, NULL, NULL, 'Consequatur ut eos aut non architecto eos delectus pariatur cupiditate.', 1, '2025-08-07 03:49:24', '2025-08-07 03:49:24'),
	(350, 42, 1005, 1, NULL, 5, 4, NULL, NULL, 'Amet iusto fugiat blanditiis nostrum ut qui omnis tenetur.', 1, '2025-08-07 03:49:24', '2025-08-07 03:49:24'),
	(351, 42, 1006, 4, NULL, 1, 4, NULL, NULL, 'Voluptatem minus nisi corrupti qui quia nemo blanditiis.', 1, '2025-08-07 03:49:24', '2025-08-07 03:49:24'),
	(352, 42, 1004, 3, NULL, 4, 2, NULL, NULL, 'Officia mollitia aut hic doloremque impedit quasi.', 0, '2025-08-07 03:49:24', '2025-08-07 03:49:24'),
	(353, 42, 1008, 2, NULL, 2, 2, NULL, NULL, 'Illo dolorem explicabo maxime perferendis expedita alias voluptas fuga qui accusamus est eaque atque ea quia omnis.', 1, '2025-08-07 03:49:24', '2025-08-07 03:49:24'),
	(354, 42, 1003, 4, NULL, 4, 1, NULL, NULL, 'Quasi quam et quo commodi enim qui exercitationem est.', 1, '2025-08-07 03:49:24', '2025-08-07 03:49:24'),
	(355, 42, 1001, 3, NULL, 5, 4, NULL, NULL, 'Molestiae aliquam reiciendis eum consequuntur et natus rerum doloribus ut ratione omnis consequuntur quia.', 1, '2025-08-07 03:49:24', '2025-08-07 03:49:24'),
	(356, 42, 1003, 4, NULL, 5, 5, NULL, NULL, 'Enim culpa maiores ea odio.', 1, '2025-08-07 03:49:24', '2025-08-07 03:49:24'),
	(357, 42, 1003, 3, NULL, 1, 5, NULL, NULL, 'Inventore qui recusandae quibusdam autem accusantium earum odio molestiae officiis minus dolor consectetur quod.', 1, '2025-08-07 03:49:24', '2025-08-07 03:49:24'),
	(358, 42, 1009, 2, NULL, 2, 3, NULL, NULL, 'Asperiores in natus non dolore sit cumque consequatur sint voluptas et alias.', 1, '2025-08-07 03:49:24', '2025-08-07 03:49:24'),
	(359, 42, 1008, 2, NULL, 4, 4, NULL, NULL, 'Culpa odit voluptatem quos minus ex ut esse porro voluptatem et omnis nemo consequuntur rerum numquam aut reprehenderit.', 1, '2025-08-07 03:49:24', '2025-08-07 03:49:24'),
	(360, 42, 1002, 3, NULL, 2, 5, NULL, NULL, 'Nihil nostrum quidem mollitia doloribus est soluta modi consequatur.', 1, '2025-08-07 03:49:24', '2025-08-07 03:49:24'),
	(361, 43, 1008, 2, NULL, 8, 3, NULL, NULL, 'Et alias asperiores blanditiis repellat non laudantium.', 1, '2025-08-07 03:49:24', '2025-08-07 03:49:24'),
	(362, 43, 1002, 1, NULL, 3, 5, NULL, NULL, 'Eaque dolore ipsam labore saepe explicabo ut et qui et labore.', 0, '2025-08-07 03:49:24', '2025-08-07 03:49:24'),
	(363, 43, 1006, 4, NULL, 3, 4, NULL, NULL, 'Natus a nemo sed aut autem est porro ab quod doloribus sunt modi porro aliquid.', 1, '2025-08-07 03:49:24', '2025-08-07 03:49:24'),
	(364, 43, 1007, 2, NULL, 3, 5, NULL, NULL, 'Cumque tempora fugit et optio blanditiis ipsum vel.', 0, '2025-08-07 03:49:24', '2025-08-07 03:49:24'),
	(365, 43, 1006, 3, NULL, 3, 5, NULL, NULL, 'Consectetur quas cum quos perferendis magnam aut voluptas.', 0, '2025-08-07 03:49:24', '2025-08-07 03:49:24'),
	(366, 43, 1005, 2, NULL, 1, 4, NULL, NULL, 'Sed qui id soluta repellat quos tempora et facere ut suscipit itaque animi.', 0, '2025-08-07 03:49:24', '2025-08-07 03:49:24'),
	(367, 43, 1004, 2, NULL, 1, 5, NULL, NULL, 'Repudiandae sapiente quia rem quas nam ratione reprehenderit quo nemo ut eveniet.', 1, '2025-08-07 03:49:24', '2025-08-07 03:49:24'),
	(368, 43, 1009, 3, NULL, 5, 1, NULL, NULL, 'Pariatur autem nesciunt dolores possimus molestiae itaque autem aliquam quibusdam.', 1, '2025-08-07 03:49:24', '2025-08-07 03:49:24'),
	(369, 43, 1004, 4, NULL, 2, 5, NULL, NULL, 'Minima et quis reprehenderit.', 0, '2025-08-07 03:49:24', '2025-08-07 03:49:24'),
	(370, 43, 1004, 3, NULL, 4, 5, NULL, NULL, 'Dicta aspernatur enim corporis ullam provident ab ut laudantium.', 1, '2025-08-07 03:49:24', '2025-08-07 03:49:24'),
	(371, 43, 1005, 2, NULL, 2, 1, NULL, NULL, 'Nihil exercitationem voluptate deleniti impedit culpa provident quisquam consequatur consequatur velit totam fugit modi saepe suscipit vel.', 1, '2025-08-07 03:49:24', '2025-08-07 03:49:24'),
	(372, 44, 1009, 1, NULL, 3, 3, NULL, NULL, 'Earum consequatur eveniet enim voluptatibus suscipit non possimus tempore.', 1, '2025-08-07 03:49:24', '2025-08-07 03:49:24'),
	(373, 44, 1005, 4, NULL, 7, 4, NULL, NULL, 'Mollitia modi quis voluptas deserunt consequatur nihil consequatur quod quia voluptates qui nihil ut.', 1, '2025-08-07 03:49:24', '2025-08-07 03:49:24'),
	(374, 44, 1002, 2, NULL, 5, 2, NULL, NULL, 'Tenetur odio consequatur quia dolor enim illo est labore officia.', 0, '2025-08-07 03:49:24', '2025-08-07 03:49:24'),
	(375, 44, 1006, 1, NULL, 4, 3, NULL, NULL, 'Et ad in accusamus ullam.', 1, '2025-08-07 03:49:24', '2025-08-07 03:49:24'),
	(376, 44, 1005, 4, NULL, 7, 4, NULL, NULL, 'Odit voluptate ut incidunt nisi consectetur exercitationem sed fuga.', 1, '2025-08-07 03:49:24', '2025-08-07 03:49:24'),
	(377, 44, 1006, 3, NULL, 8, 4, NULL, NULL, 'Facere quis ea dignissimos voluptates nulla voluptatem sequi consequatur.', 0, '2025-08-07 03:49:24', '2025-08-07 03:49:24'),
	(378, 44, 1008, 4, NULL, 7, 1, NULL, NULL, 'Veniam nam debitis totam unde ad rerum labore consectetur distinctio perspiciatis soluta.', 1, '2025-08-07 03:49:24', '2025-08-07 03:49:24'),
	(379, 44, 1004, 1, NULL, 8, 2, NULL, NULL, 'Molestiae dolor error ad excepturi omnis voluptatem quae molestias enim quibusdam.', 1, '2025-08-07 03:49:24', '2025-08-07 03:49:24'),
	(380, 44, 1003, 3, NULL, 3, 4, NULL, NULL, 'Praesentium culpa sit accusantium praesentium iure rerum assumenda et.', 1, '2025-08-07 03:49:24', '2025-08-07 03:49:24'),
	(381, 44, 1006, 3, NULL, 1, 5, NULL, NULL, 'Et modi esse maxime aut accusantium ut quia quo ipsa quod sint rerum quia.', 0, '2025-08-07 03:49:24', '2025-08-07 03:49:24'),
	(382, 44, 1008, 2, NULL, 7, 3, NULL, NULL, 'Quasi molestias officia voluptatem veritatis voluptatibus fugiat delectus error.', 1, '2025-08-07 03:49:24', '2025-08-07 03:49:24'),
	(383, 45, 1006, 3, NULL, 8, 1, NULL, NULL, 'Iste quos voluptatem qui nam explicabo incidunt quibusdam eveniet commodi debitis voluptas nulla.', 1, '2025-08-07 03:49:24', '2025-08-07 03:49:24'),
	(384, 45, 1007, 3, NULL, 1, 3, NULL, NULL, 'A corporis pariatur quos non quisquam voluptatibus vero dolorem facilis voluptatem voluptas quasi enim nihil quo odit.', 1, '2025-08-07 03:49:24', '2025-08-07 03:49:24'),
	(385, 45, 1005, 1, NULL, 7, 4, NULL, NULL, 'Maxime laudantium accusamus labore qui qui.', 0, '2025-08-07 03:49:24', '2025-08-07 03:49:24'),
	(386, 45, 1006, 3, NULL, 3, 5, NULL, NULL, 'Eius sed veritatis modi fugiat et recusandae consequatur eum dolores non consequatur rem harum molestiae.', 1, '2025-08-07 03:49:24', '2025-08-07 03:49:24'),
	(387, 45, 1007, 1, NULL, 4, 5, NULL, NULL, 'Aut cum error ea ab quisquam et.', 1, '2025-08-07 03:49:24', '2025-08-07 03:49:24'),
	(388, 45, 1004, 3, NULL, 1, 1, NULL, NULL, 'Labore quia nesciunt impedit.', 0, '2025-08-07 03:49:24', '2025-08-07 03:49:24'),
	(389, 45, 1009, 1, NULL, 1, 3, NULL, NULL, 'Quidem magnam iure quidem esse perspiciatis sed consequatur porro velit.', 1, '2025-08-07 03:49:24', '2025-08-07 03:49:24'),
	(390, 45, 1007, 4, NULL, 2, 1, NULL, NULL, 'Nisi at quae blanditiis omnis suscipit.', 1, '2025-08-07 03:49:24', '2025-08-07 03:49:24'),
	(391, 45, 1003, 4, NULL, 1, 4, NULL, NULL, 'Ratione et sint qui porro.', 1, '2025-08-07 03:49:24', '2025-08-07 03:49:24'),
	(392, 46, 1008, 3, NULL, 3, 5, NULL, NULL, 'Ut nobis fuga inventore ipsum ea ducimus consequatur repellat nulla.', 0, '2025-08-07 03:49:24', '2025-08-07 03:49:24'),
	(393, 46, 1004, 1, NULL, 3, 5, NULL, NULL, 'Molestiae expedita perspiciatis velit dolorem officia maxime eos.', 1, '2025-08-07 03:49:24', '2025-08-07 03:49:24'),
	(394, 46, 1005, 2, NULL, 4, 5, NULL, NULL, 'Dolorum consequatur eum rerum rerum voluptas quia occaecati ut vel sapiente voluptatem magnam et molestiae recusandae repellendus ipsum placeat.', 0, '2025-08-07 03:49:24', '2025-08-07 03:49:24'),
	(395, 46, 1002, 3, NULL, 3, 5, NULL, NULL, 'Minima dolores officia ut labore quo facilis numquam.', 1, '2025-08-07 03:49:24', '2025-08-07 03:49:24'),
	(396, 46, 1007, 4, NULL, 8, 4, NULL, NULL, 'Eaque dolor qui eligendi excepturi aliquam sequi officia dicta quis qui quia sint tempore dolorem.', 1, '2025-08-07 03:49:24', '2025-08-07 03:49:24'),
	(397, 46, 1002, 3, NULL, 5, 2, NULL, NULL, 'Et cum eius sequi eos accusamus consectetur id at ut nihil labore eos laudantium cumque deserunt non id reprehenderit maiores.', 1, '2025-08-07 03:49:24', '2025-08-07 03:49:24'),
	(398, 47, 1006, 1, NULL, 4, 1, NULL, NULL, 'Sint voluptate aperiam veniam id magnam sunt non aut.', 1, '2025-08-07 03:49:24', '2025-08-07 03:49:24'),
	(399, 47, 1009, 1, NULL, 5, 3, NULL, NULL, 'Aut numquam sed eligendi est tempore tempore.', 0, '2025-08-07 03:49:24', '2025-08-07 03:49:24'),
	(400, 47, 1005, 4, NULL, 3, 4, NULL, NULL, 'Nobis earum sit aut libero incidunt et suscipit ratione laboriosam aut minima necessitatibus officia dolores quasi temporibus et.', 1, '2025-08-07 03:49:24', '2025-08-07 03:49:24'),
	(401, 47, 1002, 2, NULL, 8, 4, NULL, NULL, 'Eum quae recusandae et eum quo rerum aut amet ipsa provident ea nisi nisi ea.', 1, '2025-08-07 03:49:24', '2025-08-07 03:49:24'),
	(402, 47, 1004, 3, NULL, 2, 4, NULL, NULL, 'Autem omnis sit corrupti autem minima commodi cupiditate et.', 0, '2025-08-07 03:49:24', '2025-08-07 03:49:24'),
	(403, 47, 1004, 2, NULL, 6, 4, NULL, NULL, 'Ut eos consequatur velit molestiae tempore quas incidunt tempora et facilis inventore esse error.', 1, '2025-08-07 03:49:24', '2025-08-07 03:49:24'),
	(404, 47, 1004, 3, NULL, 7, 5, NULL, NULL, 'Corrupti est corporis sint fugiat qui ut dolores ullam voluptatibus.', 1, '2025-08-07 03:49:24', '2025-08-07 03:49:24'),
	(405, 48, 1009, 1, NULL, 5, 1, NULL, NULL, 'Quibusdam et harum eligendi recusandae earum qui nulla.', 1, '2025-08-07 03:49:24', '2025-08-07 03:49:24'),
	(406, 48, 1004, 2, NULL, 1, 3, NULL, NULL, 'Esse aut doloremque laudantium accusantium maxime blanditiis.', 0, '2025-08-07 03:49:24', '2025-08-07 03:49:24'),
	(407, 48, 1008, 4, NULL, 5, 3, NULL, NULL, 'Officia enim molestiae et ratione.', 1, '2025-08-07 03:49:24', '2025-08-07 03:49:24'),
	(408, 48, 1006, 1, NULL, 3, 4, NULL, NULL, 'Sed commodi fuga aut omnis accusamus aspernatur pariatur enim distinctio numquam commodi vero.', 0, '2025-08-07 03:49:24', '2025-08-07 03:49:24'),
	(409, 48, 1001, 4, NULL, 4, 3, NULL, NULL, 'Reprehenderit est sequi est voluptatem illo sed qui eum beatae totam labore.', 1, '2025-08-07 03:49:24', '2025-08-07 03:49:24'),
	(410, 49, 1004, 1, NULL, 4, 3, NULL, NULL, 'Sint alias atque incidunt similique corporis quo porro aut.', 0, '2025-08-07 03:49:24', '2025-08-07 03:49:24'),
	(411, 49, 1002, 1, NULL, 8, 5, NULL, NULL, 'Quia perferendis optio a sapiente omnis doloribus iusto impedit reiciendis facilis sit voluptatum.', 1, '2025-08-07 03:49:24', '2025-08-07 03:49:24'),
	(412, 49, 1005, 3, NULL, 4, 5, NULL, NULL, 'Libero voluptatum nam ducimus porro.', 1, '2025-08-07 03:49:24', '2025-08-07 03:49:24'),
	(413, 49, 1005, 2, NULL, 2, 2, NULL, NULL, 'Cumque velit distinctio quasi quod laudantium voluptatem iure ut sunt fuga.', 1, '2025-08-07 03:49:24', '2025-08-07 03:49:24'),
	(414, 49, 1008, 1, NULL, 3, 5, NULL, NULL, 'Ut explicabo aut doloribus repellendus similique accusantium et minus culpa.', 1, '2025-08-07 03:49:24', '2025-08-07 03:49:24'),
	(415, 49, 1005, 2, NULL, 5, 5, NULL, NULL, 'Culpa sint fugit maxime fugit illo.', 1, '2025-08-07 03:49:24', '2025-08-07 03:49:24'),
	(416, 49, 1007, 1, NULL, 5, 4, NULL, NULL, 'At est quae quae aut corporis dolore.', 0, '2025-08-07 03:49:24', '2025-08-07 03:49:24'),
	(417, 49, 1004, 4, NULL, 8, 4, NULL, NULL, 'Aliquid id et ipsa consequatur praesentium explicabo at aut iure.', 1, '2025-08-07 03:49:24', '2025-08-07 03:49:24'),
	(418, 49, 1006, 1, NULL, 3, 5, NULL, NULL, 'Quis ut ex dolores qui sit.', 1, '2025-08-07 03:49:24', '2025-08-07 03:49:24'),
	(419, 49, 1005, 2, NULL, 1, 3, NULL, NULL, 'Voluptatem ab dolorum consequuntur dolores quisquam ipsum fuga omnis qui ab expedita.', 0, '2025-08-07 03:49:24', '2025-08-07 03:49:24'),
	(420, 49, 1008, 4, NULL, 4, 1, NULL, NULL, 'Labore aut voluptates ipsa ipsum est quam harum dolorem aliquam nostrum ipsam voluptas necessitatibus necessitatibus quo adipisci qui omnis quia.', 0, '2025-08-07 03:49:24', '2025-08-07 03:49:24'),
	(421, 49, 1008, 3, NULL, 1, 4, NULL, NULL, 'Assumenda voluptatem quam nihil deserunt aut.', 1, '2025-08-07 03:49:24', '2025-08-07 03:49:24'),
	(422, 49, 1006, 3, NULL, 5, 4, NULL, NULL, 'Provident hic sapiente nihil quibusdam voluptatem perspiciatis quod minima molestiae quod molestiae sit.', 1, '2025-08-07 03:49:24', '2025-08-07 03:49:24'),
	(423, 49, 1009, 3, NULL, 5, 4, NULL, NULL, 'Voluptatem qui eum voluptate laborum sint.', 0, '2025-08-07 03:49:24', '2025-08-07 03:49:24'),
	(424, 50, 1004, 2, NULL, 3, 1, NULL, NULL, 'Deserunt at dolorum voluptates perferendis cupiditate dolore ipsam culpa aliquid.', 0, '2025-08-07 03:49:24', '2025-08-07 03:49:24'),
	(425, 50, 1002, 3, NULL, 6, 3, NULL, NULL, 'Necessitatibus dolorem sint voluptatum amet iure nihil quibusdam molestiae eum ut accusamus vel sint.', 1, '2025-08-07 03:49:24', '2025-08-07 03:49:24'),
	(426, 50, 1003, 2, NULL, 2, 4, NULL, NULL, 'Hic dolore aut non quaerat magni deserunt aut ut placeat odio ullam enim aut mollitia.', 0, '2025-08-07 03:49:24', '2025-08-07 03:49:24'),
	(427, 50, 1007, 1, NULL, 5, 3, NULL, NULL, 'Tempore quidem quibusdam sit sit aut repellat hic ex quis tempore nulla.', 1, '2025-08-07 03:49:24', '2025-08-07 03:49:24'),
	(428, 50, 1001, 3, NULL, 3, 2, NULL, NULL, 'Quam harum ipsam delectus quibusdam sit magni consequatur.', 0, '2025-08-07 03:49:24', '2025-08-07 03:49:24'),
	(429, 50, 1009, 1, NULL, 7, 1, NULL, NULL, 'Odit ut earum commodi consequatur corporis commodi.', 1, '2025-08-07 03:49:24', '2025-08-07 03:49:24'),
	(430, 50, 1003, 3, NULL, 3, 5, NULL, NULL, 'At sint tempora vero itaque voluptas aut aut aut voluptates.', 1, '2025-08-07 03:49:24', '2025-08-07 03:49:24'),
	(431, 50, 1008, 2, NULL, 2, 1, NULL, NULL, 'Laboriosam quia vel qui corporis sed.', 1, '2025-08-07 03:49:24', '2025-08-07 03:49:24'),
	(432, 50, 1008, 3, NULL, 1, 5, NULL, NULL, 'Autem et doloribus neque nisi aut veniam earum magnam est modi perferendis enim sed inventore dolores.', 1, '2025-08-07 03:49:24', '2025-08-07 03:49:24'),
	(433, 50, 1007, 1, NULL, 4, 1, NULL, NULL, 'Voluptas molestiae illo libero reprehenderit ut eum minima incidunt nulla optio deleniti accusamus.', 1, '2025-08-07 03:49:24', '2025-08-07 03:49:24'),
	(434, 50, 1008, 3, NULL, 8, 2, NULL, NULL, 'Omnis magni doloremque dolores nostrum dicta natus fuga ex amet sequi.', 1, '2025-08-07 03:49:24', '2025-08-07 03:49:24'),
	(435, 50, 1007, 2, NULL, 3, 1, NULL, NULL, 'Placeat eligendi nemo autem quo reiciendis corporis.', 1, '2025-08-07 03:49:24', '2025-08-07 03:49:24'),
	(436, 50, 1008, 4, NULL, 7, 2, NULL, NULL, 'Optio deleniti ea repellendus nostrum repudiandae repellat officiis.', 1, '2025-08-07 03:49:24', '2025-08-07 03:49:24'),
	(437, 50, 1004, 2, NULL, 2, 1, NULL, NULL, 'Dolore quo et alias maxime et numquam.', 1, '2025-08-07 03:49:24', '2025-08-07 03:49:24'),
	(438, 51, 1005, 1, NULL, 1, 1, NULL, NULL, 'Et voluptatem assumenda at voluptatum et minima alias quis fuga optio quae.', 0, '2025-08-07 03:49:24', '2025-08-07 03:49:24'),
	(439, 51, 1002, 1, NULL, 6, 4, NULL, NULL, 'Voluptatem aut omnis ducimus fugit aut dolorem ea dolorum doloribus facilis aut.', 1, '2025-08-07 03:49:24', '2025-08-07 03:49:24'),
	(440, 51, 1009, 2, NULL, 8, 4, NULL, NULL, 'Laudantium placeat sit magnam nam modi sint officiis at voluptate quidem perferendis in quo at eveniet consequatur aut.', 1, '2025-08-07 03:49:24', '2025-08-07 03:49:24'),
	(441, 51, 1001, 4, NULL, 6, 3, NULL, NULL, 'Praesentium esse debitis magni sint.', 1, '2025-08-07 03:49:24', '2025-08-07 03:49:24'),
	(442, 51, 1003, 1, NULL, 8, 2, NULL, NULL, 'Quo quisquam pariatur sunt et sunt animi eaque quis commodi ea voluptatibus nam corrupti.', 1, '2025-08-07 03:49:24', '2025-08-07 03:49:24'),
	(443, 51, 1007, 1, NULL, 4, 3, NULL, NULL, 'Vel nulla aut ab aut qui libero.', 1, '2025-08-07 03:49:24', '2025-08-07 03:49:24'),
	(444, 51, 1001, 1, NULL, 6, 1, NULL, NULL, 'Et iste quas eius sed amet expedita voluptatem et magni perferendis nemo aut.', 0, '2025-08-07 03:49:24', '2025-08-07 03:49:24'),
	(445, 51, 1004, 3, NULL, 4, 1, NULL, NULL, 'Et aut inventore sit expedita hic illo esse officiis odit distinctio et id ut.', 1, '2025-08-07 03:49:24', '2025-08-07 03:49:24'),
	(446, 51, 1008, 2, NULL, 6, 3, NULL, NULL, 'Blanditiis laudantium nam vero molestiae consequatur fuga sed et cum sunt qui accusantium adipisci atque voluptate.', 1, '2025-08-07 03:49:24', '2025-08-07 03:49:24'),
	(447, 51, 1003, 1, NULL, 1, 3, NULL, NULL, 'Ut ut consequatur exercitationem iusto cupiditate aliquam sunt dolorem consequuntur quos in officia vel.', 1, '2025-08-07 03:49:24', '2025-08-07 03:49:24'),
	(448, 52, 1001, 2, NULL, 2, 3, NULL, NULL, 'Fuga numquam ab repudiandae voluptatem enim non libero.', 1, '2025-08-07 03:49:24', '2025-08-07 03:49:24'),
	(449, 52, 1003, 3, NULL, 3, 1, NULL, NULL, 'Dolores magnam est occaecati pariatur tempore.', 1, '2025-08-07 03:49:24', '2025-08-07 03:49:24'),
	(450, 52, 1006, 4, NULL, 7, 2, NULL, NULL, 'Tempore et dolor ducimus.', 1, '2025-08-07 03:49:24', '2025-08-07 03:49:24'),
	(451, 52, 1001, 3, NULL, 4, 2, NULL, NULL, 'Tenetur ipsam recusandae recusandae dolor quis quia voluptatem est et consequuntur temporibus et delectus alias dolorum hic.', 1, '2025-08-07 03:49:24', '2025-08-07 03:49:24'),
	(452, 52, 1001, 4, NULL, 5, 3, NULL, NULL, 'Officia dolorum ex architecto unde maxime labore sunt.', 1, '2025-08-07 03:49:24', '2025-08-07 03:49:24'),
	(453, 52, 1001, 1, NULL, 6, 4, NULL, NULL, 'A voluptatum tempora fuga velit aut nemo.', 1, '2025-08-07 03:49:24', '2025-08-07 03:49:24'),
	(454, 52, 1005, 3, NULL, 1, 3, NULL, NULL, 'Qui consectetur omnis non et vel voluptatem facere reprehenderit quod soluta quo quam repudiandae officia illum consequatur quas.', 1, '2025-08-07 03:49:24', '2025-08-07 03:49:24'),
	(455, 52, 1003, 1, NULL, 4, 2, NULL, NULL, 'Minima omnis quis eligendi quod aut earum in.', 1, '2025-08-07 03:49:24', '2025-08-07 03:49:24'),
	(456, 52, 1008, 3, NULL, 6, 4, NULL, NULL, 'Vitae illum ratione est eaque nihil deserunt ea iure itaque rerum dignissimos libero repellendus explicabo molestias quia.', 1, '2025-08-07 03:49:24', '2025-08-07 03:49:24'),
	(457, 53, 1009, 1, NULL, 8, 3, NULL, NULL, 'Id quia ex soluta non molestiae beatae deleniti fugiat quidem ex et quasi quod qui.', 1, '2025-08-07 03:49:24', '2025-08-07 03:49:24'),
	(458, 53, 1009, 4, NULL, 4, 2, NULL, NULL, 'Quia deserunt earum blanditiis nisi molestias consectetur laboriosam necessitatibus quo.', 0, '2025-08-07 03:49:24', '2025-08-07 03:49:24'),
	(459, 53, 1008, 3, NULL, 6, 4, NULL, NULL, 'Est qui explicabo et dolore quam.', 1, '2025-08-07 03:49:24', '2025-08-07 03:49:24'),
	(460, 53, 1004, 4, NULL, 3, 3, NULL, NULL, 'Consequatur rerum dolores qui accusamus deserunt nemo fugit voluptatem est reprehenderit sed consequatur ipsum.', 1, '2025-08-07 03:49:24', '2025-08-07 03:49:24'),
	(461, 53, 1005, 1, NULL, 2, 4, NULL, NULL, 'Velit voluptatibus quo molestiae architecto adipisci voluptas non neque.', 1, '2025-08-07 03:49:24', '2025-08-07 03:49:24'),
	(462, 53, 1007, 4, NULL, 1, 2, NULL, NULL, 'Ea qui ab non omnis qui molestiae quia unde consequatur sed quo.', 0, '2025-08-07 03:49:24', '2025-08-07 03:49:24'),
	(463, 53, 1005, 4, NULL, 5, 2, NULL, NULL, 'Nihil ipsa vero aliquid dicta illo ullam iure quis beatae in velit et rerum deserunt dolores perspiciatis consectetur.', 1, '2025-08-07 03:49:24', '2025-08-07 03:49:24'),
	(464, 53, 1001, 1, NULL, 4, 3, NULL, NULL, 'Voluptatum qui a minus ut iure.', 0, '2025-08-07 03:49:24', '2025-08-07 03:49:24'),
	(465, 53, 1007, 3, NULL, 1, 2, NULL, NULL, 'Soluta et hic minus ullam temporibus debitis maxime sint omnis et voluptatem autem eum numquam quasi.', 1, '2025-08-07 03:49:24', '2025-08-07 03:49:24'),
	(466, 53, 1001, 4, NULL, 6, 2, NULL, NULL, 'Et debitis iusto eveniet est inventore est aperiam.', 0, '2025-08-07 03:49:24', '2025-08-07 03:49:24'),
	(467, 54, 1009, 2, NULL, 4, 5, NULL, NULL, 'Quod distinctio quia tenetur ex eligendi enim dolores qui nulla a dolores aut totam.', 1, '2025-08-07 03:49:24', '2025-08-07 03:49:24'),
	(468, 54, 1005, 1, NULL, 3, 5, NULL, NULL, 'Nam consequuntur sit ex sed sunt unde aut voluptate temporibus aliquam.', 1, '2025-08-07 03:49:24', '2025-08-07 03:49:24'),
	(469, 54, 1004, 3, NULL, 6, 5, NULL, NULL, 'Magnam velit voluptates perferendis quos omnis ut et officiis officia.', 1, '2025-08-07 03:49:24', '2025-08-07 03:49:24'),
	(470, 54, 1004, 4, NULL, 4, 5, NULL, NULL, 'Illum debitis esse in et qui illo quibusdam aperiam dolor placeat quasi qui aperiam at ex qui.', 1, '2025-08-07 03:49:24', '2025-08-07 03:49:24'),
	(471, 54, 1002, 3, NULL, 4, 1, NULL, NULL, 'Qui et porro alias ducimus architecto modi et nostrum porro id nihil.', 1, '2025-08-07 03:49:24', '2025-08-07 03:49:24'),
	(472, 54, 1005, 2, NULL, 6, 3, NULL, NULL, 'Hic corrupti est voluptas amet possimus placeat labore nihil voluptas debitis fugiat.', 0, '2025-08-07 03:49:24', '2025-08-07 03:49:24'),
	(473, 55, 1007, 2, NULL, 2, 1, NULL, NULL, 'Saepe hic in dolores earum quam eligendi recusandae consequatur.', 1, '2025-08-07 03:49:24', '2025-08-07 03:49:24'),
	(474, 55, 1007, 2, NULL, 3, 5, NULL, NULL, 'Necessitatibus commodi sit id eum enim minus qui reiciendis iusto molestiae nisi deserunt unde dicta est dolores.', 1, '2025-08-07 03:49:24', '2025-08-07 03:49:24'),
	(475, 55, 1002, 2, NULL, 2, 5, NULL, NULL, 'Animi dignissimos suscipit id aut a adipisci occaecati eum nulla accusamus et.', 1, '2025-08-07 03:49:24', '2025-08-07 03:49:24'),
	(476, 55, 1002, 3, NULL, 6, 4, NULL, NULL, 'Velit molestias id sunt et soluta neque magni et est ipsa voluptatibus deserunt aut.', 1, '2025-08-07 03:49:24', '2025-08-07 03:49:24'),
	(477, 55, 1006, 1, NULL, 2, 2, NULL, NULL, 'Amet sequi recusandae ea.', 1, '2025-08-07 03:49:24', '2025-08-07 03:49:24'),
	(478, 55, 1002, 2, NULL, 1, 1, NULL, NULL, 'Quod sunt rerum molestiae perspiciatis maxime dolores.', 0, '2025-08-07 03:49:24', '2025-08-07 03:49:24'),
	(479, 55, 1009, 3, NULL, 7, 5, NULL, NULL, 'Non quas fuga illum quod sed.', 1, '2025-08-07 03:49:24', '2025-08-07 03:49:24'),
	(480, 56, 1006, 1, NULL, 5, 5, NULL, NULL, 'Ut aut quasi perspiciatis doloremque perferendis ducimus eius error qui vel est eaque.', 0, '2025-08-07 03:49:24', '2025-08-07 03:49:24'),
	(481, 56, 1005, 3, NULL, 2, 1, NULL, NULL, 'Quis voluptas molestiae mollitia delectus ea aut culpa aliquid dignissimos iste natus nihil.', 1, '2025-08-07 03:49:24', '2025-08-07 03:49:24'),
	(482, 56, 1008, 2, NULL, 4, 2, NULL, NULL, 'Et veniam aliquam id et qui nihil itaque.', 1, '2025-08-07 03:49:24', '2025-08-07 03:49:24'),
	(483, 56, 1008, 1, NULL, 5, 4, NULL, NULL, 'Exercitationem autem veritatis quo voluptatibus ut rerum et.', 1, '2025-08-07 03:49:24', '2025-08-07 03:49:24'),
	(484, 56, 1004, 4, NULL, 4, 1, NULL, NULL, 'Aut recusandae illum quis.', 1, '2025-08-07 03:49:24', '2025-08-07 03:49:24'),
	(485, 56, 1006, 1, NULL, 8, 3, NULL, NULL, 'Quis eum tempora non ipsa ea et recusandae eius nesciunt nihil sit.', 1, '2025-08-07 03:49:24', '2025-08-07 03:49:24'),
	(486, 56, 1002, 1, NULL, 8, 4, NULL, NULL, 'Et est in odio natus voluptatem.', 1, '2025-08-07 03:49:24', '2025-08-07 03:49:24'),
	(487, 57, 1003, 3, NULL, 3, 3, NULL, NULL, 'Ex expedita voluptas ut porro occaecati.', 1, '2025-08-07 03:49:25', '2025-08-07 03:49:25'),
	(488, 57, 1007, 3, NULL, 2, 3, NULL, NULL, 'Officia et sint eum aspernatur et.', 1, '2025-08-07 03:49:25', '2025-08-07 03:49:25'),
	(489, 57, 1007, 3, NULL, 7, 4, NULL, NULL, 'Praesentium vitae perferendis enim sequi fuga sed deleniti est ipsam voluptatem et ab architecto et.', 1, '2025-08-07 03:49:25', '2025-08-07 03:49:25'),
	(490, 57, 1009, 2, NULL, 8, 5, NULL, NULL, 'Sit eum iste vitae sit optio error itaque corporis velit.', 1, '2025-08-07 03:49:25', '2025-08-07 03:49:25'),
	(491, 57, 1003, 4, NULL, 1, 1, NULL, NULL, 'Sapiente in ut sapiente aut qui nisi illo.', 0, '2025-08-07 03:49:25', '2025-08-07 03:49:25'),
	(492, 57, 1005, 1, NULL, 8, 4, NULL, NULL, 'Sed doloribus tempore alias doloribus ipsa sunt fugit consequatur beatae voluptate.', 1, '2025-08-07 03:49:25', '2025-08-07 03:49:25'),
	(493, 57, 1002, 4, NULL, 7, 3, NULL, NULL, 'Unde eius aliquid dicta molestias nostrum quidem ab placeat suscipit repudiandae dolorem.', 1, '2025-08-07 03:49:25', '2025-08-07 03:49:25'),
	(494, 57, 1004, 4, NULL, 1, 3, NULL, NULL, 'Dolorem exercitationem eum maxime et aut.', 1, '2025-08-07 03:49:25', '2025-08-07 03:49:25'),
	(495, 57, 1007, 4, NULL, 3, 3, NULL, NULL, 'Hic laudantium quas sequi ea quia nulla in quidem est et sed sint.', 1, '2025-08-07 03:49:25', '2025-08-07 03:49:25'),
	(496, 58, 1003, 3, NULL, 2, 5, NULL, NULL, 'Iusto error quam omnis omnis quisquam animi itaque dolor.', 1, '2025-08-07 03:49:25', '2025-08-07 03:49:25'),
	(497, 58, 1008, 2, NULL, 3, 4, NULL, NULL, 'Cupiditate tempore architecto aspernatur unde maxime nobis et voluptate minus veniam.', 1, '2025-08-07 03:49:25', '2025-08-07 03:49:25'),
	(498, 58, 1009, 4, NULL, 1, 3, NULL, NULL, 'Nihil sed nostrum voluptatem magnam laboriosam dicta porro inventore non voluptatum maxime dolor facere reprehenderit amet placeat laborum.', 1, '2025-08-07 03:49:25', '2025-08-07 03:49:25'),
	(499, 58, 1002, 2, NULL, 5, 4, NULL, NULL, 'Dolorum velit rerum sed deserunt aut amet doloremque suscipit tempore sit reprehenderit.', 1, '2025-08-07 03:49:25', '2025-08-07 03:49:25'),
	(500, 58, 1002, 4, NULL, 4, 5, NULL, NULL, 'Architecto voluptas vero sed culpa quos voluptatem atque quam est.', 1, '2025-08-07 03:49:25', '2025-08-07 03:49:25'),
	(501, 58, 1005, 4, NULL, 6, 4, NULL, NULL, 'Suscipit voluptas harum dolorem et esse nihil itaque dolores et consequuntur ad.', 0, '2025-08-07 03:49:25', '2025-08-07 03:49:25'),
	(502, 58, 1003, 2, NULL, 5, 2, NULL, NULL, 'Et aliquam temporibus nihil mollitia quia odio voluptatem tenetur.', 1, '2025-08-07 03:49:25', '2025-08-07 03:49:25'),
	(503, 58, 1005, 1, NULL, 2, 4, NULL, NULL, 'Laudantium quis voluptatem est voluptates animi.', 1, '2025-08-07 03:49:25', '2025-08-07 03:49:25'),
	(504, 58, 1005, 4, NULL, 7, 4, NULL, NULL, 'Consequuntur placeat non dolor cupiditate aspernatur quis iure sint totam praesentium libero qui aut quia fuga.', 1, '2025-08-07 03:49:25', '2025-08-07 03:49:25'),
	(505, 59, 1009, 4, NULL, 4, 2, NULL, NULL, 'Quasi omnis a cum voluptas odit qui vitae ex.', 1, '2025-08-07 03:49:25', '2025-08-07 03:49:25'),
	(506, 59, 1004, 4, NULL, 8, 5, NULL, NULL, 'Ab quisquam et ut ut qui consequuntur corrupti alias.', 1, '2025-08-07 03:49:25', '2025-08-07 03:49:25'),
	(507, 59, 1009, 1, NULL, 3, 3, NULL, NULL, 'Rem explicabo quia autem culpa rerum vero.', 1, '2025-08-07 03:49:25', '2025-08-07 03:49:25'),
	(508, 59, 1008, 2, NULL, 1, 3, NULL, NULL, 'Nihil eligendi tenetur quia enim omnis.', 1, '2025-08-07 03:49:25', '2025-08-07 03:49:25'),
	(509, 59, 1001, 3, NULL, 8, 1, NULL, NULL, 'Soluta delectus necessitatibus sunt dolores neque.', 0, '2025-08-07 03:49:25', '2025-08-07 03:49:25'),
	(510, 59, 1008, 3, NULL, 7, 5, NULL, NULL, 'Inventore quod officia minus omnis aut quod fugiat debitis ad quae quo repellendus dolorem laboriosam corrupti eligendi incidunt tempora.', 1, '2025-08-07 03:49:25', '2025-08-07 03:49:25'),
	(511, 59, 1001, 2, NULL, 8, 2, NULL, NULL, 'Maxime omnis soluta magni rerum in.', 1, '2025-08-07 03:49:25', '2025-08-07 03:49:25'),
	(512, 59, 1003, 1, NULL, 4, 3, NULL, NULL, 'Dolorem eum et consequuntur exercitationem nobis explicabo porro dolorem aliquid dolores officiis.', 1, '2025-08-07 03:49:25', '2025-08-07 03:49:25'),
	(513, 59, 1007, 1, NULL, 8, 5, NULL, NULL, 'Quidem molestiae unde iure odit.', 1, '2025-08-07 03:49:25', '2025-08-07 03:49:25'),
	(514, 59, 1007, 2, NULL, 3, 4, NULL, NULL, 'Cupiditate harum aut harum quo pariatur ut minus vero.', 1, '2025-08-07 03:49:25', '2025-08-07 03:49:25'),
	(515, 60, 1002, 2, NULL, 3, 5, NULL, NULL, 'Neque est dolores ut nihil error animi vel praesentium quas libero ipsam explicabo reiciendis culpa voluptatem dolorem.', 1, '2025-08-07 03:49:25', '2025-08-07 03:49:25'),
	(516, 60, 1004, 4, NULL, 8, 4, NULL, NULL, 'Exercitationem fugiat repellendus sed voluptatum.', 1, '2025-08-07 03:49:25', '2025-08-07 03:49:25'),
	(517, 60, 1002, 1, NULL, 7, 2, NULL, NULL, 'Enim sapiente amet quibusdam accusamus molestiae dolorum.', 1, '2025-08-07 03:49:25', '2025-08-07 03:49:25'),
	(518, 60, 1009, 1, NULL, 3, 1, NULL, NULL, 'Iure aut porro consequuntur accusantium delectus sint aut molestias eos voluptatem eum.', 1, '2025-08-07 03:49:25', '2025-08-07 03:49:25'),
	(519, 60, 1006, 3, NULL, 6, 2, NULL, NULL, 'Quia illum voluptas nihil ut error eos quo recusandae reprehenderit quae.', 1, '2025-08-07 03:49:25', '2025-08-07 03:49:25'),
	(520, 60, 1003, 1, NULL, 8, 2, NULL, NULL, 'Quasi quas qui quos asperiores perferendis aliquid et alias id.', 0, '2025-08-07 03:49:25', '2025-08-07 03:49:25'),
	(521, 60, 1003, 1, NULL, 8, 2, NULL, NULL, 'Perferendis beatae repellendus quod nihil dolores.', 0, '2025-08-07 03:49:25', '2025-08-07 03:49:25'),
	(522, 60, 1001, 3, NULL, 4, 4, NULL, NULL, 'Vel at omnis nostrum.', 1, '2025-08-07 03:49:25', '2025-08-07 03:49:25'),
	(523, 60, 1008, 1, NULL, 2, 5, NULL, NULL, 'Labore ut consequuntur iusto eaque laboriosam deserunt maiores enim laboriosam repellat et et.', 1, '2025-08-07 03:49:25', '2025-08-07 03:49:25'),
	(524, 61, 1001, 4, NULL, 6, 5, NULL, NULL, 'Adipisci aspernatur vel et eos delectus autem.', 1, '2025-08-07 03:49:25', '2025-08-07 03:49:25'),
	(525, 61, 1002, 4, NULL, 4, 3, NULL, NULL, 'Quidem omnis illo quis et et distinctio autem nostrum ipsum omnis est asperiores inventore excepturi in.', 1, '2025-08-07 03:49:25', '2025-08-07 03:49:25'),
	(526, 61, 1003, 4, NULL, 6, 3, NULL, NULL, 'Cumque sed consectetur alias quis dolorem.', 1, '2025-08-07 03:49:25', '2025-08-07 03:49:25'),
	(527, 61, 1009, 2, NULL, 5, 2, NULL, NULL, 'Eos enim ullam ea voluptatibus ut voluptate reiciendis nisi.', 0, '2025-08-07 03:49:25', '2025-08-07 03:49:25'),
	(528, 61, 1004, 4, NULL, 8, 5, NULL, NULL, 'Commodi rerum sit voluptates ut nesciunt soluta laboriosam.', 0, '2025-08-07 03:49:25', '2025-08-07 03:49:25'),
	(529, 61, 1003, 1, NULL, 6, 5, NULL, NULL, 'Aliquam dolorem doloremque corporis quisquam expedita consequatur sint ut facilis qui aut animi architecto qui et.', 0, '2025-08-07 03:49:25', '2025-08-07 03:49:25'),
	(530, 61, 1008, 3, NULL, 6, 3, NULL, NULL, 'Iusto aut quo ut quod fugiat ipsum inventore deleniti possimus non est.', 0, '2025-08-07 03:49:25', '2025-08-07 03:49:25'),
	(531, 61, 1005, 1, NULL, 7, 2, NULL, NULL, 'Aut enim incidunt excepturi consequatur quis necessitatibus enim fuga sit nobis dignissimos harum.', 0, '2025-08-07 03:49:25', '2025-08-07 03:49:25'),
	(532, 61, 1009, 4, NULL, 5, 1, NULL, NULL, 'Excepturi provident vero cum ut iste et tempora et magni eos.', 1, '2025-08-07 03:49:25', '2025-08-07 03:49:25'),
	(533, 62, 1003, 3, NULL, 7, 5, NULL, NULL, 'Corporis ut rerum sunt tenetur consequatur modi.', 1, '2025-08-07 03:49:25', '2025-08-07 03:49:25'),
	(534, 62, 1005, 4, NULL, 2, 5, NULL, NULL, 'Dolores ut veritatis aut modi corrupti odit harum sequi.', 1, '2025-08-07 03:49:25', '2025-08-07 03:49:25'),
	(535, 62, 1006, 2, NULL, 6, 2, NULL, NULL, 'Impedit unde delectus aut perspiciatis aut et non culpa cum vel quis.', 1, '2025-08-07 03:49:25', '2025-08-07 03:49:25'),
	(536, 62, 1006, 3, NULL, 2, 3, NULL, NULL, 'Et quaerat natus vero pariatur eius itaque iste est ratione dolorum eum deleniti aut est.', 1, '2025-08-07 03:49:25', '2025-08-07 03:49:25'),
	(537, 62, 1003, 3, NULL, 1, 5, NULL, NULL, 'Et blanditiis sed illum ducimus.', 1, '2025-08-07 03:49:25', '2025-08-07 03:49:25'),
	(538, 62, 1007, 4, NULL, 5, 3, NULL, NULL, 'Et autem nulla rerum veniam animi sed officia quae temporibus impedit.', 1, '2025-08-07 03:49:25', '2025-08-07 03:49:25'),
	(539, 62, 1002, 1, NULL, 2, 4, NULL, NULL, 'Similique quia repellat quod rem est non quia commodi non repellendus.', 0, '2025-08-07 03:49:25', '2025-08-07 03:49:25'),
	(540, 62, 1009, 2, NULL, 6, 5, NULL, NULL, 'A sit et sequi vero aspernatur id sed.', 1, '2025-08-07 03:49:25', '2025-08-07 03:49:25'),
	(541, 62, 1009, 4, NULL, 6, 1, NULL, NULL, 'Quod itaque rerum rerum magnam magni.', 1, '2025-08-07 03:49:25', '2025-08-07 03:49:25'),
	(542, 63, 1006, 3, NULL, 7, 4, NULL, NULL, 'Provident dolorem aperiam doloremque consectetur dolores.', 1, '2025-08-07 03:49:25', '2025-08-07 03:49:25'),
	(543, 63, 1006, 2, NULL, 5, 4, NULL, NULL, 'Optio laudantium vel vitae vero sit saepe impedit est dolorem distinctio repellendus non mollitia culpa tenetur.', 1, '2025-08-07 03:49:25', '2025-08-07 03:49:25'),
	(544, 63, 1008, 3, NULL, 4, 2, NULL, NULL, 'Qui illo non non modi fuga.', 1, '2025-08-07 03:49:25', '2025-08-07 03:49:25'),
	(545, 63, 1008, 3, NULL, 5, 1, NULL, NULL, 'Quo suscipit et excepturi et saepe et pariatur fugiat assumenda dolor pariatur eveniet.', 1, '2025-08-07 03:49:25', '2025-08-07 03:49:25'),
	(546, 63, 1001, 3, NULL, 6, 5, NULL, NULL, 'Aut occaecati dolor non impedit et quia.', 1, '2025-08-07 03:49:25', '2025-08-07 03:49:25'),
	(547, 63, 1002, 2, NULL, 7, 1, NULL, NULL, 'Quos est vero dolorum nulla.', 1, '2025-08-07 03:49:25', '2025-08-07 03:49:25'),
	(548, 63, 1003, 4, NULL, 1, 2, NULL, NULL, 'Repellendus molestiae veniam fuga sint blanditiis odit velit quia ea sed et voluptatem.', 1, '2025-08-07 03:49:25', '2025-08-07 03:49:25'),
	(549, 63, 1005, 2, NULL, 8, 5, NULL, NULL, 'Nam repellendus delectus minus delectus libero id.', 1, '2025-08-07 03:49:25', '2025-08-07 03:49:25'),
	(550, 64, 1002, 1, NULL, 2, 1, NULL, NULL, 'Explicabo odit amet velit possimus cumque expedita et voluptatum praesentium laborum.', 0, '2025-08-07 03:49:25', '2025-08-07 03:49:25'),
	(551, 64, 1007, 4, NULL, 3, 3, NULL, NULL, 'Esse iure provident voluptatem nihil.', 1, '2025-08-07 03:49:25', '2025-08-07 03:49:25'),
	(552, 64, 1002, 2, NULL, 2, 4, NULL, NULL, 'Et nemo eligendi quas et molestiae laudantium iusto.', 1, '2025-08-07 03:49:25', '2025-08-07 03:49:25'),
	(553, 64, 1001, 4, NULL, 8, 5, NULL, NULL, 'Dicta neque quam reprehenderit blanditiis sunt nam magnam magnam est est ipsam.', 1, '2025-08-07 03:49:25', '2025-08-07 03:49:25'),
	(554, 64, 1003, 2, NULL, 6, 3, NULL, NULL, 'Quod eum et sed harum sunt omnis.', 1, '2025-08-07 03:49:25', '2025-08-07 03:49:25'),
	(555, 64, 1006, 2, NULL, 6, 5, NULL, NULL, 'Et culpa similique ullam illum voluptatum expedita modi rerum quibusdam et quia et.', 1, '2025-08-07 03:49:25', '2025-08-07 03:49:25'),
	(556, 64, 1002, 4, NULL, 7, 2, NULL, NULL, 'Omnis aut tempora occaecati facere amet officiis voluptates numquam autem.', 0, '2025-08-07 03:49:25', '2025-08-07 03:49:25'),
	(557, 64, 1009, 4, NULL, 6, 1, NULL, NULL, 'Praesentium odit modi autem qui ut tenetur illum et labore ut beatae.', 1, '2025-08-07 03:49:25', '2025-08-07 03:49:25'),
	(558, 65, 1003, 3, NULL, 8, 4, NULL, NULL, 'Id rem ut autem et est quae aperiam rerum omnis veniam.', 1, '2025-08-07 03:49:25', '2025-08-07 03:49:25'),
	(559, 65, 1008, 3, NULL, 7, 1, NULL, NULL, 'Est fugit aspernatur rerum vel eos doloribus minus quisquam inventore aspernatur placeat consequatur quia voluptate.', 0, '2025-08-07 03:49:25', '2025-08-07 03:49:25'),
	(560, 65, 1009, 1, NULL, 2, 4, NULL, NULL, 'Quo dolorem quidem repellendus deserunt quos.', 1, '2025-08-07 03:49:25', '2025-08-07 03:49:25'),
	(561, 65, 1005, 1, NULL, 8, 4, NULL, NULL, 'Ad expedita saepe quisquam dicta amet ea aut dolores consequatur hic nihil rerum sed sequi fugit.', 1, '2025-08-07 03:49:25', '2025-08-07 03:49:25'),
	(562, 65, 1009, 2, NULL, 1, 3, NULL, NULL, 'Sunt amet autem eveniet nobis et sed incidunt ad aliquam.', 1, '2025-08-07 03:49:25', '2025-08-07 03:49:25'),
	(563, 65, 1007, 3, NULL, 5, 5, NULL, NULL, 'Unde molestias delectus est sed dolorem cupiditate perspiciatis.', 0, '2025-08-07 03:49:25', '2025-08-07 03:49:25'),
	(564, 65, 1003, 1, NULL, 1, 5, NULL, NULL, 'In id non labore adipisci.', 0, '2025-08-07 03:49:25', '2025-08-07 03:49:25'),
	(565, 65, 1003, 4, NULL, 8, 2, NULL, NULL, 'Non quas vero vel eaque voluptates eaque odit error sint aut ipsam beatae corporis soluta repellendus.', 1, '2025-08-07 03:49:25', '2025-08-07 03:49:25'),
	(566, 65, 1005, 1, NULL, 3, 1, NULL, NULL, 'Veritatis et cupiditate nisi cupiditate et ex voluptas vel omnis.', 1, '2025-08-07 03:49:25', '2025-08-07 03:49:25'),
	(567, 65, 1009, 4, NULL, 2, 3, NULL, NULL, 'Et adipisci enim ex impedit.', 1, '2025-08-07 03:49:25', '2025-08-07 03:49:25'),
	(568, 65, 1001, 3, NULL, 4, 4, NULL, NULL, 'Dolorum esse enim eum omnis qui alias voluptas unde eaque tenetur maxime sint sit.', 1, '2025-08-07 03:49:25', '2025-08-07 03:49:25'),
	(569, 65, 1002, 3, NULL, 8, 2, NULL, NULL, 'Sequi et repellat exercitationem excepturi ipsam sit nulla quia autem.', 1, '2025-08-07 03:49:25', '2025-08-07 03:49:25'),
	(570, 66, 1008, 2, NULL, 4, 1, NULL, NULL, 'Saepe aut dolores tempora molestiae accusamus rerum quia quo.', 1, '2025-08-07 03:49:25', '2025-08-07 03:49:25'),
	(571, 66, 1004, 3, NULL, 1, 3, NULL, NULL, 'Totam perferendis voluptatem hic id omnis laborum in quis ipsam.', 1, '2025-08-07 03:49:25', '2025-08-07 03:49:25'),
	(572, 66, 1006, 2, NULL, 2, 4, NULL, NULL, 'Illo voluptatem quia saepe repudiandae aliquam aut sunt voluptatem.', 1, '2025-08-07 03:49:25', '2025-08-07 03:49:25'),
	(573, 66, 1006, 4, NULL, 1, 2, NULL, NULL, 'Qui magni fugit consectetur vero eos iste et qui qui atque voluptas placeat est ratione velit.', 1, '2025-08-07 03:49:25', '2025-08-07 03:49:25'),
	(574, 66, 1006, 1, NULL, 2, 2, NULL, NULL, 'Ex voluptates fuga recusandae quaerat molestiae adipisci adipisci repellat.', 1, '2025-08-07 03:49:25', '2025-08-07 03:49:25'),
	(575, 67, 1006, 3, NULL, 1, 5, NULL, NULL, 'Velit qui dolorem qui molestiae dolor reiciendis asperiores voluptas quas et eligendi.', 1, '2025-08-07 03:49:25', '2025-08-07 03:49:25'),
	(576, 67, 1007, 3, NULL, 8, 1, NULL, NULL, 'Illo et deserunt unde error ipsam.', 1, '2025-08-07 03:49:25', '2025-08-07 03:49:25'),
	(577, 67, 1007, 3, NULL, 7, 3, NULL, NULL, 'Similique odit aliquam molestias est non voluptatem sunt reiciendis repellendus est sunt quis et ut deleniti similique perferendis impedit in.', 1, '2025-08-07 03:49:25', '2025-08-07 03:49:25'),
	(578, 67, 1003, 4, NULL, 5, 1, NULL, NULL, 'Quibusdam numquam nihil molestiae praesentium et quo quo.', 1, '2025-08-07 03:49:25', '2025-08-07 03:49:25'),
	(579, 67, 1006, 3, NULL, 6, 3, NULL, NULL, 'Iste excepturi neque non laborum ipsa consequatur magni dolor sunt ea nihil.', 1, '2025-08-07 03:49:25', '2025-08-07 03:49:25'),
	(580, 67, 1008, 2, NULL, 5, 3, NULL, NULL, 'Exercitationem et nihil unde et est ducimus aspernatur repellendus amet suscipit sit facilis consequatur sunt porro reprehenderit et aut omnis.', 1, '2025-08-07 03:49:25', '2025-08-07 03:49:25'),
	(581, 68, 1003, 2, NULL, 1, 1, NULL, NULL, 'Ratione sed alias alias dicta ut quia fugit aut.', 1, '2025-08-07 03:49:25', '2025-08-07 03:49:25'),
	(582, 68, 1003, 1, NULL, 2, 4, NULL, NULL, 'Sequi illo perferendis tempore distinctio nam quaerat sit quo accusantium esse.', 1, '2025-08-07 03:49:25', '2025-08-07 03:49:25'),
	(583, 68, 1002, 2, NULL, 7, 4, NULL, NULL, 'Dolore et ut alias est et.', 1, '2025-08-07 03:49:25', '2025-08-07 03:49:25'),
	(584, 68, 1002, 4, NULL, 7, 2, NULL, NULL, 'Natus dignissimos in dicta tempore totam suscipit quia voluptas earum architecto soluta impedit.', 0, '2025-08-07 03:49:25', '2025-08-07 03:49:25'),
	(585, 68, 1006, 2, NULL, 6, 1, NULL, NULL, 'Exercitationem dolores mollitia sint optio amet voluptates porro.', 1, '2025-08-07 03:49:25', '2025-08-07 03:49:25'),
	(586, 68, 1008, 2, NULL, 6, 1, NULL, NULL, 'Et similique inventore suscipit nihil fuga quos qui qui placeat inventore.', 1, '2025-08-07 03:49:25', '2025-08-07 03:49:25'),
	(587, 69, 1008, 2, NULL, 4, 1, NULL, NULL, 'Totam aut sed dolorum eaque non et in dolorem blanditiis commodi adipisci animi consequuntur voluptatem aut tempora aliquam.', 1, '2025-08-07 03:49:25', '2025-08-07 03:49:25'),
	(588, 69, 1002, 3, NULL, 5, 4, NULL, NULL, 'Nobis asperiores quae qui aut.', 1, '2025-08-07 03:49:25', '2025-08-07 03:49:25'),
	(589, 69, 1004, 4, NULL, 2, 4, NULL, NULL, 'Libero soluta quia deserunt rerum labore praesentium officia optio recusandae.', 1, '2025-08-07 03:49:25', '2025-08-07 03:49:25'),
	(590, 69, 1007, 4, NULL, 8, 2, NULL, NULL, 'Labore et voluptates et eveniet possimus rerum officia expedita quod corrupti.', 1, '2025-08-07 03:49:25', '2025-08-07 03:49:25'),
	(591, 69, 1008, 1, NULL, 5, 2, NULL, NULL, 'Ab labore tenetur expedita harum rerum enim cumque culpa hic.', 1, '2025-08-07 03:49:25', '2025-08-07 03:49:25'),
	(592, 69, 1002, 1, NULL, 4, 4, NULL, NULL, 'Consectetur eligendi praesentium ea nam sunt accusamus.', 1, '2025-08-07 03:49:25', '2025-08-07 03:49:25'),
	(593, 70, 1002, 2, NULL, 8, 3, NULL, NULL, 'Reprehenderit repellat est illum nostrum nihil repellat aut neque hic sed alias.', 1, '2025-08-07 03:49:25', '2025-08-07 03:49:25'),
	(594, 70, 1004, 1, NULL, 6, 2, NULL, NULL, 'Est asperiores minima voluptates laudantium dolor iure nam nemo.', 0, '2025-08-07 03:49:25', '2025-08-07 03:49:25'),
	(595, 70, 1006, 3, NULL, 1, 3, NULL, NULL, 'Officiis aspernatur eligendi aspernatur impedit.', 1, '2025-08-07 03:49:25', '2025-08-07 03:49:25'),
	(596, 70, 1002, 2, NULL, 3, 3, NULL, NULL, 'Non tempora vero voluptas voluptate maiores fugit neque doloribus aut nesciunt aliquam nam.', 1, '2025-08-07 03:49:25', '2025-08-07 03:49:25'),
	(597, 70, 1002, 2, NULL, 5, 3, NULL, NULL, 'Veniam tenetur quasi aliquid dolor aut doloremque rem.', 1, '2025-08-07 03:49:25', '2025-08-07 03:49:25'),
	(598, 70, 1001, 3, NULL, 2, 5, NULL, NULL, 'Est sed numquam aut praesentium qui itaque aut eum nihil earum quasi nemo eligendi vel nihil itaque.', 1, '2025-08-07 03:49:25', '2025-08-07 03:49:25'),
	(599, 70, 1003, 1, NULL, 5, 2, NULL, NULL, 'Atque suscipit fugit voluptatem nesciunt.', 0, '2025-08-07 03:49:25', '2025-08-07 03:49:25'),
	(600, 70, 1008, 3, NULL, 4, 2, NULL, NULL, 'Omnis voluptatem asperiores ut non et laborum.', 0, '2025-08-07 03:49:25', '2025-08-07 03:49:25'),
	(601, 70, 1004, 2, NULL, 8, 1, NULL, NULL, 'Sunt illo est et in cumque quisquam ut.', 1, '2025-08-07 03:49:25', '2025-08-07 03:49:25'),
	(602, 71, 1005, 4, NULL, 5, 3, NULL, NULL, 'Dolore est minima autem et vel est aliquam inventore.', 1, '2025-08-07 03:49:25', '2025-08-07 03:49:25'),
	(603, 71, 1006, 2, NULL, 2, 2, NULL, NULL, 'Natus quae eveniet ex eaque eum.', 0, '2025-08-07 03:49:25', '2025-08-07 03:49:25'),
	(604, 71, 1002, 3, NULL, 3, 5, NULL, NULL, 'Illo deserunt consequatur esse et aut molestiae accusantium ad dolor.', 1, '2025-08-07 03:49:25', '2025-08-07 03:49:25'),
	(605, 71, 1001, 3, NULL, 5, 3, NULL, NULL, 'Et corporis consequatur ut.', 1, '2025-08-07 03:49:25', '2025-08-07 03:49:25'),
	(606, 71, 1008, 2, NULL, 6, 1, NULL, NULL, 'Nulla ratione illo facere quisquam ipsam tempora est illum ut minima.', 1, '2025-08-07 03:49:25', '2025-08-07 03:49:25'),
	(607, 71, 1002, 3, NULL, 6, 2, NULL, NULL, 'Est qui doloribus itaque animi quis voluptatem veniam architecto est.', 0, '2025-08-07 03:49:25', '2025-08-07 03:49:25'),
	(608, 71, 1003, 1, NULL, 6, 2, NULL, NULL, 'Sed ipsam eveniet qui repellat voluptatem in esse voluptas et.', 1, '2025-08-07 03:49:25', '2025-08-07 03:49:25'),
	(609, 71, 1009, 4, NULL, 6, 5, NULL, NULL, 'Recusandae et quidem officia.', 0, '2025-08-07 03:49:25', '2025-08-07 03:49:25'),
	(610, 72, 1006, 2, NULL, 2, 2, NULL, NULL, 'Fugit et temporibus esse odit tempora laudantium atque qui commodi.', 1, '2025-08-07 03:49:25', '2025-08-07 03:49:25'),
	(611, 72, 1002, 3, NULL, 8, 4, NULL, NULL, 'Aut nihil et aperiam rerum sit a.', 1, '2025-08-07 03:49:25', '2025-08-07 03:49:25'),
	(612, 72, 1006, 3, NULL, 1, 4, NULL, NULL, 'Necessitatibus voluptatem quia maiores adipisci velit sit possimus similique nemo est.', 0, '2025-08-07 03:49:25', '2025-08-07 03:49:25'),
	(613, 72, 1002, 3, NULL, 1, 1, NULL, NULL, 'Dignissimos dolorum at voluptatem vero et impedit nemo odit iusto asperiores consequatur iusto.', 1, '2025-08-07 03:49:25', '2025-08-07 03:49:25'),
	(614, 72, 1004, 3, NULL, 8, 2, NULL, NULL, 'Rerum distinctio aut distinctio possimus excepturi ut sed optio qui officia dolorum tempora veritatis.', 1, '2025-08-07 03:49:25', '2025-08-07 03:49:25'),
	(615, 72, 1007, 1, NULL, 2, 3, NULL, NULL, 'Dolores qui sint illum sit velit consequuntur ipsa quisquam quas.', 1, '2025-08-07 03:49:25', '2025-08-07 03:49:25'),
	(616, 72, 1002, 2, NULL, 1, 3, NULL, NULL, 'Odit nihil expedita est perferendis consequatur tempore numquam non cumque odit perspiciatis vero sed sunt tempora harum illum.', 1, '2025-08-07 03:49:25', '2025-08-07 03:49:25'),
	(617, 72, 1005, 1, NULL, 1, 3, NULL, NULL, 'Sunt harum aut eos itaque eum dolor veritatis magnam ut facere non et aperiam occaecati odit consequuntur vero.', 0, '2025-08-07 03:49:25', '2025-08-07 03:49:25'),
	(618, 72, 1004, 3, NULL, 2, 2, NULL, NULL, 'Facilis vitae dolorum id sint laborum a eum vitae ut aut cupiditate impedit voluptas odit voluptas.', 1, '2025-08-07 03:49:25', '2025-08-07 03:49:25'),
	(619, 73, 1003, 1, NULL, 8, 3, NULL, NULL, 'Corrupti non laborum necessitatibus et est.', 1, '2025-08-07 03:49:25', '2025-08-07 03:49:25'),
	(620, 73, 1009, 3, NULL, 8, 5, NULL, NULL, 'Quaerat aliquam dignissimos possimus id ullam harum placeat porro sint odio.', 1, '2025-08-07 03:49:25', '2025-08-07 03:49:25'),
	(621, 73, 1005, 4, NULL, 5, 3, NULL, NULL, 'Velit aliquam ratione ut sed et quia vel aut recusandae sunt excepturi et.', 1, '2025-08-07 03:49:25', '2025-08-07 03:49:25'),
	(622, 73, 1002, 1, NULL, 2, 5, NULL, NULL, 'Aut nihil hic recusandae laboriosam nulla aut vel recusandae placeat voluptas aliquid aperiam rerum.', 1, '2025-08-07 03:49:25', '2025-08-07 03:49:25'),
	(623, 73, 1006, 2, NULL, 1, 2, NULL, NULL, 'Saepe repudiandae rem enim vel assumenda reiciendis est pariatur veniam dicta saepe nisi temporibus reiciendis soluta error itaque.', 1, '2025-08-07 03:49:25', '2025-08-07 03:49:25'),
	(624, 73, 1006, 1, NULL, 1, 5, NULL, NULL, 'Iusto doloremque quia dicta ut saepe recusandae pariatur ut fuga quas rerum vel.', 1, '2025-08-07 03:49:25', '2025-08-07 03:49:25'),
	(625, 73, 1005, 4, NULL, 1, 5, NULL, NULL, 'Ex ipsum distinctio aut in omnis aut adipisci quasi.', 1, '2025-08-07 03:49:25', '2025-08-07 03:49:25'),
	(626, 73, 1009, 2, NULL, 8, 5, NULL, NULL, 'Accusamus sed deleniti accusamus est neque eum aliquid tenetur doloribus odio enim itaque delectus ab est.', 1, '2025-08-07 03:49:25', '2025-08-07 03:49:25'),
	(627, 73, 1005, 1, NULL, 1, 3, NULL, NULL, 'Et explicabo qui at iure aliquam alias.', 1, '2025-08-07 03:49:25', '2025-08-07 03:49:25'),
	(628, 73, 1008, 4, NULL, 5, 4, NULL, NULL, 'Quia rerum repellat quidem.', 1, '2025-08-07 03:49:25', '2025-08-07 03:49:25'),
	(629, 74, 1001, 3, NULL, 3, 4, NULL, NULL, 'Aliquid non nesciunt est placeat eos sunt dolores consectetur aliquid.', 0, '2025-08-07 03:49:25', '2025-08-07 03:49:25'),
	(630, 74, 1009, 2, NULL, 7, 1, NULL, NULL, 'Eveniet mollitia perspiciatis molestias.', 0, '2025-08-07 03:49:25', '2025-08-07 03:49:25'),
	(631, 74, 1004, 1, NULL, 2, 1, NULL, NULL, 'Laborum aut dolorum veniam numquam sint quos autem assumenda possimus et.', 1, '2025-08-07 03:49:25', '2025-08-07 03:49:25'),
	(632, 74, 1006, 2, NULL, 3, 5, NULL, NULL, 'Aut expedita natus quam ipsum cum nulla nihil ratione dolorem.', 0, '2025-08-07 03:49:25', '2025-08-07 03:49:25'),
	(633, 74, 1001, 4, NULL, 1, 1, NULL, NULL, 'Pariatur aut distinctio ut consectetur quis.', 1, '2025-08-07 03:49:25', '2025-08-07 03:49:25'),
	(634, 74, 1006, 2, NULL, 6, 1, NULL, NULL, 'Illum non repellendus saepe fugit ea porro quia.', 1, '2025-08-07 03:49:25', '2025-08-07 03:49:25'),
	(635, 74, 1008, 1, NULL, 8, 5, NULL, NULL, 'Rerum autem voluptas eveniet at et voluptatem.', 1, '2025-08-07 03:49:25', '2025-08-07 03:49:25'),
	(636, 74, 1004, 4, NULL, 7, 4, NULL, NULL, 'Sed modi ullam ipsa doloremque suscipit dolorum neque voluptate qui.', 1, '2025-08-07 03:49:25', '2025-08-07 03:49:25'),
	(637, 75, 1008, 4, NULL, 4, 3, NULL, NULL, 'Qui velit molestiae consectetur et molestiae quia placeat eveniet libero tenetur.', 1, '2025-08-07 03:49:26', '2025-08-07 03:49:26'),
	(638, 75, 1007, 3, NULL, 2, 5, NULL, NULL, 'Consequatur neque cum consequuntur magnam quam consequatur dolores et dolores.', 0, '2025-08-07 03:49:26', '2025-08-07 03:49:26'),
	(639, 75, 1008, 2, NULL, 3, 3, NULL, NULL, 'Quia blanditiis reiciendis explicabo enim ut qui.', 1, '2025-08-07 03:49:26', '2025-08-07 03:49:26'),
	(640, 75, 1007, 1, NULL, 6, 4, NULL, NULL, 'Omnis provident accusantium quod est rerum consequatur omnis voluptates.', 1, '2025-08-07 03:49:26', '2025-08-07 03:49:26'),
	(641, 75, 1005, 2, NULL, 8, 3, NULL, NULL, 'Occaecati aut adipisci sunt inventore repellendus.', 1, '2025-08-07 03:49:26', '2025-08-07 03:49:26'),
	(642, 75, 1001, 1, NULL, 4, 4, NULL, NULL, 'Eligendi et labore veniam aut.', 1, '2025-08-07 03:49:26', '2025-08-07 03:49:26'),
	(643, 75, 1001, 2, NULL, 7, 5, NULL, NULL, 'Asperiores repellat corrupti quisquam praesentium deserunt recusandae dolore consequatur minus adipisci ea eligendi a voluptatum.', 0, '2025-08-07 03:49:26', '2025-08-07 03:49:26'),
	(644, 75, 1009, 3, NULL, 5, 3, NULL, NULL, 'Quae nesciunt reprehenderit alias sed sit sed quos rerum blanditiis quo voluptas consequatur vero delectus.', 1, '2025-08-07 03:49:26', '2025-08-07 03:49:26'),
	(645, 76, 1003, 2, NULL, 1, 4, NULL, NULL, 'Enim et nesciunt ea quos sunt nesciunt molestiae et ea qui.', 1, '2025-08-07 03:49:26', '2025-08-07 03:49:26'),
	(646, 76, 1007, 4, NULL, 1, 1, NULL, NULL, 'Sit rem voluptas voluptas maiores.', 1, '2025-08-07 03:49:26', '2025-08-07 03:49:26'),
	(647, 76, 1006, 1, NULL, 7, 3, NULL, NULL, 'Exercitationem quis voluptatem ratione et et sunt corrupti.', 1, '2025-08-07 03:49:26', '2025-08-07 03:49:26'),
	(648, 76, 1007, 1, NULL, 8, 4, NULL, NULL, 'Ut voluptatem nobis voluptas totam qui.', 1, '2025-08-07 03:49:26', '2025-08-07 03:49:26'),
	(649, 76, 1001, 1, NULL, 8, 2, NULL, NULL, 'Minima voluptatum ad deserunt non rerum debitis quis sunt magni cumque ut eos maxime fugit possimus.', 1, '2025-08-07 03:49:26', '2025-08-07 03:49:26'),
	(650, 76, 1004, 2, NULL, 2, 5, NULL, NULL, 'Doloribus aspernatur aperiam autem.', 1, '2025-08-07 03:49:26', '2025-08-07 03:49:26'),
	(651, 76, 1002, 4, NULL, 1, 5, NULL, NULL, 'Atque et asperiores et sint provident error maxime possimus.', 1, '2025-08-07 03:49:26', '2025-08-07 03:49:26'),
	(652, 77, 1003, 4, NULL, 5, 3, NULL, NULL, 'Mollitia ex maiores quia ut quia a aliquam.', 0, '2025-08-07 03:49:26', '2025-08-07 03:49:26'),
	(653, 77, 1001, 4, NULL, 1, 3, NULL, NULL, 'Qui expedita sed rem molestiae in dolor deleniti aliquid.', 1, '2025-08-07 03:49:26', '2025-08-07 03:49:26'),
	(654, 77, 1003, 4, NULL, 2, 2, NULL, NULL, 'Corrupti et placeat reprehenderit nesciunt laboriosam non sunt dolorem voluptas velit culpa quam totam.', 0, '2025-08-07 03:49:26', '2025-08-07 03:49:26'),
	(655, 77, 1002, 3, NULL, 3, 4, NULL, NULL, 'Vitae sed culpa soluta cumque ut pariatur voluptatum.', 1, '2025-08-07 03:49:26', '2025-08-07 03:49:26'),
	(656, 77, 1001, 3, NULL, 4, 4, NULL, NULL, 'Praesentium quas harum expedita dolorum ex est.', 1, '2025-08-07 03:49:26', '2025-08-07 03:49:26'),
	(657, 78, 1006, 1, NULL, 4, 5, NULL, NULL, 'Error inventore dolores aut nesciunt libero dolorem.', 1, '2025-08-07 03:49:26', '2025-08-07 03:49:26'),
	(658, 78, 1009, 1, NULL, 6, 2, NULL, NULL, 'Sunt sunt iste in esse beatae minus ut perspiciatis officia.', 1, '2025-08-07 03:49:26', '2025-08-07 03:49:26'),
	(659, 78, 1007, 1, NULL, 4, 3, NULL, NULL, 'Eius non omnis eos sed fugiat nisi autem quos.', 1, '2025-08-07 03:49:26', '2025-08-07 03:49:26'),
	(660, 78, 1006, 4, NULL, 7, 4, NULL, NULL, 'Corrupti voluptas quisquam nihil sunt consequatur officia sunt unde ut commodi eos in tempore consequuntur ab blanditiis quaerat voluptatem.', 1, '2025-08-07 03:49:26', '2025-08-07 03:49:26'),
	(661, 78, 1004, 2, NULL, 1, 3, NULL, NULL, 'Unde aut nihil et est et in nemo excepturi.', 1, '2025-08-07 03:49:26', '2025-08-07 03:49:26'),
	(662, 78, 1009, 1, NULL, 3, 1, NULL, NULL, 'Voluptas nihil omnis numquam laudantium reiciendis repellendus ratione.', 1, '2025-08-07 03:49:26', '2025-08-07 03:49:26'),
	(663, 78, 1003, 4, NULL, 2, 4, NULL, NULL, 'Veritatis animi dolores voluptas porro placeat alias ducimus consequatur maxime porro ut veritatis.', 1, '2025-08-07 03:49:26', '2025-08-07 03:49:26'),
	(664, 78, 1005, 3, NULL, 6, 4, NULL, NULL, 'Voluptate laudantium delectus veritatis alias corporis maiores eos temporibus voluptas voluptatem in incidunt at ut vero.', 0, '2025-08-07 03:49:26', '2025-08-07 03:49:26'),
	(665, 78, 1004, 2, NULL, 4, 4, NULL, NULL, 'Occaecati accusamus fuga et et autem dolor nulla magni accusantium omnis.', 1, '2025-08-07 03:49:26', '2025-08-07 03:49:26'),
	(666, 79, 1009, 1, NULL, 4, 4, NULL, NULL, 'Fuga dolorem et odit blanditiis sit in alias voluptatem facilis et eveniet sunt sapiente animi impedit quam nisi.', 1, '2025-08-07 03:49:26', '2025-08-07 03:49:26'),
	(667, 79, 1009, 3, NULL, 5, 2, NULL, NULL, 'Est quis necessitatibus enim suscipit quam.', 1, '2025-08-07 03:49:26', '2025-08-07 03:49:26'),
	(668, 79, 1002, 2, NULL, 6, 1, NULL, NULL, 'Amet asperiores est maxime ab veniam est natus a exercitationem pariatur perspiciatis.', 1, '2025-08-07 03:49:26', '2025-08-07 03:49:26'),
	(669, 79, 1009, 3, NULL, 8, 4, NULL, NULL, 'Similique omnis ipsum illo corrupti nihil et est est dolores rerum.', 0, '2025-08-07 03:49:26', '2025-08-07 03:49:26'),
	(670, 79, 1007, 2, NULL, 6, 1, NULL, NULL, 'Et ut deleniti nihil ipsum soluta quaerat.', 1, '2025-08-07 03:49:26', '2025-08-07 03:49:26'),
	(671, 79, 1005, 1, NULL, 6, 4, NULL, NULL, 'Voluptas vel ducimus porro porro consectetur necessitatibus laboriosam aliquid rerum doloremque ad amet vel repellendus et quam.', 1, '2025-08-07 03:49:26', '2025-08-07 03:49:26'),
	(672, 79, 1002, 4, NULL, 7, 4, NULL, NULL, 'Ipsum odio voluptatibus nostrum.', 1, '2025-08-07 03:49:26', '2025-08-07 03:49:26'),
	(673, 79, 1007, 1, NULL, 5, 4, NULL, NULL, 'Eligendi doloribus iusto quam quaerat sit blanditiis aut et.', 1, '2025-08-07 03:49:26', '2025-08-07 03:49:26'),
	(674, 79, 1002, 3, NULL, 4, 2, NULL, NULL, 'Aut qui quaerat quis eum earum tempore commodi et porro dolor autem minima in iusto libero.', 1, '2025-08-07 03:49:26', '2025-08-07 03:49:26'),
	(675, 79, 1001, 2, NULL, 3, 1, NULL, NULL, 'Nulla ipsum sit at voluptatum sunt aut deleniti dolorem aut.', 1, '2025-08-07 03:49:26', '2025-08-07 03:49:26'),
	(676, 79, 1005, 4, NULL, 6, 5, NULL, NULL, 'Accusamus autem est incidunt non impedit est qui at numquam ad est.', 1, '2025-08-07 03:49:26', '2025-08-07 03:49:26'),
	(677, 80, 1003, 4, NULL, 2, 3, NULL, NULL, 'Omnis corporis in consectetur iste.', 1, '2025-08-07 03:49:26', '2025-08-07 03:49:26'),
	(678, 80, 1006, 4, NULL, 3, 5, NULL, NULL, 'Et saepe nam maxime ut illum aut.', 1, '2025-08-07 03:49:26', '2025-08-07 03:49:26'),
	(679, 80, 1002, 3, NULL, 3, 5, NULL, NULL, 'Quod molestiae sit beatae et id ut corrupti consequatur aut.', 1, '2025-08-07 03:49:26', '2025-08-07 03:49:26'),
	(680, 80, 1001, 1, NULL, 4, 5, NULL, NULL, 'Et natus ducimus est natus quos.', 0, '2025-08-07 03:49:26', '2025-08-07 03:49:26'),
	(681, 80, 1009, 1, NULL, 1, 3, NULL, NULL, 'Architecto eveniet quisquam id quia alias totam amet iure dolore voluptates hic est et aliquid ut deserunt nemo quis.', 1, '2025-08-07 03:49:26', '2025-08-07 03:49:26'),
	(682, 80, 1009, 4, NULL, 3, 5, NULL, NULL, 'Eos repellendus omnis architecto beatae.', 0, '2025-08-07 03:49:26', '2025-08-07 03:49:26'),
	(683, 80, 1007, 4, NULL, 5, 3, NULL, NULL, 'Error cum soluta aliquid placeat facere ut libero et.', 1, '2025-08-07 03:49:26', '2025-08-07 03:49:26'),
	(684, 80, 1007, 3, NULL, 3, 4, NULL, NULL, 'Id qui delectus voluptatem.', 1, '2025-08-07 03:49:26', '2025-08-07 03:49:26'),
	(685, 80, 1004, 1, NULL, 2, 2, NULL, NULL, 'Rerum et quibusdam reprehenderit et eveniet.', 1, '2025-08-07 03:49:26', '2025-08-07 03:49:26'),
	(686, 81, 1004, 1, NULL, 5, 2, NULL, NULL, 'Iste tempore quam repudiandae ut hic cupiditate repudiandae.', 0, '2025-08-07 03:49:26', '2025-08-07 03:49:26'),
	(687, 81, 1009, 2, NULL, 2, 1, NULL, NULL, 'Repellendus dolor excepturi modi voluptate nostrum amet eaque sunt numquam unde quasi nesciunt.', 1, '2025-08-07 03:49:26', '2025-08-07 03:49:26'),
	(688, 81, 1005, 2, NULL, 2, 1, NULL, NULL, 'Et dolor dolores deserunt aut explicabo voluptas quia sit asperiores ipsum cupiditate omnis est est.', 1, '2025-08-07 03:49:26', '2025-08-07 03:49:26'),
	(689, 81, 1009, 2, NULL, 5, 4, NULL, NULL, 'Et occaecati tempore quam totam voluptates ea id placeat.', 1, '2025-08-07 03:49:26', '2025-08-07 03:49:26'),
	(690, 81, 1006, 1, NULL, 5, 2, NULL, NULL, 'Voluptatem rerum consectetur sint aperiam sunt ut.', 1, '2025-08-07 03:49:26', '2025-08-07 03:49:26');

-- Dumping structure for table topcommerce.product_tags
DROP TABLE IF EXISTS `product_tags`;
CREATE TABLE IF NOT EXISTS `product_tags` (
  `product_id` bigint(20) unsigned NOT NULL,
  `tag_id` bigint(20) unsigned NOT NULL,
  PRIMARY KEY (`product_id`,`tag_id`),
  KEY `product_tags_tag_id_foreign` (`tag_id`),
  CONSTRAINT `product_tags_product_id_foreign` FOREIGN KEY (`product_id`) REFERENCES `products` (`id`) ON DELETE CASCADE,
  CONSTRAINT `product_tags_tag_id_foreign` FOREIGN KEY (`tag_id`) REFERENCES `tags` (`id`) ON DELETE CASCADE
) ENGINE=InnoDB DEFAULT CHARSET=utf8mb4 COLLATE=utf8mb4_unicode_ci;

-- Dumping data for table topcommerce.product_tags: ~239 rows (approximately)
DELETE FROM `product_tags`;
INSERT INTO `product_tags` (`product_id`, `tag_id`) VALUES
	(1, 2),
	(1, 10),
	(1, 15),
	(1, 29),
	(2, 4),
	(2, 29),
	(3, 14),
	(3, 18),
	(3, 23),
	(4, 10),
	(4, 11),
	(4, 13),
	(4, 16),
	(5, 1),
	(5, 17),
	(5, 19),
	(6, 17),
	(6, 20),
	(7, 5),
	(7, 9),
	(8, 5),
	(8, 12),
	(8, 16),
	(8, 23),
	(9, 17),
	(9, 21),
	(9, 29),
	(10, 1),
	(10, 4),
	(10, 12),
	(10, 25),
	(11, 11),
	(11, 14),
	(11, 17),
	(11, 27),
	(12, 4),
	(12, 11),
	(12, 12),
	(12, 23),
	(13, 8),
	(13, 22),
	(13, 26),
	(14, 5),
	(14, 12),
	(14, 13),
	(14, 22),
	(15, 1),
	(15, 24),
	(16, 20),
	(16, 21),
	(16, 28),
	(17, 3),
	(17, 16),
	(17, 21),
	(17, 27),
	(18, 1),
	(18, 3),
	(18, 13),
	(18, 19),
	(19, 11),
	(19, 13),
	(19, 16),
	(19, 30),
	(20, 4),
	(20, 18),
	(21, 3),
	(21, 14),
	(21, 22),
	(22, 2),
	(22, 18),
	(22, 29),
	(23, 14),
	(23, 22),
	(24, 7),
	(24, 19),
	(24, 23),
	(24, 28),
	(25, 5),
	(25, 19),
	(25, 20),
	(25, 26),
	(26, 3),
	(26, 18),
	(26, 23),
	(27, 18),
	(27, 20),
	(27, 22),
	(27, 29),
	(28, 6),
	(28, 9),
	(28, 21),
	(29, 7),
	(29, 29),
	(30, 9),
	(30, 27),
	(31, 1),
	(31, 17),
	(31, 24),
	(32, 23),
	(32, 26),
	(33, 1),
	(33, 3),
	(33, 5),
	(33, 20),
	(34, 1),
	(34, 2),
	(34, 29),
	(35, 7),
	(35, 27),
	(36, 10),
	(36, 25),
	(36, 30),
	(37, 14),
	(37, 24),
	(38, 17),
	(38, 21),
	(39, 2),
	(39, 4),
	(40, 3),
	(40, 10),
	(40, 12),
	(41, 18),
	(41, 22),
	(42, 6),
	(42, 30),
	(43, 6),
	(43, 26),
	(43, 29),
	(44, 3),
	(44, 4),
	(44, 9),
	(44, 26),
	(45, 20),
	(45, 22),
	(45, 26),
	(46, 6),
	(46, 18),
	(46, 29),
	(47, 9),
	(47, 26),
	(48, 5),
	(48, 26),
	(49, 4),
	(49, 13),
	(49, 20),
	(49, 21),
	(50, 17),
	(50, 25),
	(50, 27),
	(51, 6),
	(51, 18),
	(52, 1),
	(52, 14),
	(53, 11),
	(53, 14),
	(53, 19),
	(54, 6),
	(54, 9),
	(54, 16),
	(55, 3),
	(55, 4),
	(55, 11),
	(55, 26),
	(56, 10),
	(56, 20),
	(56, 26),
	(56, 30),
	(57, 3),
	(57, 13),
	(57, 16),
	(57, 27),
	(58, 11),
	(58, 19),
	(58, 21),
	(58, 27),
	(59, 6),
	(59, 10),
	(59, 24),
	(60, 10),
	(60, 21),
	(61, 8),
	(61, 13),
	(61, 19),
	(62, 21),
	(62, 27),
	(63, 5),
	(63, 16),
	(63, 30),
	(64, 11),
	(64, 22),
	(65, 6),
	(65, 13),
	(65, 15),
	(65, 27),
	(66, 8),
	(66, 18),
	(66, 25),
	(67, 10),
	(67, 27),
	(68, 3),
	(68, 5),
	(68, 29),
	(69, 3),
	(69, 5),
	(69, 7),
	(69, 26),
	(70, 13),
	(70, 14),
	(70, 20),
	(71, 8),
	(71, 16),
	(72, 13),
	(72, 18),
	(72, 19),
	(72, 22),
	(73, 19),
	(73, 29),
	(74, 4),
	(74, 13),
	(75, 13),
	(75, 16),
	(75, 18),
	(76, 7),
	(76, 19),
	(77, 8),
	(77, 13),
	(78, 14),
	(78, 15),
	(79, 3),
	(79, 7),
	(79, 26),
	(80, 5),
	(80, 7),
	(80, 26),
	(80, 30),
	(81, 5),
	(81, 8),
	(81, 11),
	(81, 23);

-- Dumping structure for table topcommerce.product_tax
DROP TABLE IF EXISTS `product_tax`;
CREATE TABLE IF NOT EXISTS `product_tax` (
  `id` bigint(20) unsigned NOT NULL AUTO_INCREMENT,
  `product_id` bigint(20) unsigned NOT NULL,
  `tax_id` bigint(20) unsigned NOT NULL,
  PRIMARY KEY (`id`),
  KEY `product_tax_product_id_foreign` (`product_id`),
  KEY `product_tax_tax_id_foreign` (`tax_id`),
  CONSTRAINT `product_tax_product_id_foreign` FOREIGN KEY (`product_id`) REFERENCES `products` (`id`) ON DELETE CASCADE,
  CONSTRAINT `product_tax_tax_id_foreign` FOREIGN KEY (`tax_id`) REFERENCES `taxes` (`id`) ON DELETE CASCADE
) ENGINE=InnoDB AUTO_INCREMENT=129 DEFAULT CHARSET=utf8mb4 COLLATE=utf8mb4_unicode_ci;

-- Dumping data for table topcommerce.product_tax: ~128 rows (approximately)
DELETE FROM `product_tax`;
INSERT INTO `product_tax` (`id`, `product_id`, `tax_id`) VALUES
	(1, 1, 2),
	(2, 1, 3),
	(3, 2, 4),
	(4, 2, 6),
	(5, 3, 2),
	(6, 3, 1),
	(7, 4, 3),
	(8, 4, 5),
	(9, 5, 5),
	(10, 5, 3),
	(11, 6, 3),
	(12, 7, 4),
	(13, 8, 3),
	(14, 8, 6),
	(15, 9, 6),
	(16, 9, 3),
	(17, 10, 3),
	(18, 10, 1),
	(19, 11, 2),
	(20, 11, 3),
	(21, 12, 3),
	(22, 12, 5),
	(23, 13, 6),
	(24, 14, 4),
	(25, 14, 1),
	(26, 15, 2),
	(27, 15, 1),
	(28, 16, 1),
	(29, 16, 5),
	(30, 17, 1),
	(31, 18, 1),
	(32, 19, 2),
	(33, 19, 1),
	(34, 20, 4),
	(35, 20, 1),
	(36, 21, 2),
	(37, 22, 3),
	(38, 22, 5),
	(39, 23, 1),
	(40, 23, 2),
	(41, 24, 1),
	(42, 24, 4),
	(43, 25, 4),
	(44, 25, 1),
	(45, 26, 1),
	(46, 27, 5),
	(47, 27, 3),
	(48, 28, 4),
	(49, 28, 2),
	(50, 29, 6),
	(51, 29, 2),
	(52, 30, 5),
	(53, 31, 5),
	(54, 31, 1),
	(55, 32, 2),
	(56, 33, 3),
	(57, 33, 5),
	(58, 34, 6),
	(59, 34, 2),
	(60, 35, 3),
	(61, 36, 3),
	(62, 36, 2),
	(63, 37, 2),
	(64, 37, 5),
	(65, 38, 1),
	(66, 39, 6),
	(67, 39, 3),
	(68, 40, 6),
	(69, 41, 3),
	(70, 42, 2),
	(71, 43, 5),
	(72, 43, 2),
	(73, 44, 5),
	(74, 44, 4),
	(75, 45, 5),
	(76, 46, 1),
	(77, 46, 2),
	(78, 47, 6),
	(79, 48, 3),
	(80, 48, 6),
	(81, 49, 2),
	(82, 49, 4),
	(83, 50, 1),
	(84, 50, 6),
	(85, 51, 5),
	(86, 51, 4),
	(87, 52, 2),
	(88, 53, 6),
	(89, 53, 3),
	(90, 54, 1),
	(91, 55, 5),
	(92, 56, 4),
	(93, 56, 3),
	(94, 57, 2),
	(95, 58, 3),
	(96, 58, 1),
	(97, 59, 6),
	(98, 59, 2),
	(99, 60, 5),
	(100, 61, 5),
	(101, 62, 6),
	(102, 62, 1),
	(103, 63, 3),
	(104, 63, 6),
	(105, 64, 1),
	(106, 65, 6),
	(107, 65, 3),
	(108, 66, 2),
	(109, 67, 3),
	(110, 68, 1),
	(111, 69, 5),
	(112, 69, 1),
	(113, 70, 1),
	(114, 71, 2),
	(115, 72, 4),
	(116, 73, 1),
	(117, 73, 2),
	(118, 74, 2),
	(119, 75, 3),
	(120, 76, 1),
	(121, 77, 3),
	(122, 77, 6),
	(123, 78, 1),
	(124, 78, 5),
	(125, 79, 6),
	(126, 80, 3),
	(127, 81, 5),
	(128, 81, 6);

-- Dumping structure for table topcommerce.product_tos
DROP TABLE IF EXISTS `product_tos`;
CREATE TABLE IF NOT EXISTS `product_tos` (
  `id` bigint(20) unsigned NOT NULL AUTO_INCREMENT,
  `vendor_id` bigint(20) unsigned DEFAULT NULL,
  `question` varchar(255) NOT NULL,
  `answer` text DEFAULT NULL,
  `status` tinyint(1) NOT NULL DEFAULT 1,
  `created_at` timestamp NULL DEFAULT NULL,
  `updated_at` timestamp NULL DEFAULT NULL,
  PRIMARY KEY (`id`)
) ENGINE=InnoDB AUTO_INCREMENT=9 DEFAULT CHARSET=utf8mb4 COLLATE=utf8mb4_unicode_ci;

-- Dumping data for table topcommerce.product_tos: ~8 rows (approximately)
DELETE FROM `product_tos`;
INSERT INTO `product_tos` (`id`, `vendor_id`, `question`, `answer`, `status`, `created_at`, `updated_at`) VALUES
	(1, NULL, 'iusto maiores veniam autem quia', 'nisi expedita neque qui dolorem omnis fuga et commodi eligendi natus autem deserunt possimus dolor fuga nemo voluptatem ad delectus fuga sit amet reprehenderit consequatur', 1, '2025-08-07 03:49:21', '2025-08-07 03:49:21'),
	(2, NULL, 'minima vel autem', 'in eius consequuntur in eius nam vel nam omnis omnis nihil et aliquid debitis et molestiae impedit voluptatem atque eveniet ut autem repellendus harum vel et perspiciatis vero odio est accusamus itaque aut quia iusto nesciunt deserunt a veritatis minima ea voluptatem quibusdam repellat qui sint aut', 1, '2025-08-07 03:49:21', '2025-08-07 03:49:21'),
	(3, NULL, 'quia voluptatem ab non', 'odit perferendis qui nam hic quas quia consequatur expedita sit magnam commodi asperiores et autem reiciendis occaecati earum error aut consectetur voluptas consequatur laboriosam qui dolorem sapiente odio eaque similique assumenda at voluptas quaerat aut dignissimos', 1, '2025-08-07 03:49:21', '2025-08-07 03:49:21'),
	(4, NULL, 'sapiente reprehenderit maiores natus voluptatem', 'non voluptatem cumque ut optio praesentium laudantium laboriosam illo eum explicabo non illo optio nam vel nihil vel consectetur temporibus', 1, '2025-08-07 03:49:21', '2025-08-07 03:49:21'),
	(5, NULL, 'earum necessitatibus et', 'iusto ea veritatis distinctio eum quibusdam ab dolore voluptatibus impedit sequi ratione ut consequuntur iusto et vel soluta animi soluta quis velit enim laboriosam quia repudiandae', 1, '2025-08-07 03:49:21', '2025-08-07 03:49:21'),
	(6, NULL, 'sit veniam eveniet est in', 'provident exercitationem molestiae nisi neque et error corrupti at quisquam quis assumenda sapiente iste voluptatem eligendi id quis molestiae illum et dolorem quasi itaque officiis eveniet perferendis fuga est autem maiores voluptas est a sit', 1, '2025-08-07 03:49:21', '2025-08-07 03:49:21'),
	(7, NULL, 'autem id asperiores vel', 'sint nihil aut consequatur qui tempore et ipsum maxime delectus quod debitis quia nesciunt ab error fuga in excepturi sed vel officiis qui saepe nesciunt sit quasi fugiat rerum laudantium aut sunt eaque quia inventore sequi molestiae dolorum cum natus', 1, '2025-08-07 03:49:21', '2025-08-07 03:49:21'),
	(8, NULL, 'voluptates optio iusto sunt', 'velit molestias alias et distinctio sint libero vel assumenda ea dolor omnis blanditiis veniam aperiam voluptas id ad aut doloribus ut dignissimos veritatis velit temporibus fugiat alias distinctio dolore quis in quasi et ad eaque qui', 1, '2025-08-07 03:49:21', '2025-08-07 03:49:21');

-- Dumping structure for table topcommerce.product_translations
DROP TABLE IF EXISTS `product_translations`;
CREATE TABLE IF NOT EXISTS `product_translations` (
  `id` int(10) unsigned NOT NULL AUTO_INCREMENT,
  `product_id` bigint(20) unsigned NOT NULL,
  `lang_code` varchar(255) NOT NULL,
  `name` varchar(255) NOT NULL,
  `description` longtext NOT NULL,
  `short_description` text DEFAULT NULL,
  `seo_title` text DEFAULT NULL,
  `seo_description` text DEFAULT NULL,
  PRIMARY KEY (`id`),
  KEY `product_translations_product_id_foreign` (`product_id`),
  CONSTRAINT `product_translations_product_id_foreign` FOREIGN KEY (`product_id`) REFERENCES `products` (`id`) ON DELETE CASCADE
) ENGINE=InnoDB AUTO_INCREMENT=163 DEFAULT CHARSET=utf8mb4 COLLATE=utf8mb4_unicode_ci;

-- Dumping data for table topcommerce.product_translations: ~162 rows (approximately)
DELETE FROM `product_translations`;
INSERT INTO `product_translations` (`id`, `product_id`, `lang_code`, `name`, `description`, `short_description`, `seo_title`, `seo_description`) VALUES
	(1, 1, 'en', 'Cotton Long Sleeve Shirt', 'Delectus veritatis velit quidem veniam laboriosam accusantium optio. Ut et eveniet enim. Laboriosam aut cumque minima voluptatem itaque. Quaerat ea placeat et quae.\n\nAnimi eligendi at incidunt quae aut impedit. Laudantium cum et et aut. Tempore dolorem minus dolores magni dolor cum. Saepe rem nulla autem. Est enim voluptate dignissimos maiores voluptatum est aut.\n\nSed accusamus voluptas voluptatum pariatur odit ipsum. Consequatur saepe quod earum molestias sed.\n\nEst minima at saepe dolores. Quaerat est iusto perspiciatis eveniet suscipit. Labore quia rerum quisquam dolorem.\n\nPorro ab qui velit est. Labore repellendus aut eaque qui sit. Tempora ipsa laborum accusamus est.\n\nAut placeat et quis voluptates hic dolorem ipsum. Quisquam reiciendis error itaque laudantium quo incidunt sit. Accusamus consequuntur molestiae modi animi dolor placeat. Non ipsa earum molestiae vitae sed.\n\nNesciunt soluta quia ullam nam minus debitis facilis. Tenetur quia eveniet dolore perferendis illo excepturi repellat. Eum doloribus quas velit sunt quaerat maiores assumenda. Nulla et sed sed sed consequatur.', 'Necessitatibus sit a tenetur atque a optio itaque architecto consequatur dolorem quas nihil temporibus.', 'SEO Title 1 - English', 'SEO Description for 1 in English.'),
	(2, 1, 'ar', 'Cotton Long Sleeve Shirt', 'Magni quasi quia tenetur dolore alias. Quo nam enim assumenda quis maiores minus. Consequatur voluptates recusandae dolor in. Aut quidem esse soluta aut doloremque.\n\nAliquam qui corporis eos minima. Reprehenderit eius laudantium ipsam fugiat non. Eum voluptas molestiae laboriosam quae magni maiores ut et. Ducimus in deleniti tempore sapiente. Delectus sit aut soluta quia.\n\nTotam qui velit voluptatem aut animi. Dolor asperiores fuga autem praesentium. Perferendis amet deserunt non molestias totam veritatis eaque corrupti. Quod veritatis mollitia et autem totam reiciendis ullam alias.\n\nEsse ducimus aspernatur ducimus cupiditate tempora aut. Optio quo esse maiores. Iusto voluptas qui dicta beatae et iure exercitationem.\n\nPariatur et quaerat ab accusantium tenetur sed. A distinctio sequi sit deserunt eveniet hic aut voluptatem. Et deserunt repellat sed.', 'Nihil unde autem magnam quis qui.', 'SEO Title 1 - Arabic', 'SEO Description for 1 in Arabic.'),
	(3, 2, 'en', 'Men Moccasin Half-Loafer Shoe', 'Impedit perferendis in minima cumque. Ipsam voluptas blanditiis animi est deserunt. Error aliquam ex est qui alias. Sed ab aut est consectetur placeat at fuga ea.\n\nVoluptatem sit sed occaecati sed autem. Omnis consequatur qui aliquam. Eos accusantium similique nisi dolor ad atque.\n\nDucimus excepturi similique iure sequi. Itaque ullam laborum quasi eum ea tempora. Consequatur distinctio ut sequi iste debitis et porro.\n\nEst iure sit quas molestias consectetur earum sed. Quos consequatur aut voluptates velit ab molestiae. Quia temporibus voluptatum adipisci explicabo vel perspiciatis. Ea eum cupiditate sed vel qui.\n\nExercitationem hic itaque vitae quos qui. Et nihil ut sed esse dolorem laborum aspernatur praesentium. Voluptatem et nemo ab. Culpa et velit est enim tempore quibusdam incidunt optio.\n\nFacere nesciunt est aperiam itaque odio. Fugiat qui harum assumenda dolores facilis veniam sit. Dolore quis quidem quia molestias cumque eaque natus. Consequuntur deserunt impedit labore odit est.\n\nUt esse et doloribus debitis quas. Sunt dolor dicta porro quaerat consequatur. Deleniti ratione vitae id impedit consectetur tenetur occaecati.', 'Ratione facere est laboriosam.', 'SEO Title 1 - English', 'SEO Description for 1 in English.'),
	(4, 2, 'ar', 'Men Moccasin Half-Loafer Shoe', 'Necessitatibus perferendis ut molestias eum et quo. Iure laboriosam quisquam quae quas hic nulla eos. Est veritatis tenetur libero exercitationem voluptatem dolorem.\n\nDolorem voluptas eos velit ratione voluptatem quam. Consequuntur minus quaerat ipsam libero doloremque cumque est. Ratione temporibus autem deserunt a. Laboriosam dignissimos dignissimos atque laboriosam doloremque earum rerum.\n\nIpsam et labore qui dolorem sit repudiandae animi omnis. Nam consequatur maiores accusamus placeat nisi. Id accusantium molestias fugit consequatur. Aliquam deserunt unde dignissimos.\n\nSapiente facere iusto eaque eum labore fuga. Excepturi mollitia optio sapiente aut consectetur. Quo ut illo omnis saepe sunt sit accusantium sit. Nulla est optio est odio.\n\nMollitia unde consequatur laudantium qui. Temporibus dolore distinctio et enim vero.\n\nQuis et cupiditate ut quae maxime reprehenderit sint. Aut distinctio nihil quo porro sunt veritatis ut consequatur. Labore facilis similique voluptas sit quaerat sapiente.\n\nMinima id voluptatem nihil et voluptas dicta. Quia quas molestiae accusamus deleniti dolorem vitae. Optio repudiandae non rerum. Quis velit laboriosam maxime quasi suscipit ut.', 'Eos numquam totam itaque nulla ratione ducimus debitis dignissimos expedita rerum nemo nihil quia optio ipsum.', 'SEO Title 1 - Arabic', 'SEO Description for 1 in Arabic.'),
	(5, 3, 'en', 'Sony Plus 32Inch Smart Android Wi-Fi Hd Led Tv', 'Ratione fugit porro dicta minima culpa. Ipsam dicta possimus totam reiciendis magni. Ratione sit aliquid possimus commodi. Odit eius voluptas aut.\n\nDolor sint et repudiandae aut. Molestias quaerat quas culpa modi quod tempore. Quod veniam et quis corporis et qui.\n\nNostrum mollitia adipisci temporibus earum mollitia dolor atque. Ea provident laudantium magnam omnis. Optio excepturi voluptas pariatur illo ducimus est pariatur. Consequatur quis dolor aut ut ratione ad laudantium.\n\nMaiores consequuntur voluptas quasi inventore doloribus nemo repudiandae voluptatem. Velit sed facere quia repudiandae rem suscipit delectus. Architecto dolor nostrum aut quod et assumenda praesentium.\n\nAut expedita voluptas quia vel recusandae. Est itaque veniam earum quo. Sunt doloremque nulla tempore rem expedita porro. Maiores dolorum ab necessitatibus.', 'Dolorem qui illo et eaque error.', 'SEO Title 1 - English', 'SEO Description for 1 in English.'),
	(6, 3, 'ar', 'Sony Plus 32Inch Smart Android Wi-Fi Hd Led Tv', 'Voluptas ea et vel voluptatum neque accusamus. Provident enim repellat sapiente iste eaque delectus. Odit unde culpa quia nobis.\n\nAutem id similique sequi asperiores sapiente. At adipisci ducimus corrupti quos dolorem quia. Eius et omnis dolorem quo vitae. Iure non facilis ut minima. Ullam pariatur aspernatur similique repellendus.\n\nOdit rerum voluptatibus vero minus dolore id suscipit. Consequatur aut ut est rerum. Sunt necessitatibus et voluptatibus fugiat nihil non. Neque consequatur iste qui illo sed.\n\nEligendi vero earum vero. Ducimus omnis voluptatum quia debitis. Inventore consequuntur quis aperiam adipisci eos vitae beatae ad.\n\nRecusandae magnam accusamus quas voluptas tenetur. Repellendus consequatur ratione asperiores nostrum ea possimus voluptates. Alias enim repellat quos. Eum nisi beatae et quis dolorem perspiciatis.\n\nVeritatis corrupti ut error ullam. Rem corrupti et iste dolores fuga itaque. Dolore tempora amet vitae voluptates modi aut animi. Doloribus facere voluptatem nulla id dolores inventore aspernatur molestiae.', 'Et rem alias aut sit reprehenderit.', 'SEO Title 1 - Arabic', 'SEO Description for 1 in Arabic.'),
	(7, 4, 'en', 'Saffola Active Oil (Rice Bran Oil) 5 Litre', 'Eos illum nostrum eum explicabo. Totam itaque ipsam ex sit. Quae aliquam laudantium omnis qui aliquid libero non quasi.\n\nVoluptatem quae dolor numquam voluptatem neque et. Est aliquid est quasi cumque adipisci. Repudiandae repellat vel cupiditate pariatur. Quae optio odio minima.\n\nEt qui commodi nesciunt numquam aut exercitationem modi ipsa. Cupiditate aut ut molestiae ducimus rem voluptas exercitationem. Facere nobis eos quis nihil consequatur. Recusandae est voluptatem debitis quasi sed. At nihil illo quisquam cupiditate.\n\nIste dolores ex perferendis maxime non totam eum. Non eos est officia dolor totam qui. Vero voluptates reprehenderit sit numquam laudantium saepe. Quidem eum est aut deserunt.\n\nEa hic beatae tenetur et. Qui facere autem voluptatem et. Quis iste porro ut dolores sit sed labore.', 'Id tenetur maxime eos eum illum.', 'SEO Title 1 - English', 'SEO Description for 1 in English.'),
	(8, 4, 'ar', 'Saffola Active Oil (Rice Bran Oil) 5 Litre', 'Nostrum fugiat error possimus veritatis voluptas. Molestiae vero voluptas omnis. Rem quo nostrum ullam aut animi non impedit. Est nesciunt vero saepe qui dolore saepe.\n\nBlanditiis a aut possimus et aut aut. Unde voluptatem necessitatibus asperiores amet qui. Qui et hic veritatis animi quia ut. Temporibus error omnis dolorem qui veniam.\n\nIllum libero temporibus dolore nam provident veritatis rerum. Reiciendis adipisci in natus in veniam aspernatur. Doloribus temporibus fuga quasi illum qui consectetur. Ipsum et adipisci rerum veritatis id. Magni vero et beatae animi.\n\nOmnis et qui eaque temporibus ab consectetur quibusdam ut. Vitae consequatur suscipit qui at culpa nisi maxime. Aut laborum et modi numquam et.\n\nDoloremque saepe error ex corrupti. Nostrum porro nobis alias.\n\nCommodi dolorum vel ipsa. Doloremque sapiente praesentium unde ut dolores ut eos. Aspernatur ipsam iure sequi sunt eveniet totam. Unde quia molestiae et doloremque atque magni laudantium natus.\n\nRerum nihil magnam dolore magnam est tempore quis. In earum expedita rem nobis ad provident. Tempore dolor quo nihil. Minima molestiae enim delectus ad.', 'Quia sunt quibusdam dolores vel qui doloremque sapiente in qui molestiae.', 'SEO Title 1 - Arabic', 'SEO Description for 1 in Arabic.'),
	(9, 5, 'en', 'Visitor Fixed Chair Cft-Rvc-03', 'Porro earum aspernatur nihil autem sed et sequi. Laborum est ratione distinctio nam magni iste assumenda repellendus. Quia delectus et ut iure qui laborum dolor.\n\nAssumenda non impedit modi cumque sit aliquid. Accusantium asperiores laborum sequi dolores ipsam. Sequi sint dolorum ipsam illo omnis quia sequi consequatur. Velit dignissimos aut non nihil incidunt.\n\nMagnam deleniti fugit error. In voluptas mollitia est repellendus porro qui. Voluptatem voluptatum vel ut ea et quas possimus similique. Atque aut nisi enim ipsam unde quibusdam.\n\nFacilis consectetur sunt culpa. Sequi magni voluptatem consequatur nobis voluptate tempora error non. Voluptate eaque aut in tempore et eligendi eius.\n\nBlanditiis ut aliquam aut. Aperiam et laborum deserunt id. Sit ut voluptatem magnam inventore. Voluptates quia illo et rerum. Consequatur minima dignissimos occaecati recusandae.\n\nEsse aut quas recusandae consequatur voluptatem. Et numquam neque qui dolores. Facilis omnis eveniet ullam dolore fugit laborum. Quisquam consectetur fugiat iusto nemo fugiat explicabo.', 'Voluptatibus nisi rerum quae nobis autem vero nostrum culpa corporis atque minima officiis architecto quaerat.', 'SEO Title 1 - English', 'SEO Description for 1 in English.'),
	(10, 5, 'ar', 'Visitor Fixed Chair Cft-Rvc-03', 'Aut animi omnis consequatur cupiditate quasi. Aut aliquam magni nihil ut. Voluptas asperiores voluptatem ut reprehenderit est quis nesciunt. Eos laudantium vel non soluta.\n\nOfficiis et repellendus possimus neque nisi. Molestias doloribus aut similique veniam. Pariatur harum voluptate dolor rerum architecto qui debitis.\n\nFacere corporis tempore voluptatem temporibus illum et enim. Unde labore qui qui facilis voluptate. Et et totam aut velit molestiae sint qui ullam. Excepturi architecto odio minus et minima.\n\nVeniam mollitia illo commodi dolorum minus ut molestiae. Molestias odio sint quis dolores. Eum quia ut iure ducimus.\n\nDistinctio odio quo at dolores omnis enim consequatur. Soluta numquam quia quo doloribus. Rerum qui qui libero laudantium commodi vel. Dignissimos vel magnam quos quia culpa saepe. Et dolores voluptates est officiis.\n\nIpsum ut quia molestias incidunt. Et unde quia eos qui aut. Veritatis saepe unde repellendus dolorem.', 'Laboriosam rem sed molestiae modi.', 'SEO Title 1 - Arabic', 'SEO Description for 1 in Arabic.'),
	(11, 6, 'en', 'Vikan 27 Inch Smart Android Wi-Fi Hd Led Tv', 'Debitis voluptas aspernatur consequatur iure doloribus autem quisquam. Quo velit omnis culpa eveniet quis explicabo doloremque nulla. Deleniti eveniet eaque iure quam qui. Quis labore quaerat consequatur sunt architecto impedit repellendus magnam. Et eum explicabo enim in veritatis totam cum aut.\n\nDolores quia exercitationem ea laborum sed. Error eum earum voluptatem sequi rerum et aliquam.\n\nSimilique consequuntur maxime aut perferendis praesentium. Est officiis accusantium velit alias eius modi. Est magni cumque voluptas quia saepe. Omnis et iusto quia repellendus.\n\nUt a ipsam beatae dolor eaque. Tenetur doloremque sunt repellendus illo.', 'Voluptate voluptas sapiente et exercitationem vel cupiditate.', 'SEO Title 1 - English', 'SEO Description for 1 in English.'),
	(12, 6, 'ar', 'Vikan 27 Inch Smart Android Wi-Fi Hd Led Tv', 'Magni est omnis fugit cumque aperiam aliquid ut. Eum dicta ab sed autem dolorum ratione et. Saepe dolor autem laborum possimus velit. Minima et corporis odit suscipit necessitatibus quae.\n\nMolestias ea est eaque saepe nobis velit. Nostrum sint libero aut dolorem nisi occaecati id rerum. Tenetur ab quod consequatur maxime quia nihil qui.\n\nHic rerum ab eum sequi tenetur nihil cupiditate. Harum asperiores dolores provident illo dolorem velit. Corrupti sunt voluptas dolore facilis illo iusto. Excepturi quos odit omnis.\n\nEaque deserunt qui illo exercitationem provident. Illum odit voluptate ex rem architecto. Esse consequatur dignissimos fugit. Debitis eligendi et voluptates.\n\nAd ut ut officia molestiae totam qui magnam. Ipsum sit iure est ipsum. Omnis molestias occaecati accusamus. Necessitatibus odit suscipit omnis maxime.', 'Asperiores doloremque temporibus odit est ut rerum consectetur et officiis voluptatem molestiae.', 'SEO Title 1 - Arabic', 'SEO Description for 1 in Arabic.'),
	(13, 7, 'en', 'Best Coffee & Tea Table New Colour (19Rx24H)', 'Commodi at non nisi recusandae consequatur expedita. Eveniet modi quae facere molestias voluptates cum velit. Aut debitis exercitationem odit voluptas.\n\nQuisquam ut veniam voluptas. Temporibus et delectus cumque quam eligendi fuga. Repellat cupiditate aut dolores eos dolorem ipsam id.\n\nAmet laudantium nihil asperiores sed commodi. Sequi voluptatibus nisi fuga laborum beatae sed voluptatem. Perspiciatis veniam officia laudantium totam.\n\nCum labore rerum quia. Voluptatem pariatur laboriosam ut quia. Est beatae aut cupiditate sit. Consectetur illo rerum quia quis fuga atque corporis eveniet.\n\nConsequatur minima maiores quis eos placeat harum inventore. Vel qui officia sunt non omnis consectetur accusantium. Doloremque repellat dolorem saepe reiciendis. Fugit et eveniet earum voluptatem tempore.', 'Non facere mollitia nobis suscipit delectus ut cumque quasi.', 'SEO Title 1 - English', 'SEO Description for 1 in English.'),
	(14, 7, 'ar', 'Best Coffee & Tea Table New Colour (19Rx24H)', 'Omnis ab veniam praesentium ad eaque est fugit. Debitis qui et quo vel eos. Sunt non vel in et. Dolorum fugit voluptate nesciunt expedita aut hic.\n\nSequi qui molestiae blanditiis perferendis eligendi et. In iusto quo cum harum adipisci ut voluptatem. Et sunt alias qui suscipit sunt eum non veritatis. Veniam aut rerum nulla eum tempore alias dolore beatae.\n\nQui assumenda quidem et. Qui dolor at voluptas quos quas qui nemo. Porro itaque quasi sit et temporibus fugit. Fugit adipisci asperiores modi et quos perferendis adipisci.\n\nRepellendus quia praesentium quis est adipisci voluptas. Suscipit odit sit aut possimus doloremque animi. Quisquam nulla corrupti natus non aliquid cumque. Reprehenderit quisquam sit dolorum fuga.\n\nNobis itaque quod voluptas et culpa omnis aut. Libero et voluptas voluptatibus. Quia id quis atque labore nulla.', 'Laborum dicta incidunt dolor est deserunt dolor iusto maiores veniam.', 'SEO Title 1 - Arabic', 'SEO Description for 1 in Arabic.'),
	(15, 8, 'en', 'Manfare Premium Sports T Shirt - Active Wear - Mf-', 'Similique aliquam et nisi. Perferendis asperiores sint a voluptatibus deleniti consectetur placeat. In aut asperiores minus aut ut voluptatem. Delectus ducimus sit provident recusandae voluptatem illum.\n\nMaiores accusantium omnis labore earum. Eum consequatur officiis voluptas et veniam. Voluptatem esse voluptas debitis aspernatur. Id veniam sit facere voluptatem sed voluptatem qui debitis.\n\nNon qui mollitia rerum eum distinctio necessitatibus et. Aut maiores amet qui qui quisquam iure. Distinctio eius impedit doloribus et illum.\n\nNatus voluptatem enim doloremque animi iure incidunt. Iusto officiis esse veniam amet. In expedita aliquid aut tenetur unde ab perspiciatis.', 'Tempora nemo vel et eveniet dignissimos at occaecati non nam.', 'SEO Title 1 - English', 'SEO Description for 1 in English.'),
	(16, 8, 'ar', 'Manfare Premium Sports T Shirt - Active Wear - Mf-', 'Numquam ipsam voluptates libero fugiat voluptatem laudantium. Provident rerum quos sit. Non voluptates accusantium quia.\n\nQuis sit cum vitae sint. Temporibus et in numquam et officiis ut. Cupiditate sint a optio nihil incidunt optio. Tenetur laboriosam autem repudiandae ut. Officiis mollitia quo occaecati velit odio sunt.\n\nA voluptas voluptates aut. Est nihil distinctio at minus. Et dignissimos delectus inventore praesentium distinctio dolor dolorum. Dicta delectus amet nisi deleniti voluptates rerum.\n\nVoluptatem aperiam sunt sequi ut quo. Est in minima quia. Tempore aut vel et libero rerum omnis alias occaecati. Alias repudiandae laudantium qui accusantium quo.\n\nDolores nostrum commodi commodi aut distinctio asperiores. Sequi necessitatibus non quis eos.\n\nEa a delectus dignissimos voluptatem earum ratione. Accusantium eos sunt aut voluptas sapiente. Perferendis aut molestiae iusto error sed. Qui similique magni est hic cupiditate nam.\n\nSequi vel iste perspiciatis. Blanditiis quos facilis at qui iste aut. Quisquam dolorum quod omnis.', 'Aliquid non amet et omnis enim dignissimos.', 'SEO Title 1 - Arabic', 'SEO Description for 1 in Arabic.'),
	(17, 9, 'en', 'Long Battery Life: Jbl Tune 720Bt Wireless Over-Ea', 'Sit voluptates beatae rem. Debitis qui explicabo assumenda rerum tempora quas ex. Saepe sequi in dicta sint sequi adipisci consectetur.\n\nImpedit id commodi natus est voluptatum. Odio ad minima in. Et fugit veritatis illo tempore. Exercitationem atque repellendus tenetur.\n\nEnim autem est nihil soluta facere. Ex quia nam quas tempora magnam ab. Esse debitis quia officia aut nihil non hic nulla.\n\nVoluptatum et alias enim eaque mollitia aliquam. Voluptas non aspernatur qui ipsam ipsum quasi quidem. Qui eos sint aperiam nam repudiandae tenetur incidunt.\n\nIpsam sed natus modi. Doloribus ipsam sint dolorum est occaecati autem. Provident eum placeat sed in occaecati.\n\nAt asperiores facilis molestias maxime et consequatur laborum voluptatem. Amet animi quis qui reiciendis deleniti et reiciendis. Veniam vel ratione dignissimos quisquam rerum. Animi voluptate tempora impedit qui et numquam aut. Officia perferendis asperiores ut similique.\n\nEarum accusamus aut eius incidunt aut ea. Quia deserunt unde blanditiis possimus ex adipisci. Aspernatur quasi incidunt soluta eveniet minus laborum. Fugit similique architecto qui aut adipisci. Id et ipsam unde ullam ea ut repudiandae.', 'Non quia quidem dolorum officia sed ex ut.', 'SEO Title 1 - English', 'SEO Description for 1 in English.'),
	(18, 9, 'ar', 'Long Battery Life: Jbl Tune 720Bt Wireless Over-Ea', 'Voluptas commodi asperiores beatae necessitatibus. Ea qui eum voluptatem aliquid sequi commodi. Est quo corporis est maiores ipsa earum. Est dolor qui qui ut laudantium dolor.\n\nAssumenda dolorem nisi qui perspiciatis officiis et est. Rerum earum quisquam est omnis qui velit. Et occaecati est voluptate qui iusto perspiciatis ut animi. Rem sit deserunt ut est accusantium vero laborum. Quisquam quis autem porro est incidunt quae magni.\n\nConsequatur dolorum cumque nihil nihil autem. Autem excepturi dignissimos officia sit dolore a quia.\n\nRepudiandae ipsa repellat quidem. Totam odio libero nihil. Quo vero libero atque quia pariatur sunt. Consequatur sunt explicabo molestias officia eius.', 'Consequatur dolorum rerum ut non reiciendis quidem rerum sit.', 'SEO Title 1 - Arabic', 'SEO Description for 1 in Arabic.'),
	(19, 10, 'en', 'Viewsonic 32Inch Smart Tv', 'Minus tenetur laborum autem odit sit sunt repudiandae incidunt. Earum aut adipisci vel tenetur quam. Dignissimos nihil et ut temporibus magnam voluptas sit.\n\nRerum facilis iste accusantium maxime. Sit autem eveniet dolore dolorem. Qui rerum quas voluptatum sit.\n\nDolorem eligendi et voluptatibus occaecati porro iure. Perferendis corrupti voluptatem tempora enim culpa debitis esse. Natus id praesentium aut impedit cum reprehenderit. Omnis libero voluptatibus corrupti ducimus.\n\nVoluptas a deserunt corporis accusantium iste natus. Quam inventore officia sunt corrupti ea pariatur distinctio. Quaerat et labore dignissimos ab et quidem. Quibusdam corrupti architecto sint id doloribus facere aperiam. Et reiciendis minima aut possimus voluptas et maiores.\n\nAmet autem porro voluptatem. Blanditiis sed molestiae quis dolorem dolor. Provident occaecati magni quod totam autem aut et. Magni est quia magni quaerat quam. Ab odit animi pariatur et perferendis.', 'Molestiae expedita qui illum ut officia repellendus.', 'SEO Title 1 - English', 'SEO Description for 1 in English.'),
	(20, 10, 'ar', 'Viewsonic 32Inch Smart Tv', 'Et est sit tempora minus. Amet quis et et sequi sit. Sit cupiditate quo eius soluta rerum expedita possimus.\n\nAccusantium voluptatibus quos sit dolore est. Quo ut ut sunt odit sunt. Saepe quia enim dolore.\n\nIusto nisi ex aperiam sed qui doloremque architecto. Sapiente asperiores animi quis provident delectus debitis. Ut itaque officia velit rerum placeat.\n\nSoluta officiis magnam possimus sed excepturi quia. Aut harum beatae nostrum quis. Iste rerum explicabo consequatur voluptates laborum. Et dolores perspiciatis inventore et et et.\n\nAtque qui tenetur laudantium et id adipisci neque. Error optio quia eius qui dicta et quisquam et. Fugiat nostrum dolorem architecto itaque. Non sed nam alias perferendis at voluptatum.\n\nBlanditiis corrupti quas non sint totam doloremque. Quos dicta illum et rem. Et fuga architecto quia numquam. Saepe sit ullam quisquam est.\n\nSit eaque esse ullam delectus. Reprehenderit qui modi adipisci porro.', 'Accusamus dolor quisquam quo architecto incidunt rerum architecto laborum qui quia ut eos sapiente dolor.', 'SEO Title 1 - Arabic', 'SEO Description for 1 in Arabic.'),
	(21, 11, 'en', 'Tim Hortons Cookies Biscuit 150Gm', 'Sed eum officia eos deserunt in quis. Sapiente eos doloremque eius nulla. Impedit culpa voluptatem quod nihil cum. Adipisci sint atque officiis eligendi eligendi.\n\nMollitia fugiat dicta nulla autem vel in. Adipisci nobis est nemo neque ea. Et impedit nisi delectus sunt minus quia. Quod quis dignissimos aperiam voluptatibus.\n\nUt porro autem rerum veniam ducimus autem culpa architecto. Hic et modi voluptatum. Sint et id mollitia quia voluptatem. Minus aut corporis odit omnis quia ut.\n\nQui sit sunt neque sit. Modi eum adipisci voluptas harum autem atque. Soluta nostrum eaque hic sunt accusantium soluta voluptas. Dicta dolores est voluptate quia repellendus sequi itaque.\n\nIpsa et voluptas deleniti sunt repudiandae possimus est. Aut fuga sunt quod ratione. Magni eaque nisi ratione et ut earum ut.\n\nExcepturi tempora quo doloremque rerum eius adipisci nulla vel. Ipsam vel laudantium ducimus mollitia vero sit temporibus dolor. Aut illo exercitationem aut magni vero sit ea. Quia tenetur enim ipsum eum.\n\nUnde dignissimos ut quaerat optio consequatur ut quam. Soluta nihil pariatur dolores voluptates sit. Aliquid eveniet quisquam repudiandae ipsam et et delectus.', 'Modi voluptatum sunt repellat ut dolores quasi.', 'SEO Title 1 - English', 'SEO Description for 1 in English.'),
	(22, 11, 'ar', 'Tim Hortons Cookies Biscuit 150Gm', 'Enim voluptas eligendi facere sunt quis accusantium. Accusantium iure ab veniam dolorum.\n\nEum non illum labore sunt adipisci asperiores omnis quidem. Commodi cum est perferendis molestiae ut excepturi vel. Quis omnis qui ex labore ut tempora neque.\n\nMolestiae possimus sed totam voluptatum odio. Nulla ut earum quidem non dolorem. Facere dolores sapiente est aut. Deserunt fugiat soluta quia totam voluptate non ipsam.\n\nFuga impedit excepturi asperiores est facere distinctio quaerat. Quis explicabo fugiat excepturi dolor qui. Sit quibusdam maiores officiis aut ullam quae molestiae.\n\nSed rerum enim sapiente. Iste voluptatibus accusantium dolores eveniet maiores dicta. Aut a odit nemo. Eius amet eveniet rem quis excepturi ut quis optio.\n\nAsperiores explicabo enim corrupti adipisci dignissimos nesciunt eveniet voluptas. Dolor commodi voluptas amet quos molestiae. Quia consequatur enim est velit distinctio iure tempora.', 'Consequatur quae adipisci aut voluptatem et assumenda.', 'SEO Title 1 - Arabic', 'SEO Description for 1 in Arabic.'),
	(23, 12, 'en', 'Jare Relax Adjustable Reclining Massage Chair', 'Consequatur commodi earum sed libero temporibus. Aliquid nostrum totam et quisquam possimus exercitationem quae. Ad totam totam quaerat rerum eveniet ut.\n\nIusto maxime saepe dolorem et. Maxime molestiae sed itaque officia voluptate cum. Rem et quisquam ducimus ad ad voluptatem sit et. Vitae eos minima ut qui.\n\nIn nihil id est repellendus aut et aut. Ex necessitatibus tempora incidunt et ducimus officia sed. Sequi sed odit est dolor corrupti qui. Aut sit dolor odit ut incidunt.\n\nEa voluptates et quasi laudantium repudiandae aliquam eos. Magni aut hic excepturi.\n\nMinus atque non omnis aut qui eum ex ab. Aspernatur adipisci distinctio quis modi in repellat. Numquam eveniet minima alias unde quas aut enim aspernatur.\n\nDistinctio saepe ipsum libero consectetur temporibus vitae id. Incidunt at modi magni quo porro praesentium. Adipisci illo et beatae consequatur et quis sit.\n\nDolorem ipsum omnis ipsam doloremque sunt minus provident eos. Veniam dolor corporis voluptas sed nobis harum corrupti.', 'Quisquam sint consequatur qui fugiat vel.', 'SEO Title 1 - English', 'SEO Description for 1 in English.'),
	(24, 12, 'ar', 'Jare Relax Adjustable Reclining Massage Chair', 'Et quia quos aliquam impedit voluptatem sunt occaecati. Repellendus qui autem quam sunt consequatur.\n\nIllo voluptas praesentium autem molestiae est autem. Odio sunt modi tempore quaerat odio.\n\nCupiditate in illo iusto. Dolores qui veritatis id omnis magni occaecati. Et quae ab iste. Possimus expedita non sit qui enim autem sit totam.\n\nNam nesciunt corrupti at odit. Sed eius magnam aperiam eius ipsum repudiandae. Accusamus saepe consequatur voluptatum id.\n\nEst tempore est sint officiis. Id occaecati unde quas dicta ut non. Officia omnis sed quasi at saepe sed porro. Placeat similique inventore ducimus ducimus odio eum.\n\nOccaecati placeat recusandae id ut possimus necessitatibus. Veniam enim quibusdam suscipit totam consequatur similique expedita quas. Numquam iste aut fugiat accusamus soluta. Qui nulla consequatur suscipit. Recusandae explicabo eum ea consequatur alias voluptas totam.', 'Dolorem aut dolor iste distinctio dicta ea aut alias et.', 'SEO Title 1 - Arabic', 'SEO Description for 1 in Arabic.'),
	(25, 13, 'en', 'Cotton Classic Slim-Fit Shirt', 'Itaque et quos iste. Iusto ipsa non sint nisi dolorum. Nam aspernatur vel voluptatem dolores accusamus tenetur ad et. Eius ab neque ut nemo officia deserunt aliquid.\n\nEnim nesciunt tempore perferendis quo expedita expedita nesciunt. Facilis nulla saepe voluptas quia rerum sapiente totam. Molestias voluptas aspernatur consectetur mollitia consequatur nihil. Ut incidunt dicta qui dolorem ut aut facilis.\n\nNesciunt eos quibusdam officiis. Repellat qui eligendi beatae consequatur omnis. Debitis ut tempora praesentium accusamus nam.\n\nEa voluptatem aspernatur itaque quae voluptatem eligendi voluptatibus. Nisi ex quia qui impedit molestiae in aut. Voluptatem vitae fugiat eligendi ut ipsa ab. Velit necessitatibus et ullam ducimus.', 'Tempora laudantium tempora sint quibusdam est voluptas et voluptas autem maiores quia.', 'SEO Title 1 - English', 'SEO Description for 1 in English.'),
	(26, 13, 'ar', 'Cotton Classic Slim-Fit Shirt', 'Et voluptatum iusto consequatur voluptatem debitis tempore qui. Dolorem ipsa ex error nulla est recusandae. Officia est quaerat consequuntur libero voluptate.\n\nMolestiae nihil molestiae et at non porro illum est. Eum temporibus numquam eum iusto nihil officiis.\n\nVoluptatem sunt ipsum assumenda itaque. Inventore nihil qui vel id et voluptatem. Quo omnis non et quidem doloremque quis eum. Nostrum aliquid nobis nobis laboriosam doloremque.\n\nPerspiciatis quaerat ipsum labore similique minima enim maiores quisquam. Vitae corporis dolor delectus harum. Iste unde vitae et voluptatem error. Aut doloremque est ipsa dolore laboriosam.', 'Quis qui eum omnis corrupti consequuntur et.', 'SEO Title 1 - Arabic', 'SEO Description for 1 in Arabic.'),
	(27, 14, 'en', 'Mens Stylish Moccasin Slip-On Shoe', 'Id quae animi cupiditate et et eaque laboriosam. Et deleniti corporis fugit numquam est.\n\nProvident quos est officia non vel vel. Voluptatem ab sequi ut illo porro minima vero. Facere dolor consequatur illo sed ad deleniti. Atque fugiat nobis ad minus. Maxime magni dolore cupiditate pariatur ea et non quia.\n\nAdipisci dicta blanditiis et quas omnis libero sint aut. Autem ipsam libero rerum quia.\n\nConsequatur praesentium ipsum modi quis. Eaque at est aut non. Ex dignissimos et quam aut odit eligendi error. Delectus quo et ratione autem eum.\n\nUllam pariatur et harum culpa in in qui. Est illo neque id vel.', 'Ut numquam quod officia nisi eligendi.', 'SEO Title 1 - English', 'SEO Description for 1 in English.'),
	(28, 14, 'ar', 'Mens Stylish Moccasin Slip-On Shoe', 'Rerum earum dolorum nihil id. Perferendis dignissimos tempore corporis optio. Non maiores repudiandae distinctio repellendus minima. Vel tenetur eligendi illum dolorem dicta aspernatur.\n\nQuia sunt quaerat distinctio. Aut ut ut velit quo molestiae eos. In nam minus voluptatem laboriosam laudantium deserunt omnis. Velit illo iste itaque.\n\nVitae dicta omnis molestiae hic incidunt delectus. Debitis non provident quia quam quia ex minus. Et optio voluptas ut qui non.\n\nUt quis id eius nihil. Esse sapiente temporibus eum aut sunt saepe eum. Qui ipsum odit quas aliquam.\n\nEveniet sunt iure vel neque molestias. Aut perferendis error officia amet cum non velit. Non in animi fuga aliquid perspiciatis et consequatur. Aut ut eius provident odit. Rerum repellat ad rerum placeat.', 'Ex et quia et corporis natus neque voluptatem.', 'SEO Title 1 - Arabic', 'SEO Description for 1 in Arabic.'),
	(29, 15, 'en', 'Sony Bravia 32" Smart Android Hd Led Tv', 'Non voluptates est ut eos nemo. Voluptatibus cum aliquam et accusantium et libero consequatur. Harum repellendus repellendus ut qui dolores. Nihil eos maxime dolores quae quia cupiditate iusto. Repellendus quam alias modi in sint repudiandae eius.\n\nUt esse rem repellendus. Aut cumque qui pariatur. Autem sunt iusto est est distinctio et distinctio tempora.\n\nDolorum inventore officiis eligendi ipsam expedita earum. Voluptatem qui quidem sunt et. Aut enim consequatur voluptates blanditiis culpa corporis tenetur qui. Doloremque vel qui accusamus illum non.\n\nFugiat eius ut itaque consequatur omnis. Qui voluptatem nam voluptatum eos eaque aspernatur nisi voluptatibus. Et quo aut quis veritatis a.', 'Eveniet suscipit voluptas soluta laborum deleniti quia accusamus odit et.', 'SEO Title 1 - English', 'SEO Description for 1 in English.'),
	(30, 15, 'ar', 'Sony Bravia 32" Smart Android Hd Led Tv', 'Expedita ea sed voluptas recusandae quia non aut. Est et alias nemo consequatur voluptate. Quia provident sit ut asperiores voluptatem in.\n\nItaque aut perferendis molestiae sunt aperiam enim magni. Cupiditate illo ducimus ab laudantium distinctio nostrum facilis eos. Est ea quia accusantium aliquid. Nihil necessitatibus architecto ipsa dolorem ea occaecati nam.\n\nPorro iste beatae quo fugiat repellendus. Nihil veritatis temporibus pariatur et ratione laborum. Laborum maxime sint numquam voluptate molestiae ut quasi. Exercitationem blanditiis et nostrum.\n\nItaque aut soluta qui incidunt quo. Voluptatem tempora deleniti consectetur saepe qui soluta alias. Dolorem rem et a. Voluptatem consequatur ducimus consequuntur sed quo ad.\n\nUt repellendus quo tenetur voluptatem. Distinctio doloremque dolor hic quo iusto officia ad. At labore atque omnis est.', 'Nisi repellat voluptate delectus consequatur consequatur ad quo.', 'SEO Title 1 - Arabic', 'SEO Description for 1 in Arabic.'),
	(31, 16, 'en', 'Saffola Total Heart-Healthy Oil 5L', 'Esse velit occaecati odio ea occaecati ipsa. Velit illo quae asperiores asperiores.\n\nEt aut inventore aperiam nihil repellat perferendis. Non sed eligendi rerum in id iure.\n\nOccaecati sequi quis aut impedit omnis. Accusamus libero tempora ex nihil doloribus. Consequuntur aut facilis ut et aut dolor.\n\nMagnam laborum assumenda reiciendis animi. Ad voluptatem et repellat et consequatur praesentium ut. Animi quis at quis nihil aspernatur enim.', 'Quasi et voluptate harum nesciunt quaerat cum voluptas qui aut iste est.', 'SEO Title 1 - English', 'SEO Description for 1 in English.'),
	(32, 16, 'ar', 'Saffola Total Heart-Healthy Oil 5L', 'Porro omnis eos qui consequatur nemo voluptatibus dolor. Iste cumque nam sequi illum corporis. Magni aut architecto voluptas.\n\nQuos quam et quos. Neque in explicabo fuga. Nihil eos quibusdam voluptate mollitia. Excepturi voluptate molestiae inventore quia et et.\n\nSimilique aut distinctio illum ea corporis ratione dolor aut. Omnis tempore sed non ratione. Doloribus aut aut eius vitae. Voluptas tempora deserunt dicta quasi nemo atque laudantium ratione.\n\nQuibusdam iure voluptas quaerat adipisci alias aut distinctio. Repudiandae ratione culpa nulla maiores et incidunt consequatur.\n\nQuia occaecati consectetur recusandae quae quisquam quaerat in. Laboriosam ut tempore earum placeat quo qui. Velit eos quia aspernatur maxime autem. Ab consectetur sint velit nostrum natus nostrum qui consequatur.\n\nQuis labore vitae ex culpa. Quis ut recusandae molestiae esse magni. Illum quo sit dicta laudantium id. Ducimus quia placeat laborum commodi consequatur esse.', 'Nobis odit animi non dolor velit officiis et quo.', 'SEO Title 1 - Arabic', 'SEO Description for 1 in Arabic.'),
	(33, 17, 'en', 'Ergo Mesh Back Visitor Chair Cft-Rvc-07', 'Enim qui sint voluptatem sunt eos id commodi. Assumenda assumenda asperiores sed molestiae saepe. Veniam quis quia dolores molestiae. Eligendi repellendus et fuga modi et.\n\nCommodi ut quibusdam quaerat id nisi officia veniam sed. Qui sit odio qui amet ea labore qui. Aut quidem iste cum quam nulla enim. Possimus voluptatem sequi odit corrupti harum.\n\nEaque ea aut distinctio eligendi aperiam. Molestiae maiores in inventore assumenda quae veritatis labore ut. Quos ipsam tenetur ut et quasi distinctio. Sit sequi incidunt consequatur saepe necessitatibus.\n\nDicta et dolor iste dolorem. Laborum sit sunt architecto. Repellat iure repellendus sit reiciendis accusamus enim. Consequatur temporibus et dolore.\n\nFugit suscipit maxime blanditiis temporibus dolorem ducimus. Ut animi consequatur numquam omnis distinctio porro modi. Sit unde repellendus eum qui. Sunt temporibus et omnis aut.\n\nFuga omnis est aut consequatur. Aut veritatis tempore pariatur et est ut. Ut est repudiandae labore suscipit. Molestiae beatae et excepturi.', 'Cum dolor ipsam quo voluptatibus corporis maiores atque quos et sint.', 'SEO Title 1 - English', 'SEO Description for 1 in English.'),
	(34, 17, 'ar', 'Ergo Mesh Back Visitor Chair Cft-Rvc-07', 'Nisi et saepe aut aut. Sint quisquam fugit at qui non quis sequi. Numquam et laborum aut minima amet nisi quibusdam. At odio eos qui quia facilis sunt alias. Similique et illum et asperiores deleniti laborum.\n\nQuia non laboriosam voluptatem dolor. Magnam consequuntur quae ipsum fugit incidunt. Harum eius voluptatum voluptatibus voluptate harum ad. Sit maxime sint molestiae quod dolor eos.\n\nQui magni expedita iure explicabo enim delectus. Asperiores corporis suscipit quibusdam delectus. Velit id provident architecto nobis ex saepe voluptatem. Quis eos nesciunt dolorum recusandae consectetur eum in.\n\nQuia exercitationem rerum quo ut. Fugit odit vel deserunt qui eos quia.\n\nModi saepe cum voluptatum. Repudiandae veritatis aut non aut fugiat. Qui aspernatur delectus beatae id necessitatibus minima non. Repudiandae nemo maiores nihil magni dolorem.\n\nAliquid accusamus dolorem neque asperiores fugiat. Laboriosam consequatur sed quam recusandae possimus nemo dignissimos. Facilis nihil molestiae accusantium quae consequatur dolor.\n\nAut velit quae quis et nulla accusantium id. Provident voluptas est quia nihil et nihil perferendis. Omnis voluptatem at odit vel et necessitatibus accusantium.', 'Minus sed repudiandae omnis et molestiae et nostrum.', 'SEO Title 1 - Arabic', 'SEO Description for 1 in Arabic.'),
	(35, 18, 'en', 'Vikan Pro 27" Android Tv With Voice Remote', 'Aut earum quia magnam reprehenderit sed eum aut perferendis. Rerum repellendus rerum nam. Eum natus quia rerum dolorem consequatur. Autem sunt sunt minima veniam repudiandae id.\n\nPossimus quod voluptas debitis in quasi quo. Neque pariatur earum commodi odit architecto facere iure. Molestias praesentium omnis repellat.\n\nEt quibusdam perferendis quaerat sunt incidunt. Aut eos perspiciatis nulla veniam deserunt quas. Accusantium accusamus facilis illo laborum. Provident fugit aut amet recusandae nemo.\n\nPlaceat est ut itaque quis. Aliquam necessitatibus officiis architecto eos ut quae quia. Quia et molestiae aut ut ut eum non quis.\n\nAsperiores cumque non aut. Officiis minima consequatur aut unde. Corrupti explicabo ut laudantium suscipit et necessitatibus.', 'Sint blanditiis rerum aliquam labore beatae qui consequatur.', 'SEO Title 1 - English', 'SEO Description for 1 in English.'),
	(36, 18, 'ar', 'Vikan Pro 27" Android Tv With Voice Remote', 'Et et ad possimus quidem. Molestias harum dolores perferendis. Ut ut saepe consectetur saepe rem quas enim impedit.\n\nRepudiandae sapiente laboriosam eaque soluta deleniti cum eos. Recusandae et maiores provident dolores consequatur illum. Enim consequatur quo sint id enim officia dolores. Sunt quisquam esse ullam cupiditate et.\n\nMagni dolor cupiditate libero aut. Sunt et inventore quia tempora quos. Impedit voluptatem id nulla rerum praesentium corporis distinctio. Temporibus labore aliquam aut tempore.\n\nSuscipit debitis nisi nam minima fuga facilis doloribus. Provident sapiente quia adipisci excepturi est eos culpa. Amet quis vitae autem iste est sed.\n\nRepudiandae culpa ex sint voluptas dolorem aut unde. Quasi ex nisi quasi possimus iste. Doloribus consequatur est sequi voluptatem.\n\nMollitia numquam dolor minus omnis autem quod. Velit quasi rerum tempore illum id voluptatem necessitatibus. Nesciunt accusamus corporis reprehenderit rerum deleniti.', 'In dolorem qui vitae et dolores illum facere quisquam et cum ullam impedit recusandae est.', 'SEO Title 1 - Arabic', 'SEO Description for 1 in Arabic.'),
	(37, 19, 'en', 'Modern Coffee Table With Glass Top (20X25H)', 'Rerum dolore necessitatibus unde maxime. Ea deserunt id temporibus. Consequatur doloremque eaque est consectetur sed consequuntur.\n\nHic veniam dolore qui. Facilis ut ut architecto nulla quaerat. Sequi nemo sint sunt sequi dicta autem. Eius suscipit sed quaerat et. Eaque molestiae deserunt suscipit ut dolor.\n\nQuas perferendis exercitationem voluptatibus necessitatibus dolor accusamus. Sed omnis quod quia facilis veniam suscipit asperiores. Soluta aut voluptatem eos amet rem repellat iste asperiores.\n\nIllum id et dolorum consequatur. Repudiandae nemo optio perspiciatis et. Voluptas ad vel vel eligendi sit. Eos sed temporibus voluptatem excepturi. Atque facilis natus sunt ut aut.\n\nDignissimos nulla sed voluptatum provident eveniet. Excepturi alias rem recusandae consequatur rem. Necessitatibus repellendus quis architecto eveniet.\n\nRerum qui deserunt quis quam qui aspernatur non enim. Occaecati dicta et dolorem corporis numquam ea. Id maxime quae ipsa. Cum autem saepe alias magni dolorem quisquam.\n\nUt nemo facere esse natus est dolores esse. Fugit suscipit perspiciatis est officia et beatae. Dolores consequatur praesentium quia aut. Qui quia sed aperiam et cum consectetur quo.', 'Nihil beatae aliquam modi molestias commodi tempora et fugiat modi id.', 'SEO Title 1 - English', 'SEO Description for 1 in English.'),
	(38, 19, 'ar', 'Modern Coffee Table With Glass Top (20X25H)', 'Quas omnis perspiciatis non. Reprehenderit voluptatum totam error dolore molestiae ipsam neque. Culpa incidunt ut praesentium iure rerum velit.\n\nBlanditiis in et ea reiciendis ut. Reiciendis est aperiam nam voluptatem et maxime nobis. Harum possimus quas expedita ut consequuntur recusandae dignissimos. Qui quam sit doloremque eligendi magnam minima saepe.\n\nAperiam pariatur earum fugit inventore mollitia odit. Beatae voluptas incidunt fuga voluptatem consequuntur. Voluptatem unde eos hic ut dolor minus eius. Est autem a repellendus magnam sequi deleniti molestias.\n\nQuia voluptatem incidunt rerum qui inventore asperiores natus. Aut ut quia quibusdam est. Aspernatur voluptatem libero voluptatem atque est.\n\nUt rerum ut delectus veniam. Laboriosam quia ad tenetur eaque quaerat. Alias voluptatibus quia et nemo.\n\nAut repellendus consequuntur eaque dolorem modi explicabo et. Sunt a temporibus eveniet. Aspernatur placeat deleniti sapiente ullam modi consequatur sed.', 'Et et consequatur impedit fugiat eveniet magni deleniti qui.', 'SEO Title 1 - Arabic', 'SEO Description for 1 in Arabic.'),
	(39, 20, 'en', 'Manfare Dri-Fit Sports Tee - Mf-520 Edition', 'Quia sed sed corporis quis ipsam perferendis et. Ipsa dolor dignissimos reprehenderit quo. Similique rerum dolore quia. Beatae consectetur et reprehenderit itaque velit.\n\nEst et porro consectetur. Perspiciatis ut illum dolorem veniam molestias. Quidem ut consequatur pariatur voluptas. Nulla corrupti laudantium itaque fugiat libero aspernatur.\n\nRerum possimus deleniti delectus quibusdam non. Magni nostrum ut voluptatibus non voluptatibus. Quae sapiente totam consectetur consequatur consequuntur amet.\n\nQuos dolores incidunt qui ipsam laudantium. Incidunt maiores incidunt corporis cumque possimus fugiat. Sint maxime consequuntur accusamus qui distinctio eaque. Dolor itaque suscipit quasi ab libero. Aspernatur tempore eveniet illum non itaque.\n\nLibero sequi laboriosam autem atque perferendis ratione eaque. Id voluptas quos illum excepturi beatae. Quis totam expedita voluptates. Et pariatur qui magni accusantium.\n\nAccusamus non nobis ratione pariatur. Iusto enim error natus qui velit consequatur qui. Magni blanditiis in architecto cumque.', 'Quia similique est commodi nesciunt atque incidunt.', 'SEO Title 1 - English', 'SEO Description for 1 in English.'),
	(40, 20, 'ar', 'Manfare Dri-Fit Sports Tee - Mf-520 Edition', 'Sed veniam officia voluptatibus saepe enim. Molestiae eos excepturi temporibus. Soluta quaerat laboriosam temporibus voluptates dignissimos.\n\nVeritatis fuga culpa voluptatem quia et quas. Ut et quo quis facere sequi vel. Dolorem ea vitae rerum dolor sed velit.\n\nDistinctio eum dolores iusto porro. Eligendi error officia et eligendi consequatur commodi quibusdam quia. Vero quia ut voluptatum qui. Et nihil velit nobis tenetur sapiente neque ut incidunt.\n\nQui porro reiciendis ut. Nihil facere vero magnam assumenda aliquid aliquam. Consequatur ducimus sed reprehenderit repudiandae.\n\nConsequatur quia in harum nobis ut aut nobis. Accusantium eaque omnis consequatur tenetur. Rerum est nostrum eos autem dolore aperiam vel velit. Rerum omnis accusantium non magni dolorem et.', 'Est harum consequatur distinctio adipisci magnam aut aut quia id.', 'SEO Title 1 - Arabic', 'SEO Description for 1 in Arabic.'),
	(41, 21, 'en', 'Jbl 720Bt+ Over-Ear Wireless Headphones', 'Distinctio beatae ad beatae autem perferendis assumenda est iusto. Reiciendis consectetur amet voluptatum debitis et voluptas et. Neque quis dolores occaecati corporis. Velit vel nostrum ipsa saepe consequatur minima. Sequi est aperiam vitae.\n\nSit recusandae sunt ex architecto sed perferendis consequuntur veniam. Ipsam vel quae sint. Mollitia alias molestias asperiores ab et consequuntur quo. Voluptatem error officia sed non ab quidem.\n\nEst sequi vel autem autem aliquid. Similique neque velit similique qui vitae dicta voluptatem. Doloremque animi sunt architecto dolorem. Atque fuga velit et error possimus.\n\nLibero ipsa vel est et. Eum et et perferendis iure magni. Eveniet debitis rerum magnam quia. Quis nihil quo eos voluptatum.\n\nCorporis hic eligendi ullam sequi quos. Sequi facere maxime quas qui nobis sit aliquid doloremque. Est illo enim autem nihil laboriosam.', 'Eum sit soluta repudiandae tempora voluptatibus unde aut.', 'SEO Title 1 - English', 'SEO Description for 1 in English.'),
	(42, 21, 'ar', 'Jbl 720Bt+ Over-Ear Wireless Headphones', 'Quis enim sequi fuga similique. Error quia minus voluptatum. Totam suscipit ea enim suscipit aut quam est qui.\n\nQuis expedita exercitationem veritatis sint laborum. Non sequi impedit delectus voluptas. Nihil nobis optio et iste ipsam ipsum officiis.\n\nCum non et sit voluptates harum temporibus ea perferendis. Id minus consectetur nisi accusamus. A veritatis perferendis sapiente cupiditate quo est.\n\nUt quisquam et sapiente omnis reiciendis. Vel deserunt qui velit voluptatibus. In dolor nostrum reiciendis. Assumenda aut minus beatae illum delectus. Nemo id praesentium rerum labore inventore.\n\nQuibusdam delectus blanditiis laborum ex. Vel ab exercitationem ut ab. Voluptas quo id quisquam repellendus numquam. Voluptate excepturi ea facilis beatae quisquam rerum.\n\nDolor est eos et praesentium dolor. Vel consequatur provident non autem ut. Asperiores et facilis eveniet ad vitae enim.\n\nIncidunt repudiandae magnam veritatis provident qui aut sequi. Ullam perferendis sapiente qui quis nisi soluta. Fugit eligendi optio voluptatem error aut et. Omnis aut veritatis cupiditate aperiam accusamus occaecati.', 'Voluptatem neque ut illo ut corrupti dolores voluptatem labore veritatis sapiente facere et hic.', 'SEO Title 1 - Arabic', 'SEO Description for 1 in Arabic.'),
	(43, 22, 'en', 'Little Kid Winter Jacket', 'Sunt vero soluta sunt libero. Accusamus commodi iusto repudiandae quibusdam quia vitae. Minima inventore minus accusantium et qui quas.\n\nIure neque quia omnis pariatur laborum quidem et. Itaque est aut hic omnis rerum consequatur quia. Eum nihil rem molestiae et quis cupiditate magnam. Eligendi aut dolorem qui et et aperiam omnis.\n\nVel voluptatem saepe aut minima ut minima unde. Ut ea sit aspernatur illo quia reiciendis aspernatur. Repellat molestiae itaque fuga quisquam aliquam dolor. Molestias ducimus repellat enim et sit quis.\n\nBeatae occaecati ea aut qui dolorum. Beatae cumque fuga ducimus rerum dolorem. Magnam ut rem aut accusantium.', 'Ad sed facere magnam ipsa quam est esse labore doloribus.', 'SEO Title 2 - English', 'SEO Description for 2 in English.'),
	(44, 22, 'ar', 'Little Kid Winter Jacket', 'Recusandae praesentium velit dolorem perferendis iusto. Iste vero natus est assumenda dolor. Rerum dolorem error earum ad ea nostrum autem. Ut dicta aut et dicta vitae sint.\n\nCupiditate quia quaerat facere pariatur quas alias autem repudiandae. Quidem dolorem vitae sed eum aut. Ab voluptatibus id quia deleniti. Consequatur mollitia corrupti voluptatem voluptas debitis porro sed.\n\nConsequuntur exercitationem iusto fugit molestias nihil nulla. Quo facilis velit facere nam ut sit reprehenderit odio. Esse est perferendis eos aut nihil ea vel. Repellendus suscipit ut facilis laborum expedita id est.\n\nAssumenda qui sequi inventore ut non. Quo adipisci deleniti maiores quae quae eligendi voluptas. Eaque fugiat dolores porro libero eaque.', 'Qui maxime perspiciatis hic quis praesentium excepturi.', 'SEO Title 2 - Arabic', 'SEO Description for 2 in Arabic.'),
	(45, 23, 'en', 'Boy Winter Jacket', 'Soluta et voluptas aperiam enim sint. Perferendis ut voluptatem ut repellat voluptate aspernatur voluptatem. Sapiente velit sequi consequatur.\n\nRatione ut et asperiores tempora eligendi sit. Facilis possimus fuga quisquam doloribus voluptates vel tenetur. Perferendis cumque voluptatibus sit et rerum.\n\nCum dolorem qui reiciendis ex facere. Eos omnis nam aut rem.\n\nAut et dolorem et in praesentium facilis dolores. Officia quia fugit exercitationem nostrum facere. Officiis aut quo mollitia perspiciatis voluptate voluptas minus.', 'Consequuntur occaecati et numquam et deserunt voluptas quis nesciunt fuga facilis neque.', 'SEO Title 2 - English', 'SEO Description for 2 in English.'),
	(46, 23, 'ar', 'Boy Winter Jacket', 'Est asperiores possimus hic expedita deserunt. Molestiae architecto quia quia natus qui non non. Excepturi qui alias et autem. Reprehenderit doloribus sed omnis hic doloremque ducimus tenetur qui.\n\nVitae nesciunt consequuntur nobis velit blanditiis consequatur. Culpa adipisci ullam ut molestias explicabo culpa exercitationem qui. Consectetur non aut sed recusandae aut. Facere modi eum est consectetur quibusdam.\n\nNisi commodi cupiditate temporibus sapiente. Ab necessitatibus fugiat aut aut sunt nostrum optio quo. Cupiditate molestiae est facere omnis rerum. Praesentium cumque assumenda odit aut reprehenderit possimus maxime eum.\n\nEsse velit est ea nulla velit itaque. Earum autem qui quasi eos quia et assumenda. Voluptatem eligendi architecto qui iure.\n\nNon est officiis ipsum rerum. Dolorem corrupti veniam consequatur nulla. Distinctio explicabo omnis voluptate aliquid velit placeat.\n\nVoluptates dolor inventore et sint dolore sit. Ducimus mollitia est voluptas a velit. Quos quo odio non dicta.\n\nVel reiciendis voluptatum id sed. Sunt optio praesentium libero nesciunt. Autem placeat autem et eos. Rerum dolorum quia iusto alias necessitatibus ut soluta.', 'Et voluptatibus consequatur aut et recusandae quibusdam provident.', 'SEO Title 2 - Arabic', 'SEO Description for 2 in Arabic.'),
	(47, 24, 'en', 'Men Slim Fit Cotton Pants', 'Qui distinctio molestiae esse et. Et tempora aut impedit inventore aspernatur. Ea recusandae quia rerum et voluptatum autem inventore.\n\nQuae voluptas consequuntur accusantium veniam eius quas labore. Quis voluptatem qui consequatur. Deleniti debitis et nam impedit id repellendus. Quis libero vitae aliquam.\n\nEt et asperiores doloribus temporibus neque consequatur earum sunt. Excepturi natus perferendis voluptates modi id molestias. Eaque est voluptates mollitia enim veniam laborum.\n\nAut et recusandae aut et et aperiam aliquam. Ducimus error necessitatibus iste ipsam. Veniam enim voluptate magni totam nulla minus reprehenderit.\n\nSequi occaecati ut voluptatibus placeat. Aliquam qui blanditiis tempore corporis omnis odio.', 'Nesciunt eius eum suscipit quibusdam dolor sint et eos soluta qui modi enim ullam molestiae.', 'SEO Title 2 - English', 'SEO Description for 2 in English.'),
	(48, 24, 'ar', 'Men Slim Fit Cotton Pants', 'Sit est impedit sed nemo impedit in ex. Accusamus ea sunt quia excepturi et nostrum. Explicabo voluptatum aut aspernatur necessitatibus. Natus id et fuga dolorem perspiciatis.\n\nTempore quam eius voluptate adipisci rerum laudantium provident. Sunt modi culpa sunt animi qui quae quae perferendis.\n\nConsequatur omnis culpa necessitatibus quo et quos fuga. Nihil quibusdam quia maxime. Rerum vel esse aspernatur quisquam tempore fugit.\n\nEarum labore sit atque sunt suscipit. Rem laudantium quis ut repellendus rem dolores ut. Consequuntur et eum voluptatem excepturi accusamus voluptate amet. Veniam accusamus ullam unde pariatur et voluptate.\n\nArchitecto earum quia consequuntur provident. Praesentium distinctio incidunt perspiciatis sed necessitatibus illo.\n\nEt consequatur incidunt et adipisci incidunt esse. Error magni non occaecati libero. Ullam quia rerum eum totam impedit non velit. Impedit quo expedita est pariatur ut consectetur.\n\nPerferendis enim repellat eum consectetur. A et natus commodi quo. Commodi ipsa maxime qui provident.', 'A quidem quia architecto incidunt et sint deleniti saepe consequatur beatae qui.', 'SEO Title 2 - Arabic', 'SEO Description for 2 in Arabic.'),
	(49, 25, 'en', 'Women Floral Print Summer Dress', 'Aut fugit sit qui magnam. Voluptatem delectus perspiciatis aut. Qui dolorum et non et.\n\nSuscipit dicta sint ut repellendus culpa. Amet molestiae non eveniet quod fugit. Ut velit ducimus sit. Eaque nihil corrupti sit quasi.\n\nDolores beatae nihil nulla alias voluptatem. Nihil sit facere voluptatem voluptas quaerat.\n\nEum possimus quos consectetur similique qui eum voluptatum porro. Et eaque odit maiores aut sint delectus. Debitis sit eius est sapiente. Error voluptatibus soluta qui delectus dignissimos recusandae.', 'Voluptatum at id repudiandae dolorum quae omnis ea.', 'SEO Title 2 - English', 'SEO Description for 2 in English.'),
	(50, 25, 'ar', 'Women Floral Print Summer Dress', 'At rem enim minima ducimus quia. Occaecati blanditiis quisquam quas assumenda rerum aut eos. Vitae incidunt maxime consequatur nam voluptas. Sed aliquam iusto et ut et qui.\n\nReprehenderit voluptatem aliquam repellendus. At exercitationem ut quisquam tempore. Enim blanditiis assumenda sit enim. Est saepe mollitia est sit culpa omnis. Quam voluptatem incidunt autem nisi modi dolores.\n\nSunt ducimus dignissimos officia voluptatum. Explicabo dolore non unde ea. Officia omnis blanditiis nobis corrupti. Ea quis labore itaque sit maxime.\n\nPorro aperiam accusantium dolorum ab explicabo officia aliquid non. Facilis voluptatem voluptas eos et.\n\nQuo voluptatibus aut unde et. Voluptas ea velit aliquam sint provident assumenda officia. Aliquam nam incidunt maxime iure doloribus vel sed. Non quisquam nostrum iste vitae odit distinctio.\n\nEaque corrupti modi quisquam saepe magnam et. Tenetur quas ut odio neque sapiente consequatur minus voluptatem. Explicabo voluptatem aut placeat minus molestiae.\n\nEos sunt ullam maxime sed. Rerum ipsum nobis laudantium modi et saepe consectetur. Eum qui quia tenetur sit sed. Quia sint nihil enim molestias.', 'Eligendi sequi minima quo nulla vel dolore illo quis.', 'SEO Title 2 - Arabic', 'SEO Description for 2 in Arabic.'),
	(51, 26, 'en', 'Girl Cute Hoodie With Ears', 'Architecto accusamus cum ad et. Atque sapiente est voluptates. Placeat exercitationem laudantium cupiditate facere voluptates. Pariatur eos dolor id labore et quaerat.\n\nEt aut pariatur quo perspiciatis. Et odit velit maiores est. Et consequatur repellat quasi non.\n\nNostrum ut qui vero amet et pariatur et. Sit soluta ipsam ut voluptatem.\n\nQui voluptate omnis nostrum sapiente et. Sunt et et modi. Non quod qui facilis doloremque. Reprehenderit doloremque sed perferendis voluptatem.', 'A quam qui dolor necessitatibus sed iste assumenda iure ut nostrum officiis beatae quo rem odit itaque.', 'SEO Title 2 - English', 'SEO Description for 2 in English.'),
	(52, 26, 'ar', 'Girl Cute Hoodie With Ears', 'Labore quos dolorem sit veritatis distinctio. Minus optio quaerat voluptatem culpa ut enim enim est. Est aperiam et ut sit ab quod excepturi.\n\nExercitationem accusantium magnam numquam. Ad iusto aperiam qui et id iusto quaerat sapiente. Sint neque quidem consequatur omnis est. Temporibus eum qui et omnis odio.\n\nMaiores qui a sit enim aspernatur tempore. Numquam similique sunt totam. Voluptatem non sint porro porro rerum blanditiis dolorum. Odio aut qui explicabo.\n\nNihil quidem dolor dolores veritatis vel hic. Sed modi commodi ab illum.\n\nQuasi voluptatem amet nam quis explicabo excepturi vitae. Qui magni nisi recusandae assumenda. Blanditiis omnis tenetur quia eaque. Qui omnis sed ad aliquam vel repudiandae est.\n\nOccaecati quas non laborum debitis ipsam sed. Provident dolores minima praesentium est veritatis atque et quo. Eos facilis dolorum magnam autem ut sed est. Quo temporibus omnis qui inventore laudantium minima.', 'Occaecati odio quae impedit sed maiores iusto sed necessitatibus nemo minima optio.', 'SEO Title 2 - Arabic', 'SEO Description for 2 in Arabic.'),
	(53, 27, 'en', 'Men Formal Shirt - Navy Blue', 'Placeat quo iste aut quisquam sit sed odit. Explicabo earum commodi ea corrupti eveniet a. Enim repellat ratione quaerat voluptatem. Quas eaque eligendi ut eveniet quo nemo sint.\n\nQuisquam numquam voluptas exercitationem. Deserunt quis maiores voluptatum voluptatem. Perspiciatis in repudiandae iure ratione molestias et. Qui et ipsam facere iure distinctio.\n\nIpsam et porro est tempore qui qui rerum. Reiciendis voluptatibus at facilis doloribus dolor itaque. Sit minima atque sunt qui quia hic sunt sequi.\n\nDolor totam recusandae tenetur excepturi sint neque blanditiis. Suscipit ipsam ut temporibus et sed quasi dicta. Voluptatem necessitatibus explicabo et qui aut. Aperiam beatae consequatur eum rem sapiente quia consequatur.\n\nAccusantium incidunt rerum saepe sequi. Iste placeat assumenda nulla soluta explicabo iste. Doloremque et magni labore voluptates sed consequatur officia.\n\nOfficiis dicta vitae deserunt consequatur. Sit maiores aut omnis totam illum recusandae assumenda aut. Voluptatem quae minus tempore omnis. Et consequatur voluptas asperiores ad unde aut.\n\nAperiam aut minus odio ea natus et et. Autem aspernatur et dolor deleniti. Eos porro veniam odio temporibus deserunt ut ullam. Sit itaque unde ut similique tempora quis saepe.', 'Inventore commodi nihil sint earum accusamus quas aut alias hic in.', 'SEO Title 2 - English', 'SEO Description for 2 in English.'),
	(54, 27, 'ar', 'Men Formal Shirt - Navy Blue', 'Similique amet cum ullam deleniti dolore voluptatem. Neque aut officia enim libero est. Nulla dicta et quia earum placeat corrupti.\n\nDolorum velit autem officia temporibus et distinctio. Ea amet assumenda vero. Corporis sit doloribus voluptates molestias.\n\nTemporibus veritatis sapiente consectetur autem et voluptas ducimus. Qui voluptatem nihil reprehenderit sed voluptatem rerum deserunt cumque. Voluptatem non quos voluptate. Sunt consequatur eos voluptatum.\n\nEt natus nesciunt non ex. Itaque mollitia est nihil est quas molestiae. Laborum dignissimos aut aut ea. Modi voluptate modi eum est.\n\nDolorem et aut rerum minus. In nam ad at ducimus perspiciatis quis non. Facilis perferendis inventore odio eveniet dicta animi. Quam mollitia culpa ad veniam in debitis.\n\nCorporis sunt sapiente illum sed non voluptatem. Sapiente iusto quia quasi asperiores facere consequatur est. Autem nobis quaerat porro voluptatibus non. Dolorem est cumque et nam.', 'Qui reprehenderit sint ut dolorum a facere tempora quisquam voluptas.', 'SEO Title 2 - Arabic', 'SEO Description for 2 in Arabic.'),
	(55, 28, 'en', 'Women High-Waist Palazzo Pants', 'Similique quod dolores ea iusto in fugiat. Culpa et voluptatibus ut repellendus error ducimus hic. Consequatur enim dolor eligendi mollitia dolores rerum.\n\nId nihil minima consequatur. Itaque vel expedita atque quae libero est non. Quisquam ullam sunt quod et sunt veritatis quas. Sit explicabo repudiandae amet aperiam ex porro.\n\nCum exercitationem aut est dolores reiciendis odit. Sint vero eligendi perferendis et dolor. Qui fuga ut ea voluptates earum quia non. Eum tempora quidem nobis asperiores.\n\nVoluptatum itaque nihil dolor iure. Vel quis dolorem incidunt molestias reprehenderit. Culpa quas rem voluptatem fugit. Officia consequatur praesentium doloribus veritatis nostrum officia.\n\nUllam repudiandae aperiam qui. Dolor ipsam possimus est ex vel quibusdam. Qui ab id qui sint sed rerum neque. Ipsum minima qui nostrum culpa eveniet eius blanditiis repudiandae.\n\nSaepe minima et voluptas explicabo quos autem et aut. Quia qui repellendus temporibus consequuntur est. Repellat odit dolor soluta rerum sit itaque commodi quo. Ipsa ducimus et non modi soluta et a.\n\nEst aut quisquam error sapiente incidunt molestias accusantium. Nemo qui eos at ut. Voluptatibus aut aut vel dolorum. Magnam beatae fugit voluptates et voluptatem omnis.', 'Sapiente sint alias molestiae illum voluptatem dolorem illo.', 'SEO Title 2 - English', 'SEO Description for 2 in English.'),
	(56, 28, 'ar', 'Women High-Waist Palazzo Pants', 'Nisi cumque et adipisci quos consequuntur sunt. Dignissimos assumenda dolore aspernatur et impedit.\n\nFacere ducimus enim ad enim cupiditate modi. Esse enim reprehenderit qui placeat maiores. Et provident eum et quae inventore omnis fugit. Eos et dignissimos labore nobis.\n\nSint repellat molestias voluptas qui quis deleniti. Provident molestiae voluptate in recusandae dolorem aut. Illum eos adipisci alias minus. Quasi voluptatem accusantium quam numquam corporis aperiam.\n\nQui beatae maiores iusto provident. Reiciendis quas corporis rerum sed quibusdam beatae. Quisquam consectetur ipsum in quo. Aut non quia ratione sit quo et et.', 'Magnam qui quod atque enim eos quis.', 'SEO Title 2 - Arabic', 'SEO Description for 2 in Arabic.'),
	(57, 29, 'en', 'Boy Graphic Printed T-Shirt', 'Sunt rerum quo officia deleniti veniam natus. Facilis aut aut nemo dicta totam aut. Exercitationem ratione error voluptatum ipsa et rerum et. Asperiores recusandae deleniti est consequatur delectus in. Temporibus dicta impedit explicabo ut magni id quo.\n\nAut sunt ut quidem quos aliquam ut. Quam libero quam numquam iure eos et eum nemo. Amet repudiandae aliquam dolorum veritatis ex necessitatibus magnam eos.\n\nExplicabo ex qui et quo sed. Nihil eius aut laudantium. Voluptatem est sit voluptas blanditiis sit non officia. Velit recusandae illum laudantium blanditiis et.\n\nExcepturi rerum libero doloremque omnis ratione rem sit. Sunt ratione qui ipsa tenetur voluptas beatae ducimus.\n\nExercitationem ullam ut sint. Occaecati sint quis voluptas recusandae repellendus cupiditate recusandae. Voluptate sit eum ea autem assumenda veritatis sed. Sint dolorem consequatur doloremque vitae praesentium aut.\n\nDoloremque quam modi quibusdam et optio dolorem possimus. Non doloremque hic veritatis iusto explicabo ab et.', 'Nulla molestias voluptates enim eos est perferendis non minima.', 'SEO Title 2 - English', 'SEO Description for 2 in English.'),
	(58, 29, 'ar', 'Boy Graphic Printed T-Shirt', 'Alias pariatur veritatis debitis eos repellat harum. Nostrum aperiam rerum voluptatum natus. Velit qui consequuntur maiores ad ipsam error. Quos distinctio quod in sit.\n\nNam explicabo facere possimus et nesciunt est. Aperiam quo autem commodi error animi veritatis. Dolorem et corporis facilis exercitationem aut. Explicabo quis ea quis earum ut.\n\nAspernatur rem qui quo in sed id consequuntur. Asperiores aut reprehenderit voluptatem ipsum saepe. Molestiae atque sed eum dolorem et adipisci dicta.\n\nMolestiae minus et tempora. Aut accusantium officia explicabo possimus dolores eveniet. Placeat voluptate a minus iure esse.\n\nQuaerat error ex ipsum sequi quis deserunt. Possimus autem fuga sunt. Exercitationem reiciendis ut exercitationem nemo nam nemo numquam. Similique repellat incidunt quis ut nobis modi.\n\nMinus aut quia consequuntur sed dolore. Quod eum ipsam voluptate. Optio sequi quisquam nihil sit.', 'Eius ea non explicabo praesentium est libero dolores.', 'SEO Title 2 - Arabic', 'SEO Description for 2 in Arabic.'),
	(59, 30, 'en', 'Girl Princess Party Frock', 'Maxime accusantium dolorem voluptatem fugiat deleniti. Dolores vero consequatur ipsum voluptatem magni quia sit. Dignissimos repellat quia quaerat sed optio consequatur. Possimus ut modi sint omnis ut.\n\nSuscipit nostrum qui et non aut. Quaerat aut delectus veniam. Quasi velit repudiandae consequatur. Inventore nobis blanditiis quam consequatur non vitae.\n\nConsequatur a ipsum vitae nam sit nihil cumque. Odio commodi ipsum placeat quaerat ipsa sit et.\n\nNon rem iure quis quia sint quisquam aut. Molestiae illum vel voluptas libero molestiae ab. Aut rerum delectus est. Esse deserunt non cum voluptatum in.\n\nQuasi voluptatibus ratione neque aspernatur at eius doloremque quia. Harum vitae dignissimos iure omnis. Nihil sed repudiandae iste.', 'Corporis et atque dicta qui ea repudiandae consequatur unde placeat.', 'SEO Title 2 - English', 'SEO Description for 2 in English.'),
	(60, 30, 'ar', 'Girl Princess Party Frock', 'Rerum voluptas exercitationem nemo qui aut. Quos eum est voluptate libero dolores officiis. Aut cumque consequatur nihil incidunt rem eos. Et voluptatem sed consequatur tenetur minus laudantium. Ea nostrum velit nisi ex neque rem vitae repellendus.\n\nVeritatis ipsam nesciunt tempora impedit molestias in consequatur facere. Rerum dolores id id. Pariatur dolore possimus ratione est qui. Inventore repellendus qui facilis ex tempore labore.\n\nEst consectetur consequatur dolores porro. Nulla neque eius mollitia. Quia minus nam sit est. Rem voluptate et consequatur odit sit.\n\nEt dicta ut maxime cum. Quaerat unde corporis quisquam odit fugit magni. Est minima fugit rerum. Soluta fugiat impedit iusto est quo ab.\n\nQuibusdam esse dolores nulla qui itaque aut eos. Perferendis qui quia autem nemo.\n\nVoluptas aut natus et. Soluta voluptas nesciunt alias et molestias. Est delectus vitae eligendi accusantium.\n\nSunt non commodi quasi assumenda. Quia consequatur non aperiam modi voluptas voluptatem ea. Vero qui officia in.', 'Ratione praesentium et earum aut molestiae a assumenda voluptas libero voluptas.', 'SEO Title 2 - Arabic', 'SEO Description for 2 in Arabic.'),
	(61, 31, 'en', 'Men Zipper Hoodie - Grey', 'Qui id et saepe expedita eius vitae quo a. Sunt rerum beatae ut eum omnis esse. Libero consequuntur doloribus sint ea. Earum doloremque facere rerum ut repellendus adipisci omnis est.\n\nId est totam et dolore quod. Eius odio enim dolorum et optio officia. Explicabo sunt recusandae ullam in et.\n\nOmnis quidem quos sunt natus. Iste ipsum esse consequatur consequuntur.\n\nEnim aperiam ipsa nam et. Est atque hic itaque autem aut facilis. Dolor qui suscipit dolores et ea.\n\nVel sapiente omnis quo. Dignissimos non nihil laborum labore itaque. Inventore velit asperiores quibusdam sunt non facere repellat. Totam ea quo rerum ea et et.\n\nBeatae est non voluptate et dolorem eos esse. Aliquam quo voluptas modi expedita error. Veritatis rerum nihil porro maxime omnis unde.', 'Enim sint quam exercitationem ducimus ut itaque maiores quidem labore.', 'SEO Title 2 - English', 'SEO Description for 2 in English.'),
	(62, 31, 'ar', 'Men Zipper Hoodie - Grey', 'Delectus quia repellendus non. Amet eum explicabo similique necessitatibus necessitatibus. Quaerat qui sunt fugiat doloremque voluptatem. In corporis in cum odit vel occaecati eum.\n\nRepellat rerum consequatur debitis enim animi nemo. Placeat saepe amet quibusdam fugiat architecto. Ducimus et qui autem quia ad. Doloribus et est voluptas qui neque delectus. Fugit ut tempore voluptas.\n\nExercitationem corporis nihil rerum. Ut soluta aut saepe.\n\nLibero perspiciatis nulla eaque. Voluptatem et iure et suscipit incidunt inventore ab. Et ab culpa dolores libero. Tempora aperiam voluptas possimus dolorem quos vel.\n\nAut sit saepe sint dolor minima labore saepe. Nam at dignissimos harum dolor consequuntur facere. Nulla dolorem suscipit et amet magnam.', 'Unde suscipit hic et error sit.', 'SEO Title 2 - Arabic', 'SEO Description for 2 in Arabic.'),
	(63, 32, 'en', 'Women Ethnic Kurti With Embroidery', 'Voluptas deleniti et magnam et rem eum eum quam. Maiores velit illo numquam illum. Voluptas possimus rerum sequi commodi fugit quo delectus.\n\nAut nihil quae ducimus quis. Facere nesciunt ratione voluptatem autem praesentium. Ut dolor aut ipsum voluptas est similique.\n\nAliquid explicabo voluptates illum quaerat quo quaerat nobis. Amet ut non voluptatem sit velit blanditiis. Velit odio minus porro quae. Inventore dolores nihil cupiditate et.\n\nMolestiae aut saepe at eum adipisci quae non. Molestiae qui voluptates qui est quia. Suscipit culpa sit dolorem asperiores. Ut ut incidunt non dignissimos minima.\n\nUt sed id aspernatur eveniet et et eum. Dolores non atque consequuntur ut veniam dolor corporis. Ab nostrum aliquid et fugiat blanditiis.', 'Animi sit dolor sed quas quibusdam aut ad.', 'SEO Title 2 - English', 'SEO Description for 2 in English.'),
	(64, 32, 'ar', 'Women Ethnic Kurti With Embroidery', 'Ut dolore dolorum veniam velit. Aut quidem et eveniet sit ut dicta quia. Placeat qui velit fugiat dolore dolorem ratione neque dolores. Provident sit aut eum laborum facere.\n\nIste consequatur blanditiis laborum iure rem ut. Omnis quidem unde magni nobis. Aliquid aut error culpa eius molestiae nam ex. Hic ut est recusandae inventore iure reiciendis.\n\nA voluptate corrupti et saepe. Nihil perspiciatis voluptatem deleniti similique ut eius qui alias. Ullam recusandae perspiciatis quia dolore voluptate. Sed deserunt repellat nihil omnis consectetur esse.\n\nQuas minus quasi quibusdam velit ipsam atque. Natus ut magni enim ea. Et ipsum velit eum sapiente incidunt. Facere quis odio vitae laborum dolores adipisci ut.\n\nAperiam quas eos similique esse enim facilis in dolorum. Totam qui minima et dolor possimus praesentium dolores. Consequuntur repudiandae ut minima quia nesciunt.', 'Velit asperiores rerum facilis dolor et eum quam labore ipsum beatae.', 'SEO Title 2 - Arabic', 'SEO Description for 2 in Arabic.'),
	(65, 33, 'en', 'Boy Stretchable Denim Jeans', 'Doloribus aut adipisci iste maiores. Quia odit autem laudantium modi consectetur. Fugit rerum necessitatibus molestiae voluptatem.\n\nVelit atque in perspiciatis debitis ducimus. Explicabo eligendi commodi consectetur ad at. Est excepturi minima iusto suscipit beatae eos eos.\n\nOfficiis accusamus harum ullam illo cum. Optio est cupiditate optio nam omnis qui occaecati.\n\nUllam ullam magni aut. Sint itaque cum molestiae et quas. Consectetur quod magnam laborum culpa dolores.\n\nError omnis asperiores et asperiores fuga eius. Dignissimos quo aut veniam veritatis at error. Assumenda blanditiis necessitatibus suscipit quam iusto. Voluptas explicabo similique nisi labore.\n\nLibero esse non suscipit autem. Eos a aperiam at et architecto laboriosam labore. Autem ut quis qui qui non sed. Atque est natus nemo a eius omnis distinctio. Quisquam beatae qui aut expedita laborum et voluptas unde.\n\nIure adipisci tenetur et. Rerum praesentium numquam aut voluptatum. Voluptatum consequatur et commodi qui ad. Animi suscipit sint consequatur in necessitatibus.', 'Nobis hic aliquid eaque praesentium commodi est corrupti nihil.', 'SEO Title 2 - English', 'SEO Description for 2 in English.'),
	(66, 33, 'ar', 'Boy Stretchable Denim Jeans', 'Amet ab aspernatur harum. Sit odit quidem est est aliquam aliquam architecto. Expedita sunt qui harum occaecati qui eum aut.\n\nOdit nam harum vel voluptatem est velit eaque. Nulla dolorum ea error velit quia. Itaque tenetur deleniti quibusdam minus quae quaerat et necessitatibus.\n\nVoluptas impedit minima eos occaecati doloribus accusantium accusamus. Ut vel sed dignissimos ut. Et eaque delectus qui velit est deleniti consequatur. Error inventore quas inventore molestiae vel inventore.\n\nQuasi in eum iusto. Quam laboriosam eligendi iusto nesciunt. Nulla rem tempore nesciunt blanditiis non ut omnis autem. Omnis dolorum vel nobis aliquid repudiandae repudiandae facilis.', 'Dolor dolorem veritatis eum rem accusamus architecto.', 'SEO Title 2 - Arabic', 'SEO Description for 2 in Arabic.'),
	(67, 34, 'en', 'Girl Floral Printed Leggings', 'Et atque ad id dolores corrupti eum quas. At eum vero doloremque voluptates sunt voluptatem.\n\nAliquid quos nulla aliquid. Distinctio et veniam sed dolore dolorum quisquam possimus. Aut est explicabo provident dignissimos ex eaque.\n\nTotam optio reprehenderit adipisci aperiam. Aperiam ad quia recusandae et sed aut. Voluptas quia consectetur inventore quo tenetur est. Delectus quae sed ratione at.\n\nRerum dolor ea id dolor numquam. Ducimus commodi debitis aperiam laborum assumenda soluta officiis. Placeat voluptas rerum quis debitis. Fugit sunt aut et voluptatem vero.\n\nModi dolor quos corporis doloribus vel. Eum architecto quam mollitia hic quas omnis et. Laboriosam incidunt quam eos.', 'Consectetur sapiente quia minima nisi enim doloribus assumenda vitae perspiciatis quo quis quae numquam saepe.', 'SEO Title 2 - English', 'SEO Description for 2 in English.'),
	(68, 34, 'ar', 'Girl Floral Printed Leggings', 'Cum qui nostrum est sunt ut dolorum iusto est. Voluptatem et ea est aperiam itaque at. Sit sapiente sunt quae ipsum.\n\nQuo minima illum qui et dignissimos facilis corrupti ad. Tenetur ut perspiciatis corrupti reprehenderit sed assumenda quasi. Temporibus et qui sit tempore ut iusto.\n\nSed aut fugiat sapiente maxime. Qui eum ullam occaecati eum tempore dolorem magnam consectetur. Rerum sequi fuga et praesentium sed maiores provident.\n\nLaboriosam amet error veritatis et praesentium provident esse. Voluptate est modi reprehenderit eos qui. Quaerat aut voluptatem omnis dolore dolor modi et. Eveniet atque maiores quia cum possimus a quia dolores.\n\nVeniam enim neque dolores dolores qui. Natus dolore occaecati sit laboriosam.\n\nCum eaque minima labore temporibus. Error laborum consectetur vel porro ratione consequatur. Nemo quasi quod et dolores dolores.\n\nAut est illo ipsum perferendis numquam ut. Ratione dolorem non officia maxime et assumenda. Ut expedita voluptas enim aperiam soluta maiores aut. Eligendi vel est dolorem. Ut minus reiciendis in fugiat eveniet occaecati.', 'Omnis veniam quia tempora id magni neque nisi aut.', 'SEO Title 2 - Arabic', 'SEO Description for 2 in Arabic.'),
	(69, 35, 'en', 'Men Casual Checked Shirt', 'Eligendi fugit blanditiis est eum excepturi. Qui aut sit vitae sint rerum. Amet quod velit similique porro. Esse voluptatem voluptates esse.\n\nQui ratione asperiores laborum culpa quod nisi nisi. Culpa vero rerum molestiae in et dolor consectetur. Nostrum facilis libero qui adipisci.\n\nOmnis impedit aliquam impedit laudantium culpa sunt. Veniam aliquid deleniti est in minima minus. Sint itaque omnis id esse. Incidunt nemo molestias voluptatem laborum ut reprehenderit. Saepe animi soluta et tempora ducimus.\n\nEt ipsum earum rerum expedita a aut. Et incidunt iusto in similique eos quis ea natus.', 'Aut itaque corrupti explicabo atque similique et dolor numquam.', 'SEO Title 2 - English', 'SEO Description for 2 in English.'),
	(70, 35, 'ar', 'Men Casual Checked Shirt', 'Voluptas fugit et quos dolores consequuntur. Veritatis in quod porro fugiat non rerum omnis.\n\nSed odit qui nihil aut qui a maxime. Aut tempora soluta sit qui odio autem. Eos amet sint ut minus. Ad ut et rem soluta dignissimos placeat.\n\nEt autem vel mollitia vel officia eos voluptatem. Ut officiis eveniet necessitatibus cumque cupiditate aut. Voluptatem maiores officia facere quidem. Culpa quo est assumenda et adipisci dolor enim. Nobis qui tempore dolor.\n\nQui tenetur deleniti quo et a maxime. Fugit esse necessitatibus sunt sed atque facere. Eos et velit omnis esse ratione impedit. Nam est nisi ut similique explicabo.\n\nNumquam quisquam sed voluptatem velit. Laudantium vel qui harum aspernatur iusto ut.', 'Sint officia assumenda voluptatem quas consequatur non laudantium alias laborum deserunt omnis omnis enim nisi.', 'SEO Title 2 - Arabic', 'SEO Description for 2 in Arabic.'),
	(71, 36, 'en', 'Women Chiffon Long Sleeve Top', 'Repellat reiciendis recusandae voluptatum laborum est voluptatem aut iste. Error expedita sequi esse eos qui pariatur. Architecto dolores ea ullam enim ut nihil. Atque ex numquam totam autem.\n\nBeatae et cupiditate earum aperiam omnis soluta. Quae cumque sint deserunt. Pariatur saepe facilis saepe odio aut ut.\n\nRerum non qui ea assumenda reprehenderit. Omnis ut et autem rerum eum. Necessitatibus distinctio nulla molestiae aut.\n\nDolorem dolores adipisci officia amet odit sint. Quasi autem atque dignissimos sapiente molestias harum. Ut quibusdam et est fugiat.\n\nNecessitatibus deserunt distinctio adipisci enim voluptates nemo rerum quasi. Blanditiis inventore molestiae fuga accusantium qui excepturi. Error dolorum dolor eos rerum voluptas. Est sed et reprehenderit laudantium consequatur aut similique.\n\nQuia ipsa laudantium consectetur impedit. Veniam ad dolorem ipsam et. Accusantium dolores et dolor velit. Voluptatem aut aut dolores accusamus.', 'Minus voluptatem recusandae eaque praesentium consequuntur blanditiis dolores quae adipisci consequatur similique dolor est recusandae.', 'SEO Title 2 - English', 'SEO Description for 2 in English.'),
	(72, 36, 'ar', 'Women Chiffon Long Sleeve Top', 'Ipsam aut ipsam id recusandae eum voluptatem. Fugiat vel ullam possimus ut ipsam corporis voluptatem. Neque tempore sit laudantium cum corporis.\n\nAccusamus a sed molestias et quia eius. Esse odit excepturi incidunt aliquid alias. Ut quidem ex reprehenderit accusamus culpa quam accusantium iusto. Facilis id enim pariatur voluptates quia unde.\n\nIncidunt inventore non et occaecati saepe neque fuga. Tempore dolore et aperiam ipsa. Qui laboriosam autem nulla similique sed alias.\n\nQuia sequi ut et autem optio aut. Ipsam cupiditate reiciendis omnis tenetur. Est ea magni in asperiores deserunt fugiat quidem labore. Laboriosam aut ut nobis nobis vel labore. Ratione et perspiciatis id quo nihil.', 'Dicta et ratione fuga ratione sequi ad.', 'SEO Title 2 - Arabic', 'SEO Description for 2 in Arabic.'),
	(73, 37, 'en', 'Boy Sweatshirt With Cartoon Print', 'Officia quo aut voluptatem. Qui blanditiis odit veritatis. Voluptas ducimus ea delectus a.\n\nNon molestiae explicabo dolores totam. Repellendus maiores provident in aliquid placeat nesciunt dolores. Exercitationem voluptatum quia ut atque. Vel aperiam debitis doloremque ipsam fugiat qui.\n\nSint non nulla dolorem et provident qui. Illum dicta impedit minima ut rerum. Consequuntur vero in quod sit quis.\n\nMolestiae pariatur quia minus eos perspiciatis. Quam beatae deserunt explicabo dicta. Maiores quia iusto illum vel eligendi nihil vero. Tempore qui beatae necessitatibus sunt dicta quia sapiente quisquam.\n\nCommodi amet hic nobis. Sit dolorem explicabo cupiditate explicabo similique. Hic provident beatae modi voluptatum.\n\nAd veniam illo nemo ipsa velit optio placeat. Ipsam labore accusamus sed laboriosam consequatur. Et ea quos id et ut qui. Cupiditate sit voluptas sed inventore laboriosam optio et. Quo eos et nam non quia dolorem.\n\nDeserunt molestiae dolores corporis aliquam. Dolorem esse voluptates et natus illum minus ut repudiandae. Recusandae qui fugit rerum fuga nulla ut.', 'Id laudantium dolores perferendis vitae vel alias dolore.', 'SEO Title 2 - English', 'SEO Description for 2 in English.'),
	(74, 37, 'ar', 'Boy Sweatshirt With Cartoon Print', 'Suscipit porro id aut et illo. Alias atque quia cum. Iste reiciendis eaque architecto in.\n\nLaudantium iste explicabo ullam explicabo illum rerum vel. Rerum ratione est sit quos voluptatem officia inventore.\n\nAt maxime eos velit enim quo non. Dolores qui voluptatibus recusandae ullam. Velit magnam odio neque eum ad consequatur. Consequatur et ea excepturi quia repudiandae expedita laboriosam dolor.\n\nQuos aut libero autem. Ut omnis reprehenderit dolorum enim voluptas. Omnis dolorem explicabo harum et tempora. Est minima praesentium veritatis expedita ea veniam. Non unde cupiditate rerum libero eum cupiditate libero.\n\nQuo voluptas dicta rerum qui et quia impedit. Rem qui eum quaerat sunt. Eos et dignissimos possimus voluptatem quasi voluptas aliquam et. Ea iusto tenetur occaecati atque maiores veritatis.', 'Ea placeat quas et adipisci sit esse adipisci hic sit aut aut qui.', 'SEO Title 2 - Arabic', 'SEO Description for 2 in Arabic.'),
	(75, 38, 'en', 'Girl Denim Overall Jumpsuit', 'Optio atque non excepturi deleniti sed maiores et. Enim quos aut temporibus necessitatibus dolores eveniet nemo exercitationem. At labore sequi omnis dolore et ut consectetur. Et animi et earum suscipit vero ullam.\n\nNon cumque voluptatem ducimus voluptate. Sint dignissimos velit dignissimos. Quae accusamus explicabo qui rerum molestiae perspiciatis autem id.\n\nDolor accusantium maxime quia omnis non est perferendis. Iure alias officiis occaecati saepe nihil soluta eaque neque. Pariatur minus voluptate voluptate nobis.\n\nDebitis rerum aperiam corporis blanditiis nesciunt perspiciatis qui quasi. Dolorum quae excepturi est quia. Recusandae cupiditate pariatur quam est.\n\nLaudantium ipsum rerum sed quia qui quia. Et id voluptatem voluptatibus qui sint reprehenderit id in. Omnis adipisci quae quis ratione animi vel quis sed.\n\nAt quibusdam adipisci assumenda saepe aut in. Sequi voluptatibus quidem dolorem et et consequuntur. Quia aut vero et dolorum optio. Cumque recusandae id necessitatibus dicta non est dolore.\n\nDoloribus sed fuga ut recusandae delectus non non. Id non suscipit mollitia et laborum.', 'Quaerat eveniet voluptas dolore laborum aut omnis.', 'SEO Title 2 - English', 'SEO Description for 2 in English.'),
	(76, 38, 'ar', 'Girl Denim Overall Jumpsuit', 'Et dolor repellat delectus praesentium. Accusamus ipsum necessitatibus sapiente incidunt voluptatem illum molestiae aperiam.\n\nIure labore modi labore et. Odit sequi voluptatem ut ex aut consequatur. Porro sint quia similique dolor animi quidem et. Ab ut consequuntur delectus. Voluptatem laborum sed magni quibusdam iusto aliquid illum tenetur.\n\nIste rem sint quis sunt maxime. Quo officiis quia velit explicabo. Possimus earum accusamus placeat debitis possimus veritatis molestias vel. Repudiandae culpa laboriosam reprehenderit ex.\n\nAmet sint labore quam adipisci. Voluptatem veniam dolorem quisquam nulla non. Ea et repudiandae eligendi odit. Aperiam cumque veniam eaque velit debitis nobis quas.\n\nId qui voluptatem ipsam. Voluptas dolore qui quia. Optio quaerat ex aspernatur molestias voluptas ipsum ab.\n\nFuga amet officiis totam consequuntur voluptatem sequi. Et non perspiciatis accusamus officiis. Aliquid enim eos non vero ducimus.', 'Ut veritatis sit saepe architecto et qui suscipit aliquid quas id in dolore accusantium velit doloribus qui.', 'SEO Title 2 - Arabic', 'SEO Description for 2 in Arabic.'),
	(77, 39, 'en', 'Men Sports Jogger Pants', 'Molestiae deleniti non deserunt quis ipsum. Quibusdam quidem dignissimos est ratione. Magni quis illo impedit quisquam sunt deserunt quam. Dolores et autem eligendi consequuntur.\n\nProvident quidem voluptas totam. Beatae error qui quaerat molestiae. Non in minus facilis non qui nobis dolores.\n\nEius porro dolor autem. In minus possimus animi officiis necessitatibus dolor. Nisi quas assumenda ratione nesciunt quas aut ipsam.\n\nSunt voluptatem quis fugit rerum optio. Voluptatum ut repudiandae porro molestiae illo dolorum. Rem vero aliquid aut.', 'Rerum iusto facilis id quas illum nemo veritatis eos est recusandae.', 'SEO Title 2 - English', 'SEO Description for 2 in English.'),
	(78, 39, 'ar', 'Men Sports Jogger Pants', 'Praesentium distinctio optio ut pariatur assumenda voluptatem natus. Ducimus nemo architecto labore ratione consequatur accusamus. Qui autem aut quia vel eum est ducimus.\n\nSoluta odit mollitia autem quasi aut. Explicabo asperiores omnis quis qui explicabo culpa. Qui tempora voluptatibus incidunt commodi unde unde tempora quis. Quia sequi dignissimos nihil corrupti. In repellat enim porro iure dolor nulla.\n\nImpedit reiciendis iure et ea iure. Architecto minus est est quae.\n\nEt nesciunt quia recusandae omnis ut velit aut. Fugiat autem culpa autem praesentium ipsum qui recusandae. Praesentium sed quia delectus est laboriosam rerum. Quaerat a beatae dignissimos enim magnam qui consequatur.\n\nVoluptatibus veniam voluptatem dolorem ut minus et et. Odit et ea officia quasi possimus inventore et.\n\nArchitecto tenetur est tenetur corporis in. Expedita ea similique modi ea. Velit atque aliquid quia rem. Consectetur quia quia qui numquam.\n\nNisi velit omnis similique dolore perspiciatis veritatis voluptatum adipisci. Dolores sit et officia molestias repellendus veniam. Autem laboriosam vitae et molestiae eos.', 'Voluptatum autem mollitia dolorem eum voluptas corrupti assumenda repudiandae quo.', 'SEO Title 2 - Arabic', 'SEO Description for 2 in Arabic.'),
	(79, 40, 'en', 'Women Knitted Winter Sweater', 'Animi id ipsa optio libero sit. Ipsam velit est quas. Omnis incidunt numquam iure voluptates maiores omnis.\n\nQui fugit minima suscipit ullam. Assumenda dolores et magnam fugit. Minus dolor voluptatem ut facere error delectus.\n\nRerum impedit ullam fugiat voluptatem ducimus quisquam veniam. Corrupti iusto quo quia explicabo qui ratione impedit magni. Blanditiis dignissimos aut alias. Voluptatem officia non fuga culpa repellat veritatis.\n\nAd nobis officiis ipsum tempora. Sint vitae id totam nisi dignissimos sed dolores. Aspernatur et quod et eveniet eum ab provident iure. Nam maiores omnis ex unde soluta at quas autem. Modi natus exercitationem non qui dolor itaque.\n\nAliquam possimus fuga aut et. Doloremque quae a accusamus quis iusto quam. Provident provident ad et distinctio quia perspiciatis eos. Aperiam asperiores dolor temporibus consequatur necessitatibus qui in.', 'Accusamus inventore provident est quibusdam iste aut aperiam.', 'SEO Title 2 - English', 'SEO Description for 2 in English.'),
	(80, 40, 'ar', 'Women Knitted Winter Sweater', 'Autem dolore occaecati officiis eos veniam. Voluptates omnis eos explicabo quo occaecati iste ullam sunt.\n\nQuod magnam consequatur et laboriosam nostrum sit. Omnis delectus non recusandae pariatur animi sit modi. Asperiores aut voluptates non molestiae suscipit.\n\nAutem laudantium amet corporis est molestias. Ut eveniet iure aut ea. Assumenda rerum molestias expedita sequi quia rerum ipsam et. Tempore aperiam possimus aut fuga rerum cupiditate incidunt.\n\nVoluptatibus sint quo animi veniam porro. Aperiam ea ratione et illo.\n\nSit iusto qui et. Id voluptas aut ut fugit commodi. Et voluptates aut aut. Non assumenda optio est natus consequatur. Suscipit id molestiae assumenda omnis itaque non.\n\nEsse aut qui earum sed modi dolore itaque vitae. Amet ullam velit nobis velit voluptatem ut. Voluptatem sit ad consequuntur nulla nostrum velit.\n\nExplicabo ut praesentium illum possimus dolorem ratione facilis. Voluptatem totam doloremque quis. Error perferendis hic nostrum atque fugit sunt temporibus accusamus. Qui est labore quod consequuntur soluta nam delectus repudiandae.', 'Autem atque totam mollitia iusto.', 'SEO Title 2 - Arabic', 'SEO Description for 2 in Arabic.'),
	(81, 41, 'en', 'Girl Puff Sleeve Cotton Top', 'Placeat velit aspernatur quo neque eius qui. Et veniam laudantium qui deleniti pariatur deleniti. Minima dolorum voluptatem exercitationem soluta.\n\nHarum laudantium facilis accusamus. Non mollitia dicta mollitia qui sit sequi. Corrupti optio veniam modi earum quia officiis. Libero odio dignissimos et reprehenderit.\n\nLaudantium ut facere at qui incidunt voluptatum. Provident dolor laborum voluptatem voluptas.\n\nNam voluptatum quo ut. Est inventore ut ab sunt. Repellendus distinctio eos a sed. Error sunt provident doloremque illo rerum quia et. Autem non dolores facere maiores.\n\nRerum dolores voluptas incidunt eos sit vel voluptas. Aspernatur aut ut suscipit placeat. Aut non libero non eveniet eligendi. Magni id maiores nisi sunt.', 'Rem et voluptas at commodi ex necessitatibus.', 'SEO Title 2 - English', 'SEO Description for 2 in English.'),
	(82, 41, 'ar', 'Girl Puff Sleeve Cotton Top', 'Qui totam ut corrupti ad. Id sint voluptate eos est rerum quod dolorem. Dolorem nemo optio enim ut omnis quisquam quis. Provident placeat consequatur vero numquam esse est omnis.\n\nIpsa et quia fugit minus dolorem asperiores. Architecto molestiae vero maxime aut nemo. Est enim quam hic consequuntur enim.\n\nDolorem similique nostrum eligendi ipsam adipisci odio et voluptatibus. Omnis officia sequi optio. Ut quaerat ratione dolores dignissimos.\n\nSed quam sequi quibusdam autem. Laboriosam non sed minus eligendi. Aut perspiciatis et temporibus nihil. Ratione voluptatem rem sequi voluptatem voluptatem.\n\nId in suscipit sint omnis quis itaque dolores. Est eius atque animi molestiae nemo ut nisi possimus. Omnis sunt temporibus est sint. Ullam iste et voluptatem enim molestiae cum.', 'Nulla doloribus voluptas minus sapiente explicabo vero in voluptates et.', 'SEO Title 2 - Arabic', 'SEO Description for 2 in Arabic.'),
	(83, 42, 'en', 'Fresh Red Apples (1Kg)', 'Commodi et eos voluptas. Dolorem temporibus enim temporibus illum. Et asperiores quia et sit quas enim quod.\n\nExpedita vel vero rerum quidem autem ex. Ratione sint ea et in quo. Temporibus ipsa animi facilis voluptatibus pariatur fugiat sapiente.\n\nVoluptatem est ullam asperiores voluptas omnis necessitatibus. Alias repellat occaecati ut aut. Quasi voluptas adipisci cumque autem.\n\nRepellendus voluptate ex inventore perferendis sed dolore quo. Voluptatem necessitatibus vitae praesentium. Recusandae explicabo maiores sunt consequatur.\n\nVoluptas fugiat ad omnis tempora quia libero. Facilis nisi numquam consequuntur quia possimus molestiae amet. Architecto beatae atque explicabo quia et est. Libero neque rem velit aut dolor excepturi.', 'Et quis libero dolorem dignissimos iure nobis quia veritatis eos aut sint ut.', 'SEO Title 3 - English', 'SEO Description for 3 in English.'),
	(84, 42, 'ar', 'Fresh Red Apples (1Kg)', 'Perspiciatis explicabo incidunt in et. Voluptatem corrupti qui accusantium repellendus doloremque saepe. Et vel suscipit ab modi quis aut molestiae explicabo.\n\nQuidem molestiae iste est temporibus voluptatibus omnis quibusdam. Minima possimus optio corporis ut quia animi. Repellat quis suscipit occaecati eos neque qui. Tenetur quo magni alias dicta accusamus nulla pariatur.\n\nLaudantium voluptatem dolor sunt quae est sapiente aspernatur. Ea beatae consequatur in rerum. Nam similique distinctio dolorem dolorem qui vel ut tenetur. Quibusdam excepturi architecto aliquam quo et voluptatem enim. Ab tenetur sed vitae corrupti sunt maxime.\n\nQuasi rem illo perspiciatis vel. Nostrum ipsum et rem atque atque et. Sit voluptates nobis reprehenderit dicta et sit ex. Est ipsum quia voluptates.', 'Consequatur quia fugiat facere soluta consequatur nesciunt vitae tempore tenetur harum alias pariatur.', 'SEO Title 3 - Arabic', 'SEO Description for 3 in Arabic.'),
	(85, 43, 'en', 'Green Kacha Kola (Raw Banana) 1 Dozen', 'Ea qui recusandae sint. Voluptas saepe nesciunt consequatur quibusdam expedita eaque. Voluptate omnis rerum corrupti recusandae molestiae animi facere.\n\nSunt dolorem nihil ad laborum. Ad dicta doloribus vero aut ratione. Illo et eum blanditiis sit rem. Sint soluta recusandae sunt illum adipisci quae.\n\nDoloremque reiciendis tenetur incidunt qui. Molestias qui voluptas eveniet dolores nihil qui. Eaque ipsa est odio veritatis repellendus cupiditate eum. Atque praesentium nihil vel. Reprehenderit aut ut sed ut.\n\nVoluptas non officia ab alias consequuntur quis sit. Libero quia dolorum repudiandae praesentium rerum. Pariatur perferendis sed est reprehenderit ut. Quis id quo reiciendis quo nihil est.\n\nVoluptate magnam et nihil quae. Est possimus officiis nostrum. Excepturi velit ipsam officia voluptas. Ut odio et quis.\n\nIn consequatur id earum quia. Mollitia voluptate aliquam voluptatem dolorem. Sed asperiores rem est. Itaque natus voluptatem ut facere aliquid distinctio aut. Ea est officia repudiandae voluptatem ducimus.', 'In rem iste itaque rerum rem quis unde quia.', 'SEO Title 3 - English', 'SEO Description for 3 in English.'),
	(86, 43, 'ar', 'Green Kacha Kola (Raw Banana) 1 Dozen', 'At consequatur consequatur consequuntur nihil. Et voluptates rerum rerum est quo. Culpa numquam corrupti hic non quis. Sapiente quia facilis inventore quia eos id.\n\nBeatae nulla qui illum culpa repellendus voluptas. Blanditiis qui quae est vel sunt et molestias amet. Perspiciatis et soluta tempora sequi minus labore.\n\nHic architecto veritatis similique. Ipsum suscipit omnis consectetur consequuntur dolor explicabo. Neque minus qui aliquam sed ea et dolores.\n\nCupiditate itaque aut alias alias nesciunt illo. Optio corrupti beatae vel accusamus distinctio sequi dolorem. Ducimus praesentium autem consectetur ducimus officiis omnis.\n\nIllum vero autem provident eaque aperiam qui. Eum et blanditiis veniam quaerat et sunt impedit eum. Ut est sequi molestiae et ut et. Autem a ab harum non.', 'Eveniet et autem rerum qui aspernatur eius ipsum dolores porro.', 'SEO Title 3 - Arabic', 'SEO Description for 3 in Arabic.'),
	(87, 44, 'en', 'Deshi Chicken  Whole (Skin Off) 1Kg', 'Reprehenderit dolore veniam dolorem eveniet est. Quisquam illum sed architecto est. A quo vero facilis voluptates voluptatem doloribus et nihil.\n\nConsequatur sit qui quas quisquam deleniti qui. Impedit quis unde rerum qui et ipsam dolores quis.\n\nDolores commodi sint quia aspernatur. Delectus eligendi voluptas quia modi ducimus cum enim expedita. Aut incidunt illo non sunt. Non error ut placeat quod quam.\n\nNon nostrum deserunt ea repellat quibusdam blanditiis. Quasi rerum architecto sit nam maiores dolores maxime voluptas. Ipsum aliquam magnam consequatur neque nam placeat. Eveniet in blanditiis unde vel iusto aliquam.\n\nSoluta aut et aut et animi ut laudantium. Aut distinctio iste velit reprehenderit vitae quas. Aliquam quis cum est omnis ut qui hic.', 'Esse aut rem voluptates ex dolor dicta et illum perspiciatis voluptas a sunt.', 'SEO Title 3 - English', 'SEO Description for 3 in English.'),
	(88, 44, 'ar', 'Deshi Chicken  Whole (Skin Off) 1Kg', 'Magnam facilis autem sapiente quaerat alias sint iste. Tempora sint voluptatem et. Amet aliquam nostrum excepturi quibusdam qui atque adipisci. Omnis ut unde dicta quia.\n\nReprehenderit et aliquam neque nesciunt facilis ut eum ipsa. Impedit non perspiciatis totam magnam quaerat. Tempora vel consectetur magnam ut nostrum libero recusandae.\n\nQuia odio nam itaque sunt eveniet. Iure eum maiores explicabo facere saepe. Perspiciatis eveniet quis ut ut nulla. Iusto omnis aut temporibus ab.\n\nEt perferendis eum perspiciatis non eum voluptas molestiae. Sapiente ut modi natus. Quod ipsum illum cupiditate magnam.\n\nAd hic neque itaque ut placeat quas veniam. Et velit voluptate voluptates autem debitis nobis ipsum. Cumque totam rerum voluptates ut quibusdam quo.', 'Voluptatem modi possimus ex optio fugit nulla dolorem iusto reiciendis sapiente.', 'SEO Title 3 - Arabic', 'SEO Description for 3 in Arabic.'),
	(89, 45, 'en', 'Teer Soyabean Oil 5 Litres', 'Aspernatur repellat aliquid enim consectetur. Eligendi omnis magni eos aut. Impedit et consequatur qui quia sit.\n\nOptio tenetur odit recusandae et. Natus assumenda accusamus non dolor occaecati amet. Ipsa officia veniam accusamus error consequatur facilis nesciunt.\n\nRerum unde dolor id unde. Voluptatibus molestiae reprehenderit totam omnis in vitae. Iure distinctio recusandae assumenda harum eveniet.\n\nUt ipsum soluta perspiciatis dolor voluptatibus. Non minus harum non mollitia. Labore nam cupiditate minima possimus ad unde.', 'Est ut provident facere ut quasi doloribus.', 'SEO Title 3 - English', 'SEO Description for 3 in English.'),
	(90, 45, 'ar', 'Teer Soyabean Oil 5 Litres', 'Et hic et nulla est velit. Sunt iure quo voluptates id unde provident. Labore rem expedita facilis enim.\n\nEst ut aut et provident quia aut. A itaque natus aut accusamus. Consequatur ut adipisci voluptates commodi ut. Voluptas provident incidunt illum labore ut officiis est. A recusandae commodi harum dolorem in aut labore.\n\nModi quia non non est ea eligendi tempora natus. Neque dolorem doloribus voluptatem deleniti. Et et nihil molestiae nihil et et. Aut doloribus expedita ducimus corrupti. Et cupiditate dolores officiis laudantium adipisci quo.\n\nReprehenderit sed qui minima molestiae similique in eum. Ut doloribus sit repellat quia. Velit quos earum sint odit qui.\n\nAtque consequatur delectus voluptas magni quisquam illum perferendis. Natus quod cum aperiam perferendis a recusandae labore.', 'Ducimus repellendus inventore doloremque nihil asperiores est consequatur ducimus cumque esse atque commodi.', 'SEO Title 3 - Arabic', 'SEO Description for 3 in Arabic.'),
	(91, 46, 'en', 'Ispahani Mirzapore Best Leaf Tea 400G', 'Quia quis ullam illum odit. Quas consequatur modi nulla quo suscipit sapiente quae. Quasi dolore iste vitae consequatur. Eos illum magnam nisi quia nisi.\n\nVoluptatum tempora eos illo ea et praesentium aut. Eius consequatur nam est qui tenetur. Et quia quidem exercitationem. Sed aut vero tenetur. Sed dolore blanditiis labore consequatur aut ut.\n\nUt dicta saepe fugiat laboriosam perspiciatis dicta qui. Reprehenderit sit ut eos et architecto iure eaque omnis. Ea quae quaerat inventore sunt et.\n\nDignissimos mollitia est nobis occaecati. Illum repellendus blanditiis voluptas doloremque quia. Ut doloremque repellendus minus voluptatem excepturi et expedita quo.\n\nUnde laudantium sed vel. Ad iusto et velit sunt alias. Aliquid odio earum molestiae omnis molestiae vel.\n\nEum aliquam rerum ut iste. Sit eos est iure nemo sint. Ea eum molestiae suscipit.', 'Cumque illo sunt ex voluptate fugit sequi repellendus repudiandae delectus.', 'SEO Title 3 - English', 'SEO Description for 3 in English.'),
	(92, 46, 'ar', 'Ispahani Mirzapore Best Leaf Tea 400G', 'Iusto cumque ad facere nisi. Est iusto dolorem nam ut alias voluptatibus mollitia. Porro excepturi ut tempore harum voluptas placeat. Labore voluptatem aliquam consequuntur.\n\nDolor sint quis voluptas magnam veniam aliquam ut. Blanditiis et numquam rerum quae. Natus velit consectetur accusamus corporis nam praesentium vel. Ipsam laborum repudiandae optio numquam repellat totam.\n\nRerum perspiciatis consequatur omnis accusantium vitae consectetur. Rerum inventore laboriosam similique earum sint voluptas vel. Dolorum in est placeat.\n\nMaiores et ut rerum id molestiae sint in. Dolores repellat accusantium vitae doloribus occaecati molestiae qui. Dicta sapiente qui unde magni harum rem. Molestiae accusantium a blanditiis aut cupiditate.\n\nEt quibusdam consequatur tempora maxime. Est accusantium cupiditate sed fuga. Sint est officiis doloremque et.', 'Harum sint ut consequatur aut.', 'SEO Title 3 - Arabic', 'SEO Description for 3 in Arabic.'),
	(93, 47, 'en', 'Fresh Carrots (Organic) 500G', 'Voluptates dignissimos cum qui aut voluptate a. Et fugiat mollitia beatae in provident quia dolor laudantium. Aliquam praesentium sed modi fugit quia accusantium occaecati.\n\nCommodi delectus voluptas dignissimos ex fugit itaque et architecto. Velit nobis odit omnis et quia.\n\nEt non excepturi et nam qui sed consequatur. Nesciunt voluptatibus magni dolore aspernatur quis eos velit. Quae ad iusto reprehenderit.\n\nEarum est laudantium enim minima. Numquam eligendi modi esse iusto dolor rerum voluptatem dolores. Quis quis omnis magnam et.', 'Dolores exercitationem qui quam.', 'SEO Title 3 - English', 'SEO Description for 3 in English.'),
	(94, 47, 'ar', 'Fresh Carrots (Organic) 500G', 'Ipsa sint aliquam accusamus mollitia consequatur beatae. Mollitia consequatur culpa ea repellendus eos et voluptate. Numquam ex omnis mollitia nisi. Et qui consectetur iusto.\n\nNon occaecati vel esse minima fugiat recusandae. Ducimus quasi ad cupiditate magni aut commodi et. Assumenda molestiae deleniti rerum laboriosam.\n\nRatione at nemo blanditiis doloremque nihil iste. Natus libero laboriosam doloribus quas fugiat. Et quo et eos odit. Quis magni aut itaque repudiandae earum enim cumque.\n\nEst unde quo rerum sed provident voluptatum repudiandae. Praesentium necessitatibus dolorem aliquam et aut. Quis eum deleniti dicta rerum earum voluptatem ea qui. Minus vitae totam dolorum quam.\n\nEsse animi aliquam qui repellat dolor aut repellendus. Et quae laborum et ut iure. Nulla sit enim quaerat neque fugiat.\n\nTemporibus repudiandae corporis rerum reiciendis laudantium id magni. Enim excepturi dolorum corporis ducimus. Ut est tempora asperiores ipsa repellendus consequatur. Eum sunt facilis vel qui est quibusdam libero doloremque.\n\nId nostrum reprehenderit cupiditate aut dolorum nostrum. Quis non fugit dolorem delectus sed. Quas ea eum numquam dolor recusandae. Porro illo quisquam sed veniam officiis dolorem velit.', 'Dolore sequi sed in voluptas illum porro.', 'SEO Title 3 - Arabic', 'SEO Description for 3 in Arabic.'),
	(95, 48, 'en', 'Golden Harvest Atta  2Kg Pack', 'Natus repudiandae aut aut asperiores. Suscipit sit saepe quasi. Sed ex facilis et tenetur. Ut perferendis quo autem deserunt.\n\nVeritatis molestiae error ullam qui eaque illo et. Rem quo temporibus quo dignissimos velit qui. Culpa ea quis nihil ipsum nisi aspernatur.\n\nFuga officiis nihil quia aut velit. Rerum et possimus odio cum nobis laboriosam. Eos adipisci dolorum est earum et reiciendis. Adipisci nisi qui porro adipisci modi veritatis aut. Libero aspernatur ab explicabo laudantium.\n\nUt laboriosam nisi ea est eum et quaerat. Et et quod ipsa qui voluptas facilis. Corporis temporibus quia impedit consequatur tempora ex.\n\nUt quas earum omnis cupiditate. Adipisci consequatur sed et aut porro officiis. Explicabo consequuntur facilis pariatur culpa quae. Ut iste et sunt nulla odit sed quia.\n\nQuia facilis sequi et ex mollitia quia. Accusamus quia vel non quidem. Qui quae praesentium architecto quae mollitia.\n\nEaque laboriosam dicta deleniti amet delectus numquam fugiat quisquam. Earum laborum ut nulla fugiat odit necessitatibus. Quia et aut magnam sed in vel nobis nulla. Molestias voluptatem sit exercitationem libero omnis est id non.', 'Similique tempora voluptatum dolor tempore ut.', 'SEO Title 3 - English', 'SEO Description for 3 in English.'),
	(96, 48, 'ar', 'Golden Harvest Atta  2Kg Pack', 'Iste molestiae et ut est. Vel rerum qui aut sit optio laboriosam eaque. Saepe blanditiis mollitia ipsam eius assumenda necessitatibus ab.\n\nEsse enim est velit error iusto eum quo eligendi. Itaque praesentium aperiam illum modi nostrum ut sit. Ullam iusto debitis in sint ex.\n\nCulpa iure aspernatur veniam reprehenderit excepturi id enim. Cum enim molestiae repudiandae et a. Quo accusantium hic reprehenderit fugiat voluptatem aut.\n\nNeque adipisci exercitationem quisquam eligendi id. Quos ea voluptatem enim culpa neque temporibus ut voluptatibus. Dignissimos deleniti aut reiciendis qui iste voluptates.\n\nQuis est et cupiditate corrupti non enim. Autem id a aut. Laudantium accusamus tenetur eaque impedit consequuntur. Ut consectetur pariatur ipsa enim quas tempora eius voluptate.\n\nDignissimos voluptatibus minus maxime temporibus rerum amet. Provident non nihil aspernatur possimus. Id reiciendis dolor occaecati perferendis.\n\nEst molestias tempora vero sint et consectetur. Consequuntur aut omnis similique dolores. Et ratione tempore ducimus aspernatur officiis.', 'Libero nisi non sed voluptatem repellendus omnis vel omnis.', 'SEO Title 3 - Arabic', 'SEO Description for 3 in Arabic.'),
	(97, 49, 'en', 'Beef Bone-In Premium Cut 1Kg', 'Omnis sunt incidunt et provident et necessitatibus minima. At velit dolor doloremque voluptas modi. Dolorem eos eaque laudantium quisquam quis. Autem velit quo consequatur vitae quibusdam.\n\nImpedit doloremque rerum quia officiis temporibus in. Itaque cum labore quod ut temporibus porro repudiandae. Enim debitis aut sit ut ea. Repudiandae voluptate minima reiciendis aspernatur error. Tempore atque ut ut a possimus ad aut.\n\nFacere est error incidunt. Amet itaque similique magnam quibusdam. Sit sed hic aut nesciunt necessitatibus iste. Rerum reiciendis voluptatem ut.\n\nFuga qui velit consectetur culpa temporibus facere illo. Commodi ducimus dolore voluptate. Pariatur perferendis quaerat non.\n\nVoluptatem fugit quia sequi. Deleniti necessitatibus illo vitae quaerat. Rem quaerat a voluptatum et voluptatum. Placeat quisquam autem voluptas modi assumenda fuga. Est ipsum a esse sunt necessitatibus et repellendus molestiae.\n\nAut non asperiores explicabo laboriosam est atque. Dolor autem veritatis nesciunt dolor sit. Molestiae neque unde repellat fugiat et officia harum molestiae.', 'Consequatur veritatis necessitatibus asperiores et nobis nihil ratione animi doloribus.', 'SEO Title 3 - English', 'SEO Description for 3 in English.'),
	(98, 49, 'ar', 'Beef Bone-In Premium Cut 1Kg', 'Sint laborum est sed ab officia quia. Aut odit commodi amet dolorum. Et a similique ullam. Doloribus occaecati qui tempora enim ex quia voluptatem consequuntur.\n\nDolores eos exercitationem ex et non veniam. Quam eos aut aut aspernatur fuga ad. Eos dolor fugiat dolores molestiae distinctio perferendis. Vero autem delectus rerum ut nesciunt quisquam quaerat. Velit ut quia vitae.\n\nTemporibus provident itaque ut similique ut. Et consequatur qui modi. Dolores voluptas sint id adipisci aut voluptatem non. Excepturi neque accusantium soluta perferendis quo quia in.\n\nVelit quam a beatae. Itaque adipisci laborum modi aspernatur. Quam neque id fugiat quia qui magnam. Sint optio libero ex recusandae.\n\nSed et sit explicabo exercitationem reprehenderit id. Et quas error eius qui nihil hic. Sed aut quo quibusdam iusto et. Dicta quae qui quam fuga distinctio iusto nobis voluptatum. Temporibus earum saepe ut quis.\n\nIn aut earum enim qui repellat consectetur. Voluptas aperiam ut id atque rerum. Et soluta fugiat ipsam ea non. Eius incidunt voluptatum quia quia quas hic accusamus.', 'Molestias et quas occaecati minus ex asperiores cum beatae qui eos quis.', 'SEO Title 3 - Arabic', 'SEO Description for 3 in Arabic.'),
	(99, 50, 'en', 'Green Chillies  Local Fresh 250G', 'Aperiam eaque nisi ipsum voluptatem quo non. Minus cum quaerat voluptas. Ex voluptate laudantium praesentium quod quis officiis quidem. Sed maiores molestias non. Aut dolorem architecto et fugit saepe a.\n\nDoloribus exercitationem sint provident. Accusantium dolorem fuga quia numquam ab accusantium. Tempora dolor at sint dolor asperiores illum voluptatem. Mollitia architecto enim laboriosam.\n\nTempora voluptatum labore distinctio aperiam occaecati maiores. Quia qui hic eos at. Vel eius voluptatem autem dolores neque.\n\nSit molestias nihil saepe autem tempora et. Ut nostrum minus ut. Et doloremque excepturi deserunt nemo praesentium.\n\nVitae adipisci atque voluptatem qui eligendi. Doloribus autem quisquam vel pariatur consequatur eius illum. Similique itaque harum possimus non quis.', 'Necessitatibus vitae et illum ratione dolores praesentium.', 'SEO Title 3 - English', 'SEO Description for 3 in English.'),
	(100, 50, 'ar', 'Green Chillies  Local Fresh 250G', 'Molestias vitae autem quia dignissimos quibusdam. Ad nisi consectetur maxime nisi est amet et iste. Soluta eos amet illo cumque.\n\nAb consequuntur eaque nihil ut sed est est quisquam. Provident ut tenetur aliquid neque quos. Qui voluptates perspiciatis non rerum. Iure fugiat est inventore quibusdam molestias facere non autem.\n\nVoluptate autem officiis quidem est. Ut nihil ut earum odio nemo dolorem cupiditate. Est quae sunt corporis voluptas ducimus dicta laboriosam. Unde rerum laudantium et consequatur.\n\nDoloremque necessitatibus doloribus et. Modi harum facere consectetur sit. Voluptatum voluptas non omnis perferendis quia nam voluptatibus. Sunt pariatur aut autem ex.\n\nMolestiae nobis quia et. Provident est aspernatur laudantium iusto dolor. Hic temporibus ut distinctio iure nesciunt numquam. Aut beatae et hic hic doloremque odit. Rerum et hic quae.', 'Nihil quaerat tenetur molestias corporis dolorum reprehenderit cupiditate earum rerum asperiores impedit soluta ut.', 'SEO Title 3 - Arabic', 'SEO Description for 3 in Arabic.'),
	(101, 51, 'en', 'Olitalia Extra Virgin Olive Oil 1L', 'Qui ab vel molestiae eveniet non. Voluptatibus iste libero debitis magni numquam.\n\nTotam provident inventore unde quidem repellat id. Quaerat voluptatem deleniti autem et ut numquam dolor. Non dignissimos molestiae natus excepturi. Deserunt est atque vel.\n\nUt accusantium molestias sint inventore quis perspiciatis impedit. Error suscipit sed aut velit eveniet minima et. Amet alias recusandae enim.\n\nEa a nemo quia ipsum aut. Est sit ea unde totam dolorem quasi eligendi. Non enim voluptas ut deleniti corrupti cupiditate commodi.\n\nPossimus enim tenetur veniam est ipsam. Accusamus tenetur ut et sed qui voluptatum ipsa.', 'Exercitationem quia perspiciatis aut omnis voluptatum ut.', 'SEO Title 3 - English', 'SEO Description for 3 in English.'),
	(102, 51, 'ar', 'Olitalia Extra Virgin Olive Oil 1L', 'Earum dicta sit repellat inventore esse dolorem et. Modi unde dolorum non accusamus iste amet. Necessitatibus aut earum qui eaque. Qui accusamus ea id in aut.\n\nCumque commodi minus magnam aut expedita. Cum omnis possimus consequatur cupiditate pariatur dicta quia. Commodi eum incidunt quo vero vitae repellat. Voluptate et dolores ducimus cumque.\n\nDolorem ullam eum facere ut. Dolore maxime ut id voluptas omnis. Sunt assumenda deleniti ducimus consectetur rerum aperiam laudantium. Nulla quasi reprehenderit deserunt aut pariatur.\n\nQuos labore eaque esse aut eius ea quia. Iste molestias eligendi culpa veritatis aut ut veniam. Eius sed et ipsum modi. Officiis debitis sunt quidem magnam neque. Voluptates suscipit est quis fuga omnis.\n\nHic ut est sed error voluptatibus. Fugiat rerum distinctio cum molestias dolor sequi. Qui blanditiis perferendis culpa placeat reiciendis. Accusamus quia cum incidunt pariatur. Reprehenderit sapiente numquam porro voluptas.\n\nLaudantium et voluptate qui doloribus eum alias. Est praesentium dolorem et sed illo id. Rerum totam ea iste iure praesentium voluptatum tempora. Aut rerum eos dolor voluptas commodi.\n\nEarum voluptatem aperiam eaque nobis nemo expedita dolorem. Aut explicabo aut tempore distinctio consequatur. Eos eius esse temporibus. Sequi earum et minima libero ab corporis ratione vel. Vel ea aliquid repellendus sapiente.', 'Sed et nostrum et id et non.', 'SEO Title 3 - Arabic', 'SEO Description for 3 in Arabic.'),
	(103, 52, 'en', 'Ponni Rice (Short Grain)  5Kg', 'Cumque aut facilis alias occaecati amet ullam quam. Deserunt nulla aperiam molestiae laborum dolore vel. Distinctio at voluptatem non facilis facere. Dolorem ad culpa dolor voluptatem.\n\nMagnam natus iure ipsa perspiciatis. Est molestiae libero tempore magnam. Culpa sapiente ea optio numquam culpa harum consequatur aperiam.\n\nCorporis necessitatibus quaerat nisi maxime necessitatibus eos dolor. Officiis rerum quos alias est. Aut rerum omnis et non harum quod.\n\nVoluptatem placeat asperiores amet perferendis voluptas. Culpa autem at velit enim expedita. Saepe vel sit enim similique corrupti in.\n\nSed ipsam ex voluptatem totam. Praesentium possimus eum nemo dolores aut eaque voluptas. Dolores voluptate soluta optio magni omnis eligendi rerum et.', 'Nisi voluptatem et quae incidunt omnis et voluptatibus architecto omnis voluptatibus tempore possimus tenetur voluptatem.', 'SEO Title 3 - English', 'SEO Description for 3 in English.'),
	(104, 52, 'ar', 'Ponni Rice (Short Grain)  5Kg', 'Aut amet eum inventore velit. Voluptas non et sint quasi libero nihil atque. Qui repellat repellat facilis unde omnis sit. Aut dignissimos repudiandae molestias.\n\nNam deserunt sequi delectus vel. Enim itaque modi occaecati. Qui unde in officiis iure optio officiis odio odio. Suscipit non expedita natus et nesciunt.\n\nNon amet tenetur magni numquam libero quis et. Repellendus ut atque exercitationem quas quia voluptas. Asperiores vel numquam aut modi dolore rerum sed et. Tenetur quae qui facilis.\n\nAnimi reiciendis magnam et saepe quos est. Consequatur doloremque ea error est nisi dolorum. Qui ex consequatur ad ex qui perspiciatis.\n\nAlias sit ullam rerum aperiam asperiores. Dicta sint ea officiis aut vel. Et laborum perferendis qui quo. Voluptas voluptas pariatur consequatur laboriosam vel. Quis molestias ipsam expedita ut sunt qui exercitationem.', 'Ut quisquam consequatur omnis quibusdam incidunt.', 'SEO Title 3 - Arabic', 'SEO Description for 3 in Arabic.'),
	(105, 53, 'en', 'Fresh Tomatoes  Deshi 1Kg', 'Libero commodi in aut magnam ut sed. Aut nulla quibusdam consequuntur atque. Esse maxime rem officia.\n\nMollitia facilis dolorum possimus minima. Saepe cumque iste omnis itaque dolore. Omnis non expedita omnis eum.\n\nOdit nemo eum ipsum. Aut asperiores mollitia suscipit sit ipsum voluptas iure. Soluta atque sint numquam enim. Fugiat magni ipsa nesciunt occaecati aspernatur asperiores qui.\n\nNon veniam autem impedit provident. Aut aut et facere doloribus voluptatem ut. Impedit nobis doloribus repellendus quis molestiae eius. Consequatur ullam perferendis repellendus est rerum itaque quas.\n\nIllo placeat sit alias nisi nisi enim. Sit qui est eius consequuntur quis quidem. Est unde ipsum sequi. Et et ut et modi quibusdam. Ut laudantium ut reiciendis.', 'Ut eligendi consequatur asperiores eveniet possimus magnam laudantium quis.', 'SEO Title 3 - English', 'SEO Description for 3 in English.'),
	(106, 53, 'ar', 'Fresh Tomatoes  Deshi 1Kg', 'Non ex et est. Exercitationem et praesentium voluptatem ut dolores veniam repellendus. Autem non nobis quia natus hic dolores iusto.\n\nError voluptas ipsam eveniet sequi dolor alias expedita quibusdam. Sed libero suscipit iusto nam aut laborum. Nam sit nostrum velit quae. Rerum cupiditate qui voluptate corporis.\n\nBeatae recusandae quia aut sequi omnis. Qui dolore adipisci vero tempora modi voluptatem perferendis. Incidunt maxime atque et.\n\nQuia in beatae eaque sit possimus blanditiis voluptates. Quo cumque et perspiciatis eum veritatis nihil amet velit. Repellendus facere tempore nisi.', 'Consequatur reprehenderit similique est delectus nihil aspernatur commodi veniam.', 'SEO Title 3 - Arabic', 'SEO Description for 3 in Arabic.'),
	(107, 54, 'en', 'Premium Black Tea Leaves  200G Tin', 'Ut sapiente omnis enim suscipit voluptatum illo sit. Natus fuga expedita non deserunt. Omnis quia id aut dicta.\n\nQuo ut vel doloremque accusantium dolorem. Ut earum ad voluptatibus et dolorum odit est. Quia voluptatem consequuntur incidunt nihil voluptatem totam aut. Et molestias dolor sunt et est animi non.\n\nVeritatis ullam doloribus quasi et. Ducimus delectus labore dolores sunt. Ea aspernatur ipsum voluptatum ipsam.\n\nCorrupti consequuntur ad earum earum libero. Voluptatum amet et eligendi qui perspiciatis odio dolor. Minima autem cum voluptatem error et.\n\nQuas aut ratione molestiae tenetur quae. Iste aut ut earum. Quaerat quaerat in corporis maiores quibusdam sunt. Et minima placeat consectetur doloribus a.\n\nSuscipit quia sint reiciendis aut perferendis commodi id. Corporis numquam autem vitae voluptas omnis animi doloremque. Et quae quis facere molestiae aut assumenda. Voluptatem officiis id omnis aut aperiam velit laudantium est. Rerum et commodi possimus in deserunt ducimus.', 'Totam at voluptatem omnis quo.', 'SEO Title 3 - English', 'SEO Description for 3 in English.'),
	(108, 54, 'ar', 'Premium Black Tea Leaves  200G Tin', 'Delectus exercitationem fugit placeat et ut labore dicta. Quos ut eligendi ab error itaque aliquid. Ea autem maxime ex at.\n\nNostrum aut dolorum maiores sunt consequatur. Vel enim repellendus inventore molestias maiores. Nobis eum ut et ut totam. Assumenda id consectetur labore omnis modi illo nihil.\n\nSed laborum magni magni aut dolorem animi vero. Sint voluptas voluptatibus sit quia velit dicta voluptatibus. Veritatis ipsum debitis quam sequi voluptatem. Quidem esse est magni nobis expedita quasi nostrum.\n\nEst qui numquam pariatur eos quia. Molestiae est excepturi saepe quasi. Magnam laudantium qui maxime molestias voluptatibus. Eligendi eum in facere aliquid.\n\nHarum sed cupiditate numquam molestias laboriosam qui molestiae. Omnis numquam numquam qui accusantium. Repellat et optio voluptatem repudiandae temporibus expedita.', 'Minus sed commodi inventore ea iste suscipit natus.', 'SEO Title 3 - Arabic', 'SEO Description for 3 in Arabic.'),
	(109, 55, 'en', 'Aar Fish Steak Cut  500G', 'Consequatur deserunt deserunt cum maiores ut. Soluta quos similique et tempore enim odit. Deleniti et quod exercitationem saepe.\n\nQuia animi veniam molestiae fuga et quibusdam. Itaque est similique itaque atque eveniet rem sint. Facilis dolor maiores eligendi magnam aut eius veniam maiores. Est laudantium occaecati qui ad quis pariatur.\n\nCumque eveniet quis magnam velit debitis recusandae. Qui et et fuga ipsa minus dignissimos. Non omnis ipsa consectetur repellendus. Sunt id voluptatem aperiam tempore accusamus.\n\nEsse est doloremque eum. Quia numquam similique sit tempore reprehenderit. Doloremque iure qui non suscipit assumenda. Unde sequi tempora fugiat quibusdam.\n\nVoluptatibus incidunt molestiae sapiente non illo sint rerum quasi. Quo autem dolorem voluptates non minus. Beatae quae nobis odit blanditiis tempora.\n\nAt debitis omnis voluptatem. Excepturi sint esse odio. Soluta dolor nesciunt nisi quia iste commodi pariatur voluptas. Qui deserunt sit esse suscipit unde quod corrupti suscipit.\n\nDolore aperiam consequatur quos nisi aperiam sit. Nam itaque cum qui commodi. Quia ex ipsam aut deserunt aut maiores. Qui perferendis est hic iure iusto qui officia assumenda.', 'Autem consequuntur totam enim consequatur odio vero aut impedit omnis quo.', 'SEO Title 3 - English', 'SEO Description for 3 in English.'),
	(110, 55, 'ar', 'Aar Fish Steak Cut  500G', 'Temporibus magnam quas voluptatem nihil molestiae autem et. Eum fugit voluptates explicabo quia sit. Soluta amet et rerum. Suscipit facilis mollitia occaecati error alias dolor dolores. Quos explicabo et nihil aliquid fuga.\n\nVel tempore ipsam atque velit rerum sed quas laudantium. Totam fugit explicabo in doloribus nostrum voluptates. Ea vel aliquid perferendis esse dolores. Illo accusamus facilis commodi ut ut.\n\nSint et fugiat ipsa in mollitia. Iure sapiente qui quis. Harum fuga nam cum. Rerum velit et optio tenetur.\n\nDolores placeat est pariatur est. Eum debitis et aliquid sit. Officiis fugiat sint debitis et non incidunt. Qui cupiditate consequatur quam aut non.\n\nAliquid quia itaque et sed sed aut voluptates. Hic voluptate aut velit neque quia. Consequatur eos at soluta numquam dolor. Aperiam velit debitis expedita tempora temporibus dolore.', 'Repellat eius numquam quis id asperiores et voluptatum cupiditate non atque aut et culpa.', 'SEO Title 3 - Arabic', 'SEO Description for 3 in Arabic.'),
	(111, 56, 'en', 'Fresh Spinach Bundle  250G', 'Harum et nisi deleniti qui amet ducimus magni. Molestiae iure id voluptas sapiente. Ut dolore tempore velit cupiditate expedita modi architecto.\n\nEt officia nam qui facilis veritatis. Numquam necessitatibus veritatis et dicta. In ex laborum aut distinctio veniam iusto.\n\nSapiente aut aperiam itaque dolores distinctio temporibus veritatis voluptates. Dolore nisi sequi id laboriosam vel quas.\n\nDicta et illo sit et dolor. Autem nobis perferendis quisquam voluptatem sit. Illum dolores maiores autem mollitia dolore ab enim.\n\nNeque corporis dolorum deserunt ut quia. Aut odit iusto in et esse. Atque est modi tempore autem. Ut asperiores voluptates in.', 'Quia quam quia perferendis fugit odio neque saepe tenetur quis aut ut voluptas.', 'SEO Title 3 - English', 'SEO Description for 3 in English.'),
	(112, 56, 'ar', 'Fresh Spinach Bundle  250G', 'Ea eum qui consequatur sapiente dolorum non magni eligendi. Inventore provident officia consequatur voluptatem rerum facere qui. Earum nam iusto quidem dolorem. Officiis velit ea aut soluta perspiciatis debitis.\n\nOdit quos unde fugit et cupiditate officia. Vel accusantium eum reiciendis consectetur qui debitis eos inventore. At eos ratione beatae qui. Esse aut praesentium maxime porro repellendus ratione corrupti.\n\nIncidunt iusto qui facere consequuntur omnis in enim. Itaque dolorum ipsam ratione. Incidunt quisquam doloremque quo in.\n\nOfficiis excepturi autem inventore deleniti. Et nihil quis unde at est et. Voluptas dignissimos delectus non odio fugit consequatur ipsam consequatur. Non ut consectetur reiciendis saepe consectetur.', 'Voluptas distinctio culpa quos aspernatur aspernatur eum asperiores repudiandae doloremque molestiae non quisquam qui.', 'SEO Title 3 - Arabic', 'SEO Description for 3 in Arabic.'),
	(113, 57, 'en', 'Sunflower Cooking Oil  2L Bottle', 'Ducimus aut molestiae incidunt voluptatem veritatis sapiente doloremque est. Velit et deleniti autem non temporibus. Sit ipsum vitae numquam iste iure. Reiciendis expedita nostrum voluptatibus ex tempore sit.\n\nImpedit aut hic dolorum. Ipsam qui itaque quis quos aspernatur enim. Inventore culpa id qui necessitatibus et et.\n\nIllo nobis voluptatum error facere est eius sunt. Illo hic necessitatibus dolor consectetur ab. Quidem facilis omnis sunt reiciendis. Sint aliquid corporis impedit sint sed aspernatur molestias. Labore dolorem sunt excepturi quia consequatur quae nihil.\n\nQuos consequatur velit libero ut. Eos cumque ut iste perspiciatis. Sit qui architecto facilis reprehenderit veritatis. Voluptas illum itaque accusamus culpa.\n\nUt magni possimus quas debitis iure consequatur perferendis. Eligendi facilis eum debitis omnis. Non vero voluptatum nulla tenetur provident provident voluptatibus est.\n\nMolestiae occaecati nostrum aut officiis. Culpa eligendi quo soluta est qui. Delectus ut fugiat excepturi rerum sunt cupiditate. Dignissimos qui facilis rem eligendi.', 'Error vel qui magnam non libero a illum sequi fuga excepturi cupiditate dolor.', 'SEO Title 3 - English', 'SEO Description for 3 in English.'),
	(114, 57, 'ar', 'Sunflower Cooking Oil  2L Bottle', 'Et qui est quis maiores et quos. Quia voluptatem laboriosam aperiam et est voluptatibus. Accusamus non perspiciatis et harum incidunt ut quia similique. Aut quia sint corporis at labore veniam.\n\nSed ullam velit esse incidunt eum quidem et voluptatum. Deserunt sed eos cum dignissimos rerum ut perferendis. Omnis rem non inventore iste. Dolores qui et magnam voluptas unde ab.\n\nAmet omnis repellendus velit voluptas sit. Officia doloribus et ipsum laboriosam. Quasi pariatur ullam facere eos mollitia.\n\nSint exercitationem exercitationem repellat omnis consequatur. Molestiae amet laborum dolorum mollitia eveniet voluptatem. Optio amet qui sit dolore.', 'Non minima illo voluptatem officiis odio soluta et doloremque perferendis.', 'SEO Title 3 - Arabic', 'SEO Description for 3 in Arabic.'),
	(115, 58, 'en', 'Raw Jackfruit (Echor)  1 Piece', 'In deleniti dolorem error blanditiis optio consequuntur odio. Ut libero dicta optio quam. Tempora dolore quos sint magni adipisci.\n\nAccusamus minima libero doloremque natus et illo itaque. Et ad recusandae ut tenetur ipsa autem sed. Esse ea ipsam ex cumque repellendus vel dolorem.\n\nDebitis nesciunt inventore eveniet rerum. Consequatur ut eum quo aut aut laborum facilis. Error doloremque sit fugit dolor qui rerum. In nisi quia culpa voluptatum. Eos aut quo amet iure modi autem sint.\n\nEnim ut ex quod quo. Fugit itaque atque earum facere saepe. Quia eum recusandae nam. Ipsam eum aut vero animi.\n\nRecusandae dolores vitae voluptates et molestiae aut totam. Deleniti veniam nostrum ipsam qui ullam. Fugiat est impedit qui. Quos voluptatibus ab amet est ea est voluptatum.\n\nVoluptates quaerat a amet provident est et. Ea ad aspernatur voluptatem consequuntur illo eos. Repellat itaque aut vel aut.', 'Voluptatem voluptate cum vero asperiores animi.', 'SEO Title 3 - English', 'SEO Description for 3 in English.'),
	(116, 58, 'ar', 'Raw Jackfruit (Echor)  1 Piece', 'Quia fuga quis quam nemo amet dolore deserunt. A iure temporibus consequatur consequatur pariatur est soluta. Voluptas sequi minus id officiis corrupti vel et.\n\nDolorem itaque amet fuga. Molestias delectus dolorum commodi non. Qui quia aspernatur et blanditiis blanditiis repudiandae.\n\nRerum unde eos illo harum exercitationem id. Nihil consectetur et magni aliquid. Nemo totam pariatur perferendis natus voluptate fuga.\n\nQuod aliquid et omnis nostrum aliquid. Rerum inventore sed commodi autem. Excepturi quia eaque unde id expedita. Officia asperiores ea aut blanditiis veniam.\n\nQui labore necessitatibus placeat sit similique rem quis. Et non ut molestiae voluptatum molestiae ea. Natus ipsam et voluptas eos in.\n\nExplicabo beatae sit fugit soluta. Quisquam eos soluta vel dolores necessitatibus. Aut eos at amet doloremque et dolorem nisi. Neque doloribus et placeat molestias nihil nesciunt voluptates.\n\nSaepe dolor aut ut expedita et rerum quisquam. Ut animi et mollitia est doloremque itaque veritatis. Vel non ipsam perferendis sed labore enim at nesciunt.', 'Vel sit neque fugiat ad possimus.', 'SEO Title 3 - Arabic', 'SEO Description for 3 in Arabic.'),
	(117, 59, 'en', 'Loose Lemons  5 Pieces', 'Numquam distinctio sed sed ipsam enim. Facere est sed culpa qui ducimus. Qui iusto id sit aut. Perspiciatis nulla tenetur quam voluptas provident et.\n\nSit omnis omnis cum dolorem numquam. Quam odio ipsa et unde aliquid recusandae consequuntur velit. Sunt voluptas doloremque a consequuntur nostrum. Qui facilis et odit.\n\nA labore voluptatem et labore officia et. Qui perspiciatis voluptatem cumque. Officia maxime neque itaque unde. Quasi rerum aperiam soluta.\n\nDebitis adipisci iure cupiditate aut dolores voluptas. Debitis dolores voluptatem dolor ut dolorum consectetur rerum. Aliquam enim omnis enim. Voluptas minus optio quos.', 'Aut fugiat assumenda vel quia facilis nostrum minima temporibus suscipit architecto qui asperiores.', 'SEO Title 3 - English', 'SEO Description for 3 in English.'),
	(118, 59, 'ar', 'Loose Lemons  5 Pieces', 'Eveniet explicabo est cumque. Et officia debitis sequi omnis harum quas sit. Et numquam cum non neque quam dolorem. Aliquid ratione animi accusantium non facilis accusamus repudiandae nihil.\n\nEnim voluptatem ut dolorem iusto nihil illo sit. Corrupti sit et velit doloremque quo ex laudantium beatae. Sapiente voluptatibus eligendi sit sit et sequi. Voluptates recusandae modi omnis delectus. Dolorem blanditiis et consequuntur rem voluptas at.\n\nModi voluptatem ut error a cupiditate. Rerum est laborum asperiores sapiente aut totam dolores. Tempora eum pariatur hic consectetur voluptatem sint voluptas. Odit magnam aut cupiditate eligendi soluta repudiandae.\n\nIusto saepe rerum quos eius ratione sit. Ut repudiandae officia et accusantium facilis tempora veniam. Ex reiciendis fuga consequatur eius. Temporibus inventore error at maiores nihil et consequatur.\n\nVelit quisquam qui rerum hic non vitae est id. Corrupti consequatur fugit nisi quae.\n\nSit pariatur facere animi dolores qui. Doloribus blanditiis laboriosam ut corporis inventore et id. Molestiae neque itaque nihil corporis. Voluptatibus sit quasi quibusdam deserunt quidem et.', 'Aut labore beatae nostrum dolor accusamus esse pariatur.', 'SEO Title 3 - Arabic', 'SEO Description for 3 in Arabic.'),
	(119, 60, 'en', 'Mutton Bone-In Premium Cut 1Kg', 'Qui adipisci voluptas et omnis repellendus. A expedita minima quis et dicta quod harum. Accusantium qui accusamus et dolor aperiam. Debitis unde molestiae qui perspiciatis assumenda omnis. Est magni quia dicta alias.\n\nProvident asperiores magnam ex possimus. A voluptatum earum numquam vel quidem facere nihil. Aut quo deleniti hic numquam quod ut aut.\n\nIpsam voluptates est vitae est voluptatem maxime nam. Aut ducimus aut dolorem sunt aut recusandae. Voluptatem numquam non enim corrupti alias facilis et excepturi. Est accusantium ea iure officiis. Voluptatibus reprehenderit molestiae in.\n\nRerum in esse ea est similique. Perferendis dolore officia nihil reiciendis. Illo delectus aut voluptatibus odit et occaecati vero. Rerum quis exercitationem et sint. Est qui omnis iste eaque.', 'Tenetur aut fuga esse molestias repudiandae quasi sint dolores dolores pariatur vitae autem.', 'SEO Title 3 - English', 'SEO Description for 3 in English.'),
	(120, 60, 'ar', 'Mutton Bone-In Premium Cut 1Kg', 'Impedit laborum tempore qui rerum nostrum nostrum ad. Maiores fugiat dolor impedit eveniet quas laborum. Aliquid voluptates consequuntur aut vitae.\n\nAmet dolores dolores repellendus nisi odio. Consequuntur repellat itaque molestiae. Placeat eum molestiae voluptatem quaerat facere libero.\n\nCorrupti quibusdam vel rerum saepe dolorem ipsum laborum. Aperiam placeat sed laudantium est sint ad non. Placeat iure sed odio optio ratione aut eos. Dolorem aperiam distinctio nam excepturi fugit.\n\nUt quisquam quibusdam reiciendis alias atque inventore. Dolores molestias asperiores rerum culpa non est id. Et praesentium aut consequatur nemo facilis velit ullam rerum.\n\nNihil temporibus nulla ducimus. Sequi ut nobis atque ipsum. Commodi et debitis sapiente. Velit doloribus sed ut qui excepturi laborum. Corporis laborum eos quo est neque cumque architecto magnam.\n\nMaxime voluptas excepturi eaque totam. Sed voluptas autem consectetur quis commodi in. Eum eligendi animi accusamus tempora ex dolorum id.', 'Praesentium neque soluta corrupti eos molestias aperiam eum maiores porro harum nesciunt.', 'SEO Title 3 - Arabic', 'SEO Description for 3 in Arabic.'),
	(121, 61, 'en', 'Red Chillies  Local Fresh 250G', 'Qui ut sit aut et pariatur. Iusto similique at quis alias. Quis aspernatur aspernatur et quia tenetur possimus dolor. Iusto aspernatur ducimus non.\n\nNihil voluptas consequatur et temporibus unde et aspernatur facere. Asperiores blanditiis voluptatum reiciendis qui ab repudiandae aut. Fuga totam et saepe.\n\nQuasi in et quidem eos sit consequatur. Voluptatem sint et molestias non et assumenda. Fugit vel aliquid nisi laudantium natus odit.\n\nItaque cum ad eveniet quia. Excepturi ut officia quam consequatur illo illo. Beatae qui quis ducimus. Fuga harum eaque sed et facere nesciunt sit.\n\nSuscipit laudantium odit molestias omnis autem quisquam. Molestiae aliquid aspernatur sapiente eos voluptas sunt. Tempore molestiae est est et voluptate. Molestias inventore eligendi voluptates.', 'Est officia sequi voluptatem eveniet.', 'SEO Title 3 - English', 'SEO Description for 3 in English.'),
	(122, 61, 'ar', 'Red Chillies  Local Fresh 250G', 'Quia magni velit qui sed perferendis atque non. Fugiat maiores voluptatibus aliquid veritatis possimus facilis dolor est. Sint corporis quis et. Nulla ea saepe iste exercitationem repellendus laborum porro dolorem.\n\nVeritatis qui nemo illo esse sed voluptate. Doloribus qui pariatur fuga id esse sit libero autem. Officiis qui reprehenderit doloribus enim rerum. Architecto atque nesciunt eos nesciunt placeat. Sint quidem nam necessitatibus neque nihil nisi tempora.\n\nNumquam placeat quia aut accusantium veritatis facere. Nam earum in et suscipit quod dolorem. Corrupti ut ut veniam sunt error repellendus.\n\nQuis ut id dolor numquam sunt. Laborum sit pariatur doloremque ratione ad. Quia aut et veniam aspernatur alias.', 'Non architecto accusantium dolor ut itaque explicabo sed impedit qui repellat ut.', 'SEO Title 3 - Arabic', 'SEO Description for 3 in Arabic.'),
	(123, 62, 'en', 'Miako Extra Virgin Olive Oil 1L', 'Eveniet ut qui sit numquam maxime adipisci dicta. Dignissimos accusantium eos libero autem non.\n\nVoluptates quia ut explicabo distinctio cupiditate rerum libero et. Eos hic qui accusantium in. Dolore rem voluptas consequuntur minima amet optio.\n\nVoluptatum nihil quis ipsum a qui est et. Recusandae ducimus culpa enim dignissimos. Beatae deleniti facilis rerum et.\n\nNumquam explicabo consequatur aut. Dolor qui quibusdam ratione ut. Et nihil maxime eum. Aut porro inventore mollitia voluptatibus est.\n\nOmnis vero iste ut dolorum non debitis. Autem necessitatibus ad labore rerum dolorem sed. Voluptatem eos vitae odio.\n\nSunt suscipit quo explicabo totam ipsam aliquid. Voluptate qui in ducimus tempora incidunt sint aperiam fuga. Voluptas repellat et quia vitae dolorem harum quia. Vel dolor sit cumque.\n\nAutem dolores maiores dolorem nemo aperiam aspernatur aliquam explicabo. Ea voluptas aut dolorum qui deserunt voluptates qui. Ipsa enim cum ea quia. Unde dolores quo omnis.', 'Deserunt ut quia alias doloribus ut rerum.', 'SEO Title 3 - English', 'SEO Description for 3 in English.'),
	(124, 62, 'ar', 'Miako Extra Virgin Olive Oil 1L', 'Qui non ullam labore magni esse sit eaque porro. Est at nihil quod. Deserunt eum velit sequi aut inventore. Fugiat sunt fugit praesentium hic. Accusantium sit rerum aspernatur ut delectus eius.\n\nTempora vel cumque voluptatem natus accusamus. Voluptates repellendus nulla eveniet voluptatem impedit cum.\n\nNecessitatibus esse temporibus reiciendis laborum nisi quibusdam. Esse et est omnis quasi sit iusto non. Vel possimus vel ea dignissimos similique. Dolorem maiores pariatur non cumque consequatur dolores officia.\n\nConsequatur debitis fugit quos et sint dolore. Libero quasi sed est ab est aut commodi. Cupiditate et odio cumque laboriosam cupiditate error. Aliquam dolore placeat facere et ut neque commodi nesciunt.\n\nDoloremque in et sit aspernatur doloribus. Rerum dolores eaque nihil ratione voluptas possimus ad. Ab maxime modi qui sapiente nesciunt dolore occaecati.\n\nVoluptatum non aliquam veritatis ullam ullam ex non. Quibusdam ipsam rem ab nostrum ratione enim aliquid. Eum architecto ea non vitae culpa. Molestiae sed modi mollitia provident quo sunt iure.', 'Fuga facere architecto sit et et reprehenderit est et architecto.', 'SEO Title 3 - Arabic', 'SEO Description for 3 in Arabic.'),
	(125, 63, 'en', 'Rolling Chair With Adjustable Height', 'Quas laudantium facere vel inventore aut illo. A nulla autem dolorum.\n\nQuod voluptas nostrum recusandae animi voluptas ipsum. Possimus est corporis provident eligendi omnis enim. Pariatur quos eum labore architecto molestias possimus asperiores quis. Iste in eos et dolorem molestiae atque iusto.\n\nHic fuga eligendi quasi eligendi. Alias eligendi repudiandae omnis consequatur. Dolores perspiciatis ad ex dolorum reprehenderit.\n\nDolores et quis optio dolore nam mollitia. Consectetur et qui est nihil et dignissimos veniam. Optio autem distinctio tempora.\n\nSunt dolorum quae consequatur nulla eaque velit accusantium. Officia adipisci non eveniet illum ut fuga. Quaerat id id est qui exercitationem. Accusantium totam placeat voluptas optio aut ut.\n\nMinus porro maxime et odio debitis. Consequuntur earum alias repellendus fuga placeat. Omnis perspiciatis est sapiente deserunt id accusantium.', 'Et qui quisquam minima aut nobis quibusdam aliquid.', 'SEO Title 4 - English', 'SEO Description for 4 in English.'),
	(126, 63, 'ar', 'Rolling Chair With Adjustable Height', 'Inventore similique eius est ut facilis et aut. Cum ut magni sint id. Magni voluptatibus at ut. Fuga eius et id aliquid.\n\nLaboriosam laudantium voluptatem cum eaque veniam sint ut. Enim magni quidem sint minima quo consequatur. Dolor alias atque quod officia quo. Perspiciatis consequatur provident itaque exercitationem alias provident voluptatem sint.\n\nEst quaerat aut laudantium voluptatem aut. Cupiditate placeat aliquid non delectus et. Distinctio in necessitatibus molestiae at provident. Debitis aut voluptas repudiandae dolores. Eum et ad at aut dolor modi.\n\nVelit fugit nulla doloremque necessitatibus quis eos quam. Aut aliquam consequatur harum impedit adipisci sint natus. Possimus aut ab laborum nesciunt.\n\nAperiam porro velit quis in harum aperiam. Et ex quas adipisci repellendus omnis magni beatae. Officia sequi quos possimus aut veniam rerum nesciunt.\n\nIpsa aut provident omnis fugiat vero nesciunt. Laborum quas pariatur excepturi dolorum eius eum.\n\nLaboriosam odio dolorem perspiciatis fugit eum repellendus. Non quam laboriosam tempore aliquid et. Laboriosam veniam ut molestiae ipsa in veniam et.', 'Nam possimus qui aut quibusdam omnis repellendus quae nostrum.', 'SEO Title 4 - Arabic', 'SEO Description for 4 in Arabic.'),
	(127, 64, 'en', 'Modern Glass Coffee Table - Black Frame', 'Assumenda est error eveniet. Id id sit et magnam iusto ipsum omnis. Voluptatem veniam ut quaerat et. Et sed voluptates consequatur nihil incidunt laboriosam sed sit. Sed ullam adipisci repudiandae est.\n\nNon eos voluptatibus eaque. Minima totam ut voluptatibus harum tempore nostrum aliquid. Aliquid reprehenderit modi perferendis unde eum ut placeat. Ut cumque dolorem deserunt mollitia exercitationem.\n\nIpsum est in dolorem laborum eos nam possimus. Velit sapiente culpa quia autem magnam eos. Vero corporis qui sed earum maiores et.\n\nVoluptas architecto officia voluptatem inventore a omnis. Sit minus minus ratione sint atque. Non ipsum ut possimus natus iusto perspiciatis.\n\nAut tenetur totam et minus non tenetur et qui. Omnis molestias praesentium nam ab omnis fugit. Minus minima saepe eaque corporis adipisci ad tempora est.\n\nPorro sit quasi vitae sapiente. Magni voluptas placeat veritatis maiores et fuga optio. Quisquam voluptate illum dolores vel adipisci. Sit voluptatum rem rem totam ex.', 'Quidem voluptatem rem molestias nobis sunt voluptas praesentium dicta atque.', 'SEO Title 4 - English', 'SEO Description for 4 in English.'),
	(128, 64, 'ar', 'Modern Glass Coffee Table - Black Frame', 'Quo voluptas aut asperiores minus quae. Magnam rerum autem nulla quia officia sed. Et sed iusto dolores necessitatibus repellat consectetur voluptatum.\n\nEt qui doloribus aut dignissimos. Tempora voluptates a ut rerum ullam corporis. Est vitae in dolor id nisi sed. Dolor est nostrum quas nulla tenetur.\n\nMaxime voluptatibus et incidunt saepe rerum voluptas. Non cumque maxime autem reprehenderit assumenda. Facilis cupiditate beatae ut quibusdam quis assumenda dolores. Illum est dolore quia et et ea.\n\nPariatur harum atque repudiandae corporis eius ad. Quaerat voluptatibus nesciunt aliquid enim et molestias. Et dolores voluptas cum vel natus nam quis. Nemo sapiente iure rem officia. Ea saepe unde qui soluta omnis.', 'Dolore molestias est velit temporibus ex.', 'SEO Title 4 - Arabic', 'SEO Description for 4 in Arabic.'),
	(129, 65, 'en', 'Ergonomic Mesh Office Chair With Armrests', 'Libero qui dolorem et non consectetur harum quisquam culpa. Aspernatur eum quasi molestiae quisquam voluptates quod. Consequatur ut rem sit.\n\nUt quam esse quaerat laboriosam. Sed molestiae quasi laudantium corrupti. Omnis quae aut quos non quia veniam omnis. Eos et voluptate autem ut.\n\nNam dolores sed ex et voluptatem corporis. Perferendis nisi voluptas ea. Sunt placeat facilis at mollitia.\n\nVoluptate repellat autem aperiam est mollitia ea eligendi corrupti. Aliquam corrupti rerum enim. Culpa quia eum qui. Reiciendis repellendus itaque voluptatem quidem ut qui.\n\nPlaceat fugit non quo dolorum. Molestiae id molestias quasi quam corporis. Veritatis quam est corrupti exercitationem et. Aut voluptatem dolor debitis expedita.\n\nConsequatur aut voluptates est eum soluta veritatis. Hic consequatur aliquid doloremque et aut. Sint assumenda cum tenetur voluptatem. Non quasi velit omnis et aliquid dolores maxime.', 'Animi nihil quis molestiae et tenetur natus.', 'SEO Title 4 - English', 'SEO Description for 4 in English.'),
	(130, 65, 'ar', 'Ergonomic Mesh Office Chair With Armrests', 'Et quo quo nihil accusantium. Expedita beatae animi at excepturi. Totam non occaecati voluptatem aut ut. Est laudantium rerum repellendus vel debitis itaque enim qui.\n\nDolor nesciunt labore velit. Deserunt repudiandae porro vitae deleniti amet. Debitis modi saepe eveniet dolores necessitatibus. Sed esse numquam eaque mollitia laudantium enim aut.\n\nConsequatur ipsa maxime qui deleniti unde nostrum. Rerum dolorem nisi quidem nobis. Fugit voluptas nam quia hic illo id.\n\nHarum impedit autem ea ab corporis molestias qui. Doloribus rem necessitatibus et deleniti aut autem. Labore reprehenderit alias dolore sed. Quas culpa sunt repellat. Harum consectetur laboriosam temporibus qui velit.\n\nVoluptatem fuga asperiores est eos qui. Facilis atque qui in magni amet molestiae mollitia sit. Voluptas quo tenetur dolores corporis quia.', 'Harum occaecati dolores mollitia labore fuga deserunt veniam doloremque enim quidem et aperiam.', 'SEO Title 4 - Arabic', 'SEO Description for 4 in Arabic.'),
	(131, 66, 'en', 'Wooden Study Table With Drawers', 'Facilis consequatur fugit nam et vero sit ratione. Enim iusto voluptatem repellat tenetur maiores. Facere occaecati et hic similique ut adipisci tenetur porro.\n\nVelit optio voluptates ratione odit dignissimos. Earum inventore id dolor magnam.\n\nVoluptas velit dolores quia impedit rem ut est. Corporis aut dolorem ut recusandae ut. Quibusdam libero voluptatibus velit dolores aut est et. Possimus et beatae saepe quia est qui.\n\nRerum quia vitae nesciunt voluptas corrupti odio. Dolor sit sit aliquid et.', 'Molestias vel similique et occaecati pariatur ipsa.', 'SEO Title 4 - English', 'SEO Description for 4 in English.'),
	(132, 66, 'ar', 'Wooden Study Table With Drawers', 'Accusamus temporibus at recusandae fugiat. Autem dolore doloribus maiores omnis enim dolorem molestiae. Consequatur adipisci et alias recusandae. Modi eos eum quisquam dolores dolores temporibus. Adipisci tenetur praesentium quis eveniet.\n\nQuidem fuga deleniti eos eius sed quae quas sint. Possimus tempore culpa quia sit. Qui cupiditate eos nisi. Molestiae repellendus ducimus tempore eligendi eligendi sint.\n\nNam enim tempora debitis eos. Assumenda aut aperiam nostrum sequi quidem sint accusamus. Quia inventore voluptas beatae expedita ipsam aut similique. Officiis ut numquam aut est.\n\nArchitecto dolores facilis tenetur eos molestiae quaerat sint. Perspiciatis hic et laudantium voluptas qui dolorem. Id ea accusantium quidem voluptates sunt dicta est. Voluptatem sed doloribus ad aspernatur.\n\nMagni error possimus excepturi soluta quo vel. Quo ducimus alias et et id est voluptas. Harum sint adipisci repudiandae numquam.\n\nFugiat ipsam eos hic ab nisi. Vel vel odio nisi perferendis qui. Fuga vel natus voluptatem dolores enim dicta. Rerum porro facilis consequatur earum expedita. Dolor eos molestias vitae.\n\nVoluptas sunt voluptatibus maxime aut dolor magni esse. Voluptas adipisci consectetur et fuga laboriosam. Eaque laboriosam dolore quis vero. Sint error ea deleniti sequi ipsam cumque laudantium.', 'Sed officia itaque nemo omnis voluptatem nulla delectus numquam placeat.', 'SEO Title 4 - Arabic', 'SEO Description for 4 in Arabic.'),
	(133, 67, 'en', 'Premium Leather Executive Chair', 'Ad quia dolor possimus voluptatem ut perspiciatis. Qui delectus alias quisquam qui atque aspernatur excepturi. Omnis voluptas aut numquam deleniti libero accusamus cum.\n\nEst totam excepturi quas molestiae dolores. Reprehenderit aut laudantium enim dolorem sed est quo exercitationem.\n\nInventore in rerum iste sit. Consequuntur dolorum ut occaecati qui. Eum et voluptate molestiae eius sit.\n\nAut aut excepturi non qui. Deleniti quia et amet debitis neque vero explicabo magni. Ex voluptas magnam excepturi est dolor dolores. Quia ut vel ut earum tempora occaecati dolores voluptates.\n\nFugit dolores cum et atque adipisci. Consequatur laborum nostrum in quos maxime praesentium vel. Unde molestiae reiciendis non temporibus. Ullam accusantium aliquam et quod ea.\n\nQuam enim dolorem non eligendi. Maxime magnam sed sunt modi qui cum beatae atque. Molestiae tenetur deserunt iusto magnam suscipit rerum officiis nam. Iste temporibus illo qui similique commodi.', 'Sint non ut maxime dolor a repellendus.', 'SEO Title 4 - English', 'SEO Description for 4 in English.'),
	(134, 67, 'ar', 'Premium Leather Executive Chair', 'Harum ea et consequatur qui et laboriosam consequatur qui. Vel beatae dolorem quae repudiandae.\n\nCommodi magni voluptatibus error ipsa fuga iste velit. Enim error odio qui repellat aut dolor.\n\nEt et et officiis rerum illum earum. Magnam asperiores non quaerat hic rerum modi. Qui a eum at doloremque. Doloremque sit eum vero cumque quasi.\n\nEa vel sequi voluptas enim vel odio. Dolore illo quas velit est nesciunt quibusdam qui aspernatur. Laboriosam facilis eum accusamus voluptatem ea. Sit qui iure sapiente excepturi amet.\n\nSimilique unde eius eius hic molestiae eveniet delectus. Eos beatae sit totam est rem. Debitis cumque ipsum et aut et excepturi.\n\nOmnis dolorem quidem in quam soluta et. Ad non dolorem dolorem dolore deserunt. Exercitationem accusantium est quo. Non rerum ratione voluptatum. Esse dicta illo et illo.\n\nSed est possimus laborum unde repellat quos. Vel dicta mollitia in sint. Molestiae nobis officiis modi. Exercitationem quibusdam voluptatem dolorem placeat.', 'Fuga laboriosam nostrum ad voluptatem qui nihil ut tempore architecto qui odio recusandae nesciunt.', 'SEO Title 4 - Arabic', 'SEO Description for 4 in Arabic.'),
	(135, 68, 'en', 'Round Side Table  Natural Wood Finish', 'Quod magnam quis est voluptates. Nihil fuga corporis temporibus architecto alias dolores. Sit aut veniam deserunt temporibus.\n\nDolores sequi odit sed perspiciatis ratione non in. Adipisci in qui voluptatem architecto quod. Dolores eos qui aliquid quo ut quia exercitationem itaque.\n\nAutem magni eos excepturi fugit. Optio qui unde ex rem eos ea doloribus. Pariatur error laudantium repudiandae ullam.\n\nEt vitae sequi sed et sequi. Sed libero quam rerum quos. Non laboriosam qui a et ipsam ut. Deleniti dolores dolores officia harum alias.\n\nModi id doloribus reiciendis aut excepturi ex. Illum modi autem nihil ut. Sequi amet sequi qui.', 'Consequatur assumenda quia expedita est.', 'SEO Title 4 - English', 'SEO Description for 4 in English.'),
	(136, 68, 'ar', 'Round Side Table  Natural Wood Finish', 'Est vitae eius in quas minima. Ipsa quos mollitia dolores et aut animi. Aut sit veritatis molestiae cupiditate.\n\nTempora tenetur mollitia rerum possimus accusantium. Nihil a enim cum voluptas et rem facilis. Totam dignissimos sint praesentium delectus recusandae nobis.\n\nId modi vitae sunt dolorem corrupti. Qui fugiat deleniti facilis architecto eum et cumque et. Porro quia aspernatur sint enim architecto minus dicta. Totam repellendus tempore itaque quasi tempore. Aperiam iusto repudiandae doloribus molestias dolores voluptatum voluptate.\n\nIllum quos nesciunt iure aut eligendi facere. Laboriosam et est qui laboriosam perspiciatis ratione voluptas. Tenetur harum ducimus ratione laboriosam at asperiores.\n\nConsequuntur possimus suscipit quod qui delectus blanditiis corporis atque. Veritatis sint neque molestias eligendi consequatur itaque. Animi consequatur sit enim dolor nisi. Voluptate autem et consequatur asperiores praesentium.', 'Vitae eum amet voluptatem et nesciunt soluta sed earum mollitia consequuntur.', 'SEO Title 4 - Arabic', 'SEO Description for 4 in Arabic.'),
	(137, 69, 'en', 'High Back Reclining Office Chair', 'Ut unde nostrum architecto error explicabo. Consequatur dolorem quod maiores vel. Illum qui inventore nobis in. Tempora sapiente a dignissimos eius dolores incidunt.\n\nAd et quo omnis libero repellat soluta quisquam vero. Dolores modi omnis et alias qui dolore. Delectus iste ullam et dolorum. Voluptatem voluptas aliquid nulla sapiente voluptatem.\n\nSuscipit officia quod quisquam id. Dolorem distinctio qui illo quia. Expedita occaecati ut enim sequi tempore at et.\n\nUt ut ea sit harum omnis debitis. Labore rerum dolores harum cum quod dolor sed.\n\nArchitecto unde officiis minima expedita a cupiditate tenetur ut. Reprehenderit praesentium sed atque quas amet. Optio quo aut quisquam hic ab similique consectetur at. Modi assumenda et accusantium illum.', 'Minima labore minima omnis itaque est.', 'SEO Title 4 - English', 'SEO Description for 4 in English.'),
	(138, 69, 'ar', 'High Back Reclining Office Chair', 'Reprehenderit tempora est sint. Nihil minus maxime saepe vitae repellendus voluptas est itaque. Et cupiditate delectus hic distinctio recusandae voluptatum qui et.\n\nEius dignissimos necessitatibus aut quisquam nihil. In eligendi est voluptates rerum voluptatem sunt perspiciatis. Incidunt aut amet quia illo repudiandae. Dignissimos quia sequi voluptatem dolorem.\n\nAlias pariatur adipisci beatae tenetur laudantium commodi. Cumque aut iste iste totam. Nihil veniam iure tenetur numquam aperiam occaecati. Id temporibus enim officia qui similique.\n\nQui doloribus iste ratione. Autem odio id aperiam autem iusto maiores omnis non. Expedita vel ea consequuntur.', 'Et dolore quia vitae odit in quia occaecati.', 'SEO Title 4 - Arabic', 'SEO Description for 4 in Arabic.'),
	(139, 70, 'en', 'Minimalist Laptop Table With Folding Legs', 'Molestiae et consectetur et dicta reiciendis at velit. Voluptas mollitia iste ipsa optio alias. Quo quo saepe eius blanditiis veniam. Minus et aut quos laboriosam eaque ut excepturi.\n\nPariatur sunt et molestiae sunt. Numquam et et ipsum. Tenetur error nisi dicta dolorum. Aut consequuntur voluptatem minima cupiditate. Similique nihil quos reiciendis odit.\n\nEligendi officia sunt dolorem quibusdam velit. Dolores porro repudiandae alias omnis temporibus. A sunt impedit accusamus. Nulla non aut dolores nesciunt ipsam voluptatem unde. Ut delectus pariatur exercitationem consectetur culpa iste.\n\nOptio beatae voluptas aliquid culpa in tempore amet. Ad est ut voluptas aut fuga. Voluptatibus similique et expedita. Odio illo provident qui blanditiis ipsam impedit dicta expedita. Voluptatem qui enim illum ut et est dolores.\n\nQui beatae qui autem dolor rerum voluptatibus in. Corporis possimus nostrum fugiat nobis. Cumque nam voluptatem aut ad adipisci. Velit voluptatem praesentium animi.\n\nConsequatur qui quia consectetur. Et laborum est placeat optio impedit est. Ut non dolores est aut optio eum incidunt maxime. Rerum est repudiandae et explicabo.', 'Rerum ut cumque tempora voluptas dolorum facilis eveniet.', 'SEO Title 4 - English', 'SEO Description for 4 in English.'),
	(140, 70, 'ar', 'Minimalist Laptop Table With Folding Legs', 'Velit praesentium alias explicabo sapiente. Officiis magnam tenetur omnis rerum occaecati illo et. Nesciunt quisquam quis consequatur eos debitis. Eos dolore laborum dolor eligendi. Animi quia distinctio vel fugit sit dicta provident.\n\nCorporis et voluptas hic perspiciatis. Consequatur aliquam vel aperiam quae. Soluta amet qui debitis ipsum rerum quisquam.\n\nAut aut tenetur consequatur consequatur dolore perferendis. Dolorum veniam ad consequatur sit. Fuga nesciunt dolorum beatae harum voluptatum qui fuga fugiat.\n\nPraesentium sapiente ut odio quasi quos odit. Ut enim libero tenetur velit. Eos ut omnis sapiente.\n\nQuas qui et veritatis pariatur nihil. Voluptatem veritatis fuga voluptates vero pariatur et maxime. Corporis quos odit assumenda sit eligendi ut. Eveniet dolorem fuga reprehenderit labore nesciunt. Id adipisci sit laboriosam eos pariatur minus consectetur.\n\nIllum dignissimos sunt et labore at magnam quo. Aut repudiandae quidem ut facere dolorum. Dignissimos fugit voluptas aut dolore nulla. Excepturi doloremque soluta culpa et.\n\nVeritatis quidem quia sed dolore suscipit quasi. Sit aut accusamus ut illum. Minus perspiciatis minima et rerum qui in. Sed modi et ut quas est amet. Non ex veritatis perferendis accusamus porro cumque consectetur.', 'Nostrum nihil aliquam quia repudiandae suscipit reprehenderit.', 'SEO Title 4 - Arabic', 'SEO Description for 4 in Arabic.'),
	(141, 71, 'en', 'Visitor Chair With Chrome Frame', 'Qui quam ratione quo sit ipsum quo consequatur. Dolore quam est sed cum dolorem eligendi eveniet quam.\n\nOccaecati rem voluptatibus occaecati culpa fugit consequatur. Laudantium consequatur harum atque amet quis ad pariatur. Officiis beatae hic voluptas ipsa ipsum nihil ducimus. Dolorem unde nostrum blanditiis rerum nostrum dolorem nobis.\n\nConsectetur sint fugit minima neque enim iste iure. Aut assumenda magni laborum dignissimos accusantium. Sed officia qui et commodi ut sed eligendi. Repellat at molestiae accusamus aperiam sed.\n\nEt odio corrupti beatae aut voluptatem aliquid cumque. Non dolorem sunt tempora vitae architecto. Velit autem velit architecto facere. Ad numquam culpa qui nostrum quis temporibus similique.\n\nExplicabo id quae esse. Voluptatem fugit quis ut dolorem. Est blanditiis odit voluptatum asperiores. Nemo molestiae rerum voluptatum quibusdam incidunt.', 'Fugiat eligendi assumenda similique tempora alias ut repellat natus praesentium labore consequatur sunt temporibus itaque.', 'SEO Title 4 - English', 'SEO Description for 4 in English.'),
	(142, 71, 'ar', 'Visitor Chair With Chrome Frame', 'Qui mollitia eveniet id. Eius quia quaerat eum inventore. Enim ea laboriosam sint aut.\n\nQuo ea dignissimos sit amet non. Veniam tempora sit a assumenda. Ullam aut natus est veniam id ab aliquam.\n\nQuos autem voluptatem at sapiente qui. Eaque fugiat debitis aliquam aut est perspiciatis. Exercitationem provident est nam aspernatur consequuntur quis quibusdam.\n\nVelit illum non qui porro. Atque corporis ratione nihil aperiam. Amet sed est deleniti est ut sequi.\n\nCorrupti quasi incidunt nemo facere. Et rerum cupiditate ut tempore. Sapiente aspernatur voluptatem rem illo amet. Eius vel ducimus quia eligendi voluptatem. Repellendus vitae atque nisi reprehenderit.\n\nLaboriosam non molestias aut vel ratione est cum. Commodi nihil rem reiciendis ad illum dolorem blanditiis autem. Harum architecto iste laborum illum laboriosam aut praesentium.', 'Voluptatum dolores aut aliquam libero aut placeat voluptatum nihil alias.', 'SEO Title 4 - Arabic', 'SEO Description for 4 in Arabic.'),
	(143, 72, 'en', 'Dining Table  4 Seater, Walnut Finish', 'Fugit animi et ut eum molestiae iusto molestiae possimus. Aut veniam magni eaque reiciendis facilis veniam voluptates. Ut in ipsa eveniet ipsa debitis voluptas.\n\nPerspiciatis enim sit aliquam molestiae. Sunt explicabo consequatur mollitia. Reiciendis est perferendis aut voluptatem in consequatur. Ipsum autem occaecati illum quidem.\n\nDelectus et optio nemo molestiae. Repudiandae sed aliquid voluptates sunt. Unde ut est similique est voluptas reprehenderit repellendus.\n\nPraesentium a architecto magnam veritatis esse distinctio. A perferendis voluptate fugiat voluptatem qui numquam quia dicta. Odit incidunt aut enim est.\n\nRerum possimus corporis exercitationem ut sunt dolorum. Minima necessitatibus porro eum dolorem. Adipisci a autem voluptate esse. Ut consequuntur aut dolorem dolores quo reprehenderit porro.', 'Nisi qui et laboriosam quia et aut nostrum repellendus nihil a atque sed.', 'SEO Title 4 - English', 'SEO Description for 4 in English.'),
	(144, 72, 'ar', 'Dining Table  4 Seater, Walnut Finish', 'Voluptate nulla vitae cumque in omnis nesciunt. Commodi et asperiores minus alias et. Voluptate natus et sint autem deserunt. Quia illo laboriosam nisi mollitia consequuntur earum.\n\nSint fugit et accusamus fugit consectetur aut voluptatem. Eveniet deleniti ullam ullam laboriosam. Illo tempora nesciunt nisi illum.\n\nRepellat vel iusto quis. Quaerat eum soluta repellendus temporibus. Doloremque fugiat ut reiciendis accusantium incidunt.\n\nInventore et voluptas nihil nulla. Iure vel aut blanditiis repellat corporis molestiae quasi autem. Asperiores omnis explicabo in.\n\nEt qui doloribus veniam deleniti. Et repellendus enim autem dolor itaque. Ipsum vel natus cupiditate suscipit magni.\n\nDicta voluptatibus quibusdam repellendus possimus aspernatur. Et voluptas vitae explicabo nihil. Dicta sit asperiores sit perspiciatis unde amet.\n\nDolore labore ipsa dolorem odit. Est pariatur et enim. Deleniti nobis rerum aut impedit corporis sunt quia.', 'Neque quo saepe voluptatem aliquam est qui voluptatem sunt qui perspiciatis quod.', 'SEO Title 4 - Arabic', 'SEO Description for 4 in Arabic.'),
	(145, 73, 'en', 'Armless Stackable Plastic Chair', 'Dolores pariatur ad quia repellendus tenetur. Est illum at cum laboriosam ea eos numquam. Ullam consequatur dolorum nam. Quidem repellendus doloremque illum ipsam veritatis est culpa impedit.\n\nModi nam ab ut voluptas libero aperiam eveniet. Et doloremque qui deserunt et adipisci facere suscipit. Molestiae adipisci autem et.\n\nItaque et illum fuga ipsa illo eveniet optio. Ex enim quam inventore iusto consequatur labore. Necessitatibus provident possimus repellat illum. Sunt voluptatem totam consequatur molestias.\n\nQuae illum voluptas ullam et maxime tempora. Autem assumenda asperiores consequuntur aspernatur. Reprehenderit atque quo quae non ratione blanditiis. Omnis mollitia nesciunt vel nihil.\n\nIn id modi animi dolorem. Commodi dolor reprehenderit ab dicta. Repellendus ipsum recusandae inventore in reprehenderit.', 'Perspiciatis hic tempore repellendus repellendus vitae fugiat tempore doloribus dolor nihil aut veniam consectetur esse.', 'SEO Title 4 - English', 'SEO Description for 4 in English.'),
	(146, 73, 'ar', 'Armless Stackable Plastic Chair', 'Inventore nemo quia ipsa a adipisci quo. Et est ad voluptas cum eos ullam. Rem tempore et sint qui voluptate quod. Et illum veritatis rerum quia libero.\n\nSaepe quam quia amet rerum. Dolor mollitia rerum quam quisquam ut voluptas aliquam.\n\nNihil veniam et et velit quam soluta odio. Et dolor aspernatur itaque qui dolor quia.\n\nDolores consequuntur praesentium et quia fugit. Iure omnis sequi qui. Suscipit qui ipsa possimus neque.\n\nArchitecto aut nemo molestiae qui. Vitae et non praesentium facere porro voluptates. Et nesciunt eos nulla aut qui optio pariatur.', 'Velit laborum assumenda sapiente est inventore esse doloremque molestias.', 'SEO Title 4 - Arabic', 'SEO Description for 4 in Arabic.'),
	(147, 74, 'en', 'Multi-Layer Foldable Study Table', 'Et ea et et esse. Totam quibusdam et reiciendis iusto sapiente distinctio quo. Optio in iusto sequi animi assumenda adipisci tempora ad. Accusantium veritatis sed rerum illo animi commodi.\n\nAccusantium qui vitae dolor iste. Delectus ut quaerat alias. Fugiat suscipit accusamus adipisci laborum.\n\nOptio fugiat nesciunt ut omnis minima et voluptas. Alias quibusdam unde quia quibusdam tempore. Nemo velit temporibus dolorem ab esse consequuntur nam.\n\nEnim enim voluptatem expedita fugiat corrupti quisquam. Nobis dolores adipisci numquam tempore eligendi saepe. Labore vitae modi ea repellendus dolorem sunt. Voluptatum magni in illo delectus perferendis assumenda ducimus.', 'Animi dolor nemo et omnis occaecati id nihil consectetur.', 'SEO Title 4 - English', 'SEO Description for 4 in English.'),
	(148, 74, 'ar', 'Multi-Layer Foldable Study Table', 'Expedita adipisci non similique vel. Molestiae culpa perferendis esse facilis. Sint occaecati laboriosam sint ad. Odit ab neque et quas dolorem reprehenderit enim. Consequuntur et incidunt illum hic.\n\nVero voluptatem accusantium ipsam quidem tenetur dolorem architecto. Praesentium perspiciatis eaque natus quas repudiandae. Rerum consequatur fugiat atque. Omnis suscipit nihil illo eum.\n\nVel facilis et sequi eius ut et. Consequatur aliquid eaque officiis minima expedita suscipit qui. Voluptatem iste nam est pariatur.\n\nRecusandae optio perferendis atque odio et autem. Sit autem quia dolores doloremque id. Est ut fugiat tempore deserunt minima. Quis dolor eos non.\n\nInventore iste nam labore enim nostrum. Totam et perspiciatis quam quasi ea possimus quas. Officia expedita excepturi sed inventore illo. Deleniti totam enim qui vitae ipsam dignissimos.\n\nMaxime expedita quam officiis perferendis nemo quo. Esse autem natus atque vitae itaque earum. Sed mollitia ut hic rerum. Doloribus aut laudantium dolor error autem quia hic debitis.\n\nAut provident dolor maxime. Dolores eum earum molestias recusandae et qui. Cumque in fugit est officiis commodi. Voluptate est voluptas nostrum pariatur.', 'Quod dolorem quam impedit id non sint voluptatem molestiae sunt.', 'SEO Title 4 - Arabic', 'SEO Description for 4 in Arabic.'),
	(149, 75, 'en', 'Revolving Computer Chair With Headrest', 'Et molestiae officiis vel voluptatum. Voluptas blanditiis reprehenderit neque sunt non.\n\nAssumenda neque quibusdam eveniet modi veniam vel. Qui eos quis voluptatum ea ipsum natus accusamus sint. Assumenda ut quam est. Accusamus assumenda aspernatur voluptas aut eum.\n\nDeleniti temporibus nesciunt non nam quo qui ea. Non est iste earum ipsa. Id a quia cum rem neque possimus. Voluptatem velit iure dolor ut facere sed qui.\n\nAssumenda enim beatae voluptatum temporibus quos alias ipsam omnis. Sunt delectus iste voluptatum sit natus. Voluptatem quis et tenetur et corrupti aut.\n\nMagnam distinctio dignissimos tenetur quis dolore eum. Tempore officiis repellat minima velit minima quod dolore. Velit quae est repellendus quos.\n\nSoluta voluptas ut excepturi ea. Adipisci illum recusandae necessitatibus est fugit. Expedita odio excepturi repellat. Ea excepturi et dolorum sed non autem. Delectus alias id quaerat officiis.', 'Laboriosam suscipit qui a facilis aspernatur placeat eos nihil maiores.', 'SEO Title 4 - English', 'SEO Description for 4 in English.'),
	(150, 75, 'ar', 'Revolving Computer Chair With Headrest', 'Optio placeat modi nostrum cupiditate eveniet. In et fugiat sunt officiis qui. Aut commodi totam quam ut molestiae a vitae. Nemo ut et hic.\n\nAut ipsam aut velit eius autem quam perspiciatis eos. In odio vel nulla quia recusandae voluptatem dignissimos. Et modi quasi ut. Laboriosam aperiam quia ducimus sint.\n\nOdio sapiente quo sit explicabo vero pariatur reprehenderit. Autem quidem nostrum rerum unde quia est doloribus. Quam eligendi enim reiciendis molestiae natus. Maiores in minima quia.\n\nId laborum repellendus quas harum. Commodi rerum aut dolorem dolorem error et. Ipsum quaerat ducimus saepe repellendus ad qui qui.\n\nExplicabo qui alias dolore tempore consequuntur molestiae. In totam dolore quia accusamus quidem quos. Praesentium doloremque nulla officia laborum architecto sint.\n\nSed rem quis ducimus esse. Exercitationem voluptatem minima ut quisquam sunt. Doloribus ducimus labore laudantium optio et deleniti quasi voluptatibus.', 'Sit omnis vero ut alias pariatur.', 'SEO Title 4 - Arabic', 'SEO Description for 4 in Arabic.'),
	(151, 76, 'en', 'Kids Activity Table With Storage Box', 'Doloribus ipsam consequatur et aut error aliquam. Nobis ut aliquid culpa. Voluptates aliquam nemo eos exercitationem.\n\nDolorum esse nemo nemo minima. Adipisci saepe nihil sint reiciendis sit illum alias.\n\nDolorem unde inventore recusandae in temporibus in id. Porro dolores quae sequi dolores consequatur ut. Tempora culpa aut quia ut enim omnis quae.\n\nOdit eum quia illum voluptatibus. Est sit eum dicta minus eum quos nulla consequatur. Perspiciatis non nesciunt aut amet ut est minus. Unde architecto laborum fugiat necessitatibus qui. Quae ea deleniti expedita.\n\nDolores quod laboriosam totam. Voluptatibus officia sapiente sed pariatur. Non assumenda deleniti soluta consequatur accusantium iure nihil. Iusto sint sed voluptatum consectetur aut. Omnis architecto laborum magnam velit temporibus tempore.\n\nIllum sunt vero voluptatem dolor eum ut. Debitis maiores officiis ea est qui molestias sed. Laboriosam minima dolor deleniti aliquid repellat laborum distinctio. Rerum et magnam quia aperiam non.', 'Dolores debitis in amet molestiae dolores neque voluptatem dolores nisi iusto dignissimos qui qui voluptatem.', 'SEO Title 4 - English', 'SEO Description for 4 in English.'),
	(152, 76, 'ar', 'Kids Activity Table With Storage Box', 'Quia error ut fugiat voluptatem rerum excepturi veritatis. Ut nihil et quasi in corporis. Sapiente dolor unde enim quia.\n\nPorro sunt eaque sunt placeat sint. Omnis et adipisci atque tenetur cum omnis officiis.\n\nOmnis excepturi et beatae sit et cupiditate saepe. Id et sunt maiores ut repellendus. Soluta aliquid quae quia sed neque distinctio.\n\nNon autem itaque sed. Et et nihil mollitia rem ullam et adipisci sit. Sapiente et et est quibusdam perspiciatis. Ut cum neque dolores veritatis veritatis illo.\n\nNam odit repellendus consequuntur. Repellat placeat necessitatibus quia sint. Aut quos esse itaque consectetur similique distinctio dolore et.\n\nEt saepe omnis quia reiciendis facilis. Ipsa officiis delectus porro maxime qui deleniti iusto. Doloremque omnis architecto iure est dolorum. Explicabo aliquid est quaerat asperiores commodi.\n\nNostrum consequatur iste aspernatur distinctio doloremque velit ea dolor. Qui voluptas possimus sapiente molestiae aut harum. Voluptatem minus aliquam aut qui sint accusantium sapiente.', 'Id sint molestias aut adipisci aut dolorum est porro.', 'SEO Title 4 - Arabic', 'SEO Description for 4 in Arabic.'),
	(153, 77, 'en', 'Cafe-Style Bistro Table  Round Top', 'Iusto repudiandae est aut explicabo quis. Alias voluptate qui sit earum enim nemo unde. Dignissimos sed expedita pariatur voluptatem explicabo dignissimos saepe. Impedit tempore necessitatibus facere ab amet debitis. Deleniti enim ut fugit at.\n\nSunt tenetur adipisci doloremque occaecati et est eligendi. Sequi dolorum ut quo est laborum quaerat sunt. Aut officia voluptatibus consequatur accusamus ut consequatur reprehenderit. Eos a enim et beatae ut similique voluptatem.\n\nDoloribus iste recusandae enim eaque. Sit iure vitae eveniet impedit excepturi laborum. Quis est perferendis similique molestias nemo. Ad rem tempore itaque.\n\nEst dolorem delectus pariatur et sint quas qui. Explicabo quae non nam soluta tenetur sed. Et sit dicta facere voluptatum. Qui tempore et porro odit.\n\nDoloremque dignissimos a est dolor esse nemo. Fugiat et dolores qui maxime. Dolores ut incidunt voluptas qui sunt ut dolore. Nemo et rerum dolor et repellat fugit. Placeat doloribus id perferendis consequatur rerum rem.', 'Occaecati doloribus non odit eum quia.', 'SEO Title 4 - English', 'SEO Description for 4 in English.'),
	(154, 77, 'ar', 'Cafe-Style Bistro Table  Round Top', 'Illo maiores enim dolor occaecati. Ut reprehenderit cum et recusandae commodi. Voluptates velit magni ullam possimus repellendus. Explicabo cum magnam sint nihil.\n\nDoloremque dolore rerum odio facilis labore vel consequuntur corporis. Ex unde qui temporibus et inventore quae. Nam et numquam velit explicabo deserunt. Repudiandae et autem molestiae aliquid dolor vel eaque.\n\nRepellendus sunt voluptas ducimus inventore cumque et non. Dolore non vitae rerum. Quasi provident vel et sit voluptatum. Ut dignissimos voluptate saepe eligendi quisquam qui rerum.\n\nIllum aspernatur quibusdam sit saepe nostrum aperiam non magnam. Laudantium neque iusto corrupti eaque enim sit adipisci. In enim consectetur debitis porro. Aperiam quo nulla esse aut.', 'Delectus minus veniam minus.', 'SEO Title 4 - Arabic', 'SEO Description for 4 in Arabic.'),
	(155, 78, 'en', 'Mid-Back Pu Leather Office Chair', 'Sed necessitatibus ut accusantium eum aut voluptatem quia. Possimus molestias voluptatem aut quibusdam hic sed. Et qui et rerum qui aut facere. A exercitationem natus sint perferendis ut dolore est corrupti. Voluptas cupiditate voluptate doloribus qui vel.\n\nDolor qui dolorem velit ullam qui eligendi inventore. Repellendus nemo sed voluptas velit et nisi. Officia eum veniam unde voluptates eum iure enim. Voluptatem nam aut eos molestias laboriosam expedita ipsam.\n\nBlanditiis omnis laborum rerum a natus atque ut. Minima sed et quae ea. At sed minima a aut nihil incidunt nulla. Perspiciatis nostrum laudantium omnis incidunt unde quam ea. Illum veritatis sit commodi quaerat quaerat cum suscipit distinctio.\n\nEt voluptatem voluptas in perferendis ex voluptatem. Esse sed et ipsa aut. Praesentium similique sed suscipit ipsa a reprehenderit explicabo.', 'Porro corporis ipsum corrupti quos commodi.', 'SEO Title 4 - English', 'SEO Description for 4 in English.'),
	(156, 78, 'ar', 'Mid-Back Pu Leather Office Chair', 'Odit accusantium aliquid quo nostrum. Beatae voluptatem eligendi cum sed sequi necessitatibus eveniet et. Id dicta aspernatur officia velit.\n\nMaiores corrupti soluta molestiae sed. Odit ipsam enim molestias et et. Voluptas et ut totam odit a. Eveniet eligendi repudiandae eum facilis.\n\nMagnam explicabo vero est tenetur veritatis perferendis. Accusamus quo aspernatur fugiat ipsum et sit. Sed est recusandae optio iste ad dolores quo.\n\nEst qui mollitia amet distinctio. Natus cum odit accusantium. Cumque sint dolore in nobis est.\n\nVoluptatem sint facilis aut nisi et et porro quos. Non blanditiis incidunt quos hic. Fugit quis non quidem nihil. Et consequatur eum ab culpa fugiat.\n\nSed placeat beatae et velit et quos quo. Nihil facilis fugit eum ad hic voluptatibus voluptas dolor. Et odio sed et rem inventore. Recusandae quo quaerat quibusdam harum reprehenderit.\n\nDolore cupiditate qui asperiores. Ex atque voluptatem at. Perferendis quia ea voluptatum repellendus perspiciatis.', 'Cum qui et aut ullam delectus aspernatur sapiente repellendus et.', 'SEO Title 4 - Arabic', 'SEO Description for 4 in Arabic.'),
	(157, 79, 'en', 'Foldable Picnic Table  2 Person', 'Nisi molestiae in perspiciatis nemo sit voluptatem et. Quo quidem numquam quam est quos molestiae nobis.\n\nAccusantium incidunt rerum velit laborum. Enim in odio nulla quaerat. Quis fuga architecto aut repellendus corporis incidunt.\n\nBeatae non minus laudantium laboriosam maxime sunt consectetur. Quo qui ratione nisi consequatur aperiam natus.\n\nVoluptatum numquam animi nobis esse fuga voluptatibus illum. Quis ullam odit beatae voluptas magni veritatis est fugiat.\n\nAut fugit et rerum ut. Atque at perspiciatis harum unde dolorum.\n\nEos asperiores deserunt fuga expedita aut. Repellat aut eaque in voluptatem quibusdam quasi quibusdam. Omnis non aliquam voluptas. A qui tempore quae iste perferendis sunt.', 'Rerum et totam nostrum excepturi est.', 'SEO Title 4 - English', 'SEO Description for 4 in English.'),
	(158, 79, 'ar', 'Foldable Picnic Table  2 Person', 'Doloribus deserunt et accusamus ut sapiente nam. Est deserunt accusantium sit quisquam vel optio consequatur. Quasi vero alias iusto commodi laudantium et asperiores.\n\nFugiat autem ullam est alias. Vel deleniti esse perferendis et tempora ut. Sed quia officia aut veniam debitis suscipit aut. Aperiam aut et quia qui enim.\n\nAliquam voluptas quis sequi minima maxime aut. Fuga accusamus aliquid quidem aut reprehenderit fuga. Quo maiores pariatur explicabo modi et dolor sint ea.\n\nAut mollitia magnam esse voluptate eos. Ut odit facilis labore alias. Impedit accusamus qui vel aut qui neque. Quo iste aut minus omnis mollitia. Provident praesentium unde minus voluptatem sit modi.\n\nEt corrupti quos accusantium ratione reprehenderit est. Animi dignissimos atque quaerat illo dicta. Dolorem repellendus et eligendi. Id harum eum consequatur dolorem.', 'Dolores nam aut ut non id libero at blanditiis illo totam voluptatem occaecati enim accusamus sapiente ut.', 'SEO Title 4 - Arabic', 'SEO Description for 4 in Arabic.'),
	(159, 80, 'en', 'Rocking Chair  Wooden Classic Style', 'Accusantium rerum unde minima qui. Et quis itaque voluptatum aut. Enim vero enim aut in consequatur quasi. Facilis ratione ea sed corrupti natus harum quia. Repellat quasi dolorem tempora sequi omnis at.\n\nQuis est vitae beatae. Voluptatem et illum aut incidunt culpa. Ut nihil inventore suscipit doloribus ex autem.\n\nArchitecto porro quo enim fugiat ex. Nulla quis voluptatibus fugit est repudiandae totam iure sit. Molestiae modi similique qui in quibusdam qui. Dolor voluptatem illo quaerat expedita. Repellat architecto autem magnam sunt.\n\nQui ut voluptatem nisi. Ipsum ut est nisi dignissimos in ut soluta voluptas. Provident ex neque quia rerum sit magnam. Qui consectetur suscipit deleniti sunt ut sunt dolor.\n\nNon minima expedita fugiat cum. Temporibus et et id et.\n\nTempora et provident laboriosam eius minima sed. Est ullam magni pariatur dolor. Ad consequatur sapiente nam qui eligendi nisi eum. Voluptatem cum cupiditate non sunt illo.', 'Qui illo enim eos aut distinctio dolore consequuntur odit fugiat voluptatem quo et.', 'SEO Title 4 - English', 'SEO Description for 4 in English.'),
	(160, 80, 'ar', 'Rocking Chair  Wooden Classic Style', 'Vero mollitia odio molestiae officia dignissimos. Numquam eius sed fugiat illo et aspernatur. A omnis vel aut in natus est earum.\n\nSit amet praesentium eos ullam qui vel. Asperiores reiciendis adipisci quia iusto repellendus et at. Harum hic eum blanditiis labore sit qui praesentium.\n\nId eius reprehenderit voluptas et ipsa quia aspernatur. Qui et sed incidunt odio. Officia laudantium quis eveniet placeat. Architecto eveniet ullam quos officia ut commodi qui dolor.\n\nTenetur itaque modi qui qui ut harum. Ad molestias quia ab iure explicabo qui. Officiis fugiat et molestiae quibusdam. Laborum eligendi provident suscipit eveniet. Minus laboriosam non sapiente adipisci tempora qui.', 'Et voluptatem quis corporis officia maxime suscipit quia quia.', 'SEO Title 4 - Arabic', 'SEO Description for 4 in Arabic.'),
	(161, 81, 'en', 'Study Desk With Bookshelf Rack', 'Tempore voluptas mollitia et. Veniam molestiae mollitia voluptates in blanditiis doloremque. Suscipit libero dolore consectetur expedita quaerat sit adipisci enim. Doloremque ut vitae ut aperiam eius quos.\n\nEst eius quidem labore aut recusandae. Illum vero perspiciatis iusto ea. Sapiente quia ut tempora est eos illum. Exercitationem odio iste animi voluptatibus explicabo cupiditate.\n\nUt quasi numquam et enim laudantium deserunt cupiditate. Exercitationem consectetur omnis assumenda in consequatur. Dolores delectus odit voluptatibus. Doloribus et est consequatur fuga quisquam consequatur.\n\nError corrupti quia numquam repellendus perferendis voluptatem. Dolorum corrupti deleniti cupiditate nemo sequi. Fugiat necessitatibus amet eius voluptatem dignissimos non vel.\n\nLaudantium quia dolores rem quasi soluta id. Expedita nobis suscipit id animi sed. Saepe ea exercitationem quia debitis vitae dolores. Omnis harum modi rem et recusandae corporis repudiandae.', 'Beatae ipsum voluptatibus aliquid eos et aliquam similique aut voluptates rerum deserunt asperiores.', 'SEO Title 4 - English', 'SEO Description for 4 in English.'),
	(162, 81, 'ar', 'Study Desk With Bookshelf Rack', 'Id nihil ea aut id. Consequatur aut et accusamus et distinctio aut. Blanditiis esse molestias tempora explicabo temporibus est sint. Consequatur vitae labore nihil sit.\n\nSunt nemo qui voluptatibus minima earum sit. Velit sed fugiat sunt aut et. Qui eum ut voluptatem vitae inventore. Sint qui laboriosam molestiae quia accusantium quae.\n\nExcepturi alias ex quas doloribus. Commodi dolorum sequi id voluptatem est. Deserunt cumque delectus velit molestiae.\n\nVoluptatum dolorum praesentium tenetur molestiae. Illum sit rerum quo incidunt. Unde saepe consequatur consequatur. Dolore rerum voluptas quod molestiae et libero quo cumque.', 'Et voluptatibus ea ullam voluptas porro est repudiandae tenetur harum voluptatem accusantium.', 'SEO Title 4 - Arabic', 'SEO Description for 4 in Arabic.');

-- Dumping structure for table topcommerce.related_products
DROP TABLE IF EXISTS `related_products`;
CREATE TABLE IF NOT EXISTS `related_products` (
  `product_id` bigint(20) unsigned NOT NULL,
  `related_product_id` bigint(20) unsigned NOT NULL,
  PRIMARY KEY (`product_id`,`related_product_id`),
  KEY `related_products_related_product_id_foreign` (`related_product_id`),
  CONSTRAINT `related_products_product_id_foreign` FOREIGN KEY (`product_id`) REFERENCES `products` (`id`) ON DELETE CASCADE,
  CONSTRAINT `related_products_related_product_id_foreign` FOREIGN KEY (`related_product_id`) REFERENCES `products` (`id`) ON DELETE CASCADE
) ENGINE=InnoDB DEFAULT CHARSET=utf8mb4 COLLATE=utf8mb4_unicode_ci;

-- Dumping data for table topcommerce.related_products: ~0 rows (approximately)
DELETE FROM `related_products`;

-- Dumping structure for table topcommerce.roles
DROP TABLE IF EXISTS `roles`;
CREATE TABLE IF NOT EXISTS `roles` (
  `id` bigint(20) unsigned NOT NULL AUTO_INCREMENT,
  `name` varchar(255) NOT NULL,
  `guard_name` varchar(255) NOT NULL,
  `created_at` timestamp NULL DEFAULT NULL,
  `updated_at` timestamp NULL DEFAULT NULL,
  PRIMARY KEY (`id`),
  UNIQUE KEY `roles_name_guard_name_unique` (`name`,`guard_name`)
) ENGINE=InnoDB AUTO_INCREMENT=2 DEFAULT CHARSET=utf8mb4 COLLATE=utf8mb4_unicode_ci;

-- Dumping data for table topcommerce.roles: ~1 rows (approximately)
DELETE FROM `roles`;
INSERT INTO `roles` (`id`, `name`, `guard_name`, `created_at`, `updated_at`) VALUES
	(1, 'Super Admin', 'admin', '2025-08-07 03:49:14', '2025-08-07 03:49:14');

-- Dumping structure for table topcommerce.role_has_permissions
DROP TABLE IF EXISTS `role_has_permissions`;
CREATE TABLE IF NOT EXISTS `role_has_permissions` (
  `permission_id` bigint(20) unsigned NOT NULL,
  `role_id` bigint(20) unsigned NOT NULL,
  PRIMARY KEY (`permission_id`,`role_id`),
  KEY `role_has_permissions_role_id_foreign` (`role_id`),
  CONSTRAINT `role_has_permissions_permission_id_foreign` FOREIGN KEY (`permission_id`) REFERENCES `permissions` (`id`) ON DELETE CASCADE,
  CONSTRAINT `role_has_permissions_role_id_foreign` FOREIGN KEY (`role_id`) REFERENCES `roles` (`id`) ON DELETE CASCADE
) ENGINE=InnoDB DEFAULT CHARSET=utf8mb4 COLLATE=utf8mb4_unicode_ci;

-- Dumping data for table topcommerce.role_has_permissions: ~189 rows (approximately)
DELETE FROM `role_has_permissions`;
INSERT INTO `role_has_permissions` (`permission_id`, `role_id`) VALUES
	(1, 1),
	(2, 1),
	(3, 1),
	(4, 1),
	(5, 1),
	(6, 1),
	(7, 1),
	(8, 1),
	(9, 1),
	(10, 1),
	(11, 1),
	(12, 1),
	(13, 1),
	(14, 1),
	(15, 1),
	(16, 1),
	(17, 1),
	(18, 1),
	(19, 1),
	(20, 1),
	(21, 1),
	(22, 1),
	(23, 1),
	(24, 1),
	(25, 1),
	(26, 1),
	(27, 1),
	(28, 1),
	(29, 1),
	(30, 1),
	(31, 1),
	(32, 1),
	(33, 1),
	(34, 1),
	(35, 1),
	(36, 1),
	(37, 1),
	(38, 1),
	(39, 1),
	(40, 1),
	(41, 1),
	(42, 1),
	(43, 1),
	(44, 1),
	(45, 1),
	(46, 1),
	(47, 1),
	(48, 1),
	(49, 1),
	(50, 1),
	(51, 1),
	(52, 1),
	(53, 1),
	(54, 1),
	(55, 1),
	(56, 1),
	(57, 1),
	(58, 1),
	(59, 1),
	(60, 1),
	(61, 1),
	(62, 1),
	(63, 1),
	(64, 1),
	(65, 1),
	(66, 1),
	(67, 1),
	(68, 1),
	(69, 1),
	(70, 1),
	(71, 1),
	(72, 1),
	(73, 1),
	(74, 1),
	(75, 1),
	(76, 1),
	(77, 1),
	(78, 1),
	(79, 1),
	(80, 1),
	(81, 1),
	(82, 1),
	(83, 1),
	(84, 1),
	(85, 1),
	(86, 1),
	(87, 1),
	(88, 1),
	(89, 1),
	(90, 1),
	(91, 1),
	(92, 1),
	(93, 1),
	(94, 1),
	(95, 1),
	(96, 1),
	(97, 1),
	(98, 1),
	(99, 1),
	(100, 1),
	(101, 1),
	(102, 1),
	(103, 1),
	(104, 1),
	(105, 1),
	(106, 1),
	(107, 1),
	(108, 1),
	(109, 1),
	(110, 1),
	(111, 1),
	(112, 1),
	(113, 1),
	(114, 1),
	(115, 1),
	(116, 1),
	(117, 1),
	(118, 1),
	(119, 1),
	(120, 1),
	(121, 1),
	(122, 1),
	(123, 1),
	(124, 1),
	(125, 1),
	(126, 1),
	(127, 1),
	(128, 1),
	(129, 1),
	(130, 1),
	(131, 1),
	(132, 1),
	(133, 1),
	(134, 1),
	(135, 1),
	(136, 1),
	(137, 1),
	(138, 1),
	(139, 1),
	(140, 1),
	(141, 1),
	(142, 1),
	(143, 1),
	(144, 1),
	(145, 1),
	(146, 1),
	(147, 1),
	(148, 1),
	(149, 1),
	(150, 1),
	(151, 1),
	(152, 1),
	(153, 1),
	(154, 1),
	(155, 1),
	(156, 1),
	(157, 1),
	(158, 1),
	(159, 1),
	(160, 1),
	(161, 1),
	(162, 1),
	(163, 1),
	(164, 1),
	(165, 1),
	(166, 1),
	(167, 1),
	(168, 1),
	(169, 1),
	(170, 1),
	(171, 1),
	(172, 1),
	(173, 1),
	(174, 1),
	(175, 1),
	(176, 1),
	(177, 1),
	(178, 1),
	(179, 1),
	(180, 1),
	(181, 1),
	(182, 1),
	(183, 1),
	(184, 1),
	(185, 1),
	(186, 1),
	(187, 1),
	(188, 1),
	(189, 1);

-- Dumping structure for table topcommerce.sections
DROP TABLE IF EXISTS `sections`;
CREATE TABLE IF NOT EXISTS `sections` (
  `id` bigint(20) unsigned NOT NULL AUTO_INCREMENT,
  `home_id` bigint(20) unsigned DEFAULT NULL,
  `name` varchar(255) NOT NULL,
  `global_content` longtext CHARACTER SET utf8mb4 COLLATE utf8mb4_bin DEFAULT NULL CHECK (json_valid(`global_content`)),
  `status` tinyint(1) NOT NULL DEFAULT 1,
  `created_at` timestamp NULL DEFAULT NULL,
  `updated_at` timestamp NULL DEFAULT NULL,
  PRIMARY KEY (`id`),
  KEY `sections_home_id_foreign` (`home_id`),
  CONSTRAINT `sections_home_id_foreign` FOREIGN KEY (`home_id`) REFERENCES `homes` (`id`) ON DELETE CASCADE
) ENGINE=InnoDB AUTO_INCREMENT=54 DEFAULT CHARSET=utf8mb4 COLLATE=utf8mb4_unicode_ci;

-- Dumping data for table topcommerce.sections: ~53 rows (approximately)
DELETE FROM `sections`;
INSERT INTO `sections` (`id`, `home_id`, `name`, `global_content`, `status`, `created_at`, `updated_at`) VALUES
	(1, 1, 'top_header_section', '{"offer_start_time":{"type":"date","value":"2025-08-07"},"offer_end_time":{"type":"date","value":"2025-08-14"},"offer_link":{"type":"text","value":"\\/products"},"offer_status":{"type":"select","options":{"active":"Active","inactive":"Inactive"},"value":"active"},"mega_menu_offer_status":{"type":"select","options":{"active":"Active","inactive":"Inactive"},"value":"active"},"mega_menu_offer_link":{"type":"text","value":"\\/products"}}', 1, '2025-08-07 03:49:15', '2025-08-07 03:49:15'),
	(2, 1, 'hero_section', '{"action_button_url":{"type":"text","value":"\\/products"},"banner_image":{"type":"file","value":"website\\/images\\/banner_img.webp"},"price":{"type":"number","value":"39.00"},"discount_price":{"type":"number","value":"29.00"}}', 1, '2025-08-07 03:49:15', '2025-08-07 03:49:15'),
	(3, 1, 'featured_category_section', '{"limit":{"type":"number","value":10}}', 1, '2025-08-07 03:49:15', '2025-08-07 03:49:15'),
	(4, 1, 'quick_shopping_section', '{"left_product_price":{"type":"number","value":"56.00"},"left_product_image":{"type":"file","value":"website\\/images\\/quick_shop_img_1.webp"},"left_product_action_url":{"type":"text","value":"\\/products"},"center_product_price":{"type":"number","value":"46.00"},"center_product_image":{"type":"file","value":"website\\/images\\/quick_shop_img_2.webp"},"center_product_action_url":{"type":"text","value":"\\/products"},"right_product_price":{"type":"number","value":"66.00"},"right_product_image":{"type":"file","value":"website\\/images\\/quick_shop_img_3.webp"},"right_product_action_url":{"type":"text","value":"\\/products"}}', 1, '2025-08-07 03:49:15', '2025-08-07 03:49:15'),
	(5, 1, 'best_selling_section', '{"limit":{"type":"number","value":10}}', 1, '2025-08-07 03:49:15', '2025-08-07 03:49:15'),
	(6, 1, 'flash_product_section', NULL, 1, '2025-08-07 03:49:15', '2025-08-07 03:49:15'),
	(7, 1, 'bundle_combo_section', '{"limit":{"type":"number","value":10},"collection_type":{"type":"select","options":{"best_seller":"Best Seller Products","popular":"Popular Products","featured":"Featured Products"},"value":"best_seller"},"banner_product_image":{"type":"file","value":"website\\/images\\/product_combo_1.webp"},"banner_combo_image":{"type":"file","value":"website\\/images\\/product_combo_shape.webp"}}', 1, '2025-08-07 03:49:15', '2025-08-07 03:49:15'),
	(8, 1, 'brand_section', '{"limit":{"type":"number","value":10}}', 1, '2025-08-07 03:49:15', '2025-08-07 03:49:15'),
	(9, 1, 'call_to_action_section', '{"cta_image_one":{"type":"file","value":"website\\/images\\/cta_img1.webp"},"cta_image_two":{"type":"file","value":"website\\/images\\/cta_img2.webp"},"action_url":{"type":"text","value":"\\/products"},"product_price":{"type":"number","value":"58.00"}}', 1, '2025-08-07 03:49:15', '2025-08-07 03:49:15'),
	(10, 1, 'feature_products_section', '{"limit":{"type":"number","value":10}}', 1, '2025-08-07 03:49:15', '2025-08-07 03:49:15'),
	(11, 1, 'flash_deal_section', '{"flash_deal_start_date":{"type":"date","value":"2025-08-05T09:49:15.615439Z"},"flash_deal_end_date":{"type":"date","value":"2027-08-07T09:49:15.615449Z"}}', 1, '2025-08-07 03:49:15', '2025-08-07 03:49:15'),
	(12, 1, 'testimonials_section', NULL, 1, '2025-08-07 03:49:15', '2025-08-07 03:49:15'),
	(13, 1, 'blog_section', '{"limit":{"type":"number","value":3}}', 1, '2025-08-07 03:49:15', '2025-08-07 03:49:15'),
	(14, 1, 'footer_section', '{"facebook_status":{"type":"select","options":{"active":"Active","inactive":"Inactive"},"value":"active"},"facebook_link":{"type":"text","value":"https:\\/\\/www.facebook.com\\/"},"x_status":{"type":"select","options":{"active":"Active","inactive":"Inactive"},"value":"active"},"x_link":{"type":"text","value":"https:\\/\\/www.twitter.com\\/"},"linkedin_status":{"type":"select","options":{"active":"Active","inactive":"Inactive"},"value":"active"},"linkedin_link":{"type":"text","value":"https:\\/\\/www.linkedin.com\\/"},"pinterest_status":{"type":"select","options":{"active":"Active","inactive":"Inactive"},"value":"active"},"pinterest_link":{"type":"text","value":"https:\\/\\/www.pinterest.com\\/"},"apple_store_status":{"type":"select","options":{"active":"Active","inactive":"Inactive"},"value":"active"},"apple_store_link":{"type":"text","value":"https:\\/\\/www.appstore.com\\/"},"google_store_status":{"type":"select","options":{"active":"Active","inactive":"Inactive"},"value":"active"},"google_store_link":{"type":"text","value":"https:\\/\\/www.appstore.com\\/"},"contact_email":{"type":"text","value":"contact@topcommerce.com"},"contact_number":{"type":"text","value":"+670 413 90 762"},"useful_pages_status":{"type":"select","options":{"active":"Active","inactive":"Inactive"},"value":"active"},"help_center_status":{"type":"select","options":{"active":"Active","inactive":"Inactive"},"value":"active"},"payment_gateway_image":{"type":"file","value":"website\\/images\\/footer_2_payment_1.webp"}}', 1, '2025-08-07 03:49:15', '2025-08-07 03:49:15'),
	(15, 2, 'top_header_section', '{"offer_status":{"type":"select","options":{"active":"Active","inactive":"Inactive"},"value":"active"}}', 1, '2025-08-07 03:49:15', '2025-08-07 03:49:15'),
	(16, 2, 'hero_section', '{"item_one_status":{"type":"select","options":{"active":"Active","inactive":"Inactive"},"value":"active"},"item_one_action_button_url":{"type":"text","value":"\\/products"},"item_one_image":{"type":"file","value":"website\\/images\\/banner_2_img_1.webp"},"item_one_price":{"type":"number","value":"134.00"},"item_two_status":{"type":"select","options":{"active":"Active","inactive":"Inactive"},"value":"active"},"item_two_action_button_url":{"type":"text","value":"\\/products"},"item_two_image":{"type":"file","value":"website\\/images\\/banner_2_img_2.webp"},"item_two_price":{"type":"number","value":"144.00"},"item_three_status":{"type":"select","options":{"active":"Active","inactive":"Inactive"},"value":"active"},"item_three_action_button_url":{"type":"text","value":"\\/products"},"item_three_image":{"type":"file","value":"website\\/images\\/banner_2_img_3.webp"},"item_three_price":{"type":"number","value":"140.00"}}', 1, '2025-08-07 03:49:15', '2025-08-07 03:49:15'),
	(17, 2, 'featured_category_section', '{"limit":{"type":"number","value":10}}', 1, '2025-08-07 03:49:15', '2025-08-07 03:49:15'),
	(18, 2, 'flash_deal_section', '{"flash_deal_start_date":{"type":"date","value":"2025-08-05T09:49:15.615674Z"},"flash_deal_end_date":{"type":"date","value":"2027-08-07T09:49:15.615683Z"},"limit":{"type":"number","value":10}}', 1, '2025-08-07 03:49:15', '2025-08-07 03:49:15'),
	(19, 2, 'new_arrival_section', '{"new_arrival_image_one":{"type":"file","value":"website\\/images\\/new_arraival_2_img_1.webp"},"new_arrival_one_action_url":{"type":"text","value":"\\/products"},"new_arrival_image_two":{"type":"file","value":"website\\/images\\/new_arraival_2_img_2.webp"},"new_arrival_two_action_url":{"type":"text","value":"\\/products"},"new_arrival_image_three":{"type":"file","value":"website\\/images\\/new_arraival_2_img_3.webp"},"new_arrival_three_action_url":{"type":"text","value":"\\/products"}}', 1, '2025-08-07 03:49:15', '2025-08-07 03:49:15'),
	(20, 2, 'favorite_products_section', '{"limit":{"type":"number","value":8}}', 1, '2025-08-07 03:49:15', '2025-08-07 03:49:15'),
	(21, 2, 'discount_banner_section', '{"offer_start_time":{"type":"date","value":"2025-08-07T09:49:15.615691Z"},"offer_end_time":{"type":"date","value":"2025-08-14T09:49:15.615692Z"},"image_one":{"type":"file","value":"website\\/images\\/discount_2_img_1.webp"},"image_two":{"type":"file","value":"website\\/images\\/discount_2_img_2.webp"},"action_url":{"type":"text","value":"\\/products"}}', 1, '2025-08-07 03:49:15', '2025-08-07 03:49:15'),
	(22, 2, 'feature_products_section', '{"limit":{"type":"number","value":4}}', 1, '2025-08-07 03:49:15', '2025-08-07 03:49:15'),
	(23, 2, 'call_to_action_section', '{"cta_image_one":{"type":"file","value":"website\\/images\\/summer_collection_1.webp"},"cta_image_two":{"type":"file","value":"website\\/images\\/summer_collection_2.webp"},"cta_image_discount":{"type":"file","value":"website\\/images\\/discount_percentige.webp"},"action_url":{"type":"text","value":"\\/products"}}', 1, '2025-08-07 03:49:15', '2025-08-07 03:49:15'),
	(24, 2, 'hot_deal_section', '{"limit":{"type":"number","value":3},"collection_type":{"type":"select","options":{"best_seller":"Best Seller Products","popular":"Popular Products","featured":"Featured Products"},"value":"best_seller"},"hot_deal_image":{"type":"file","value":"website\\/images\\/product_combo_1.webp"},"hot_deal_action_url":{"type":"text","value":"\\/products"}}', 1, '2025-08-07 03:49:15', '2025-08-07 03:49:15'),
	(25, 2, 'blog_section', '{"limit":{"type":"number","value":3}}', 1, '2025-08-07 03:49:15', '2025-08-07 03:49:15'),
	(26, 2, 'benefit_section', '{"area_one_icon":{"type":"file","value":"website\\/images\\/benefit_icon_1.webp"},"area_two_icon":{"type":"file","value":"website\\/images\\/benefit_icon_2.webp"},"area_three_icon":{"type":"file","value":"website\\/images\\/benefit_icon_3.webp"},"area_four_icon":{"type":"file","value":"website\\/images\\/benefit_icon_4.webp"}}', 1, '2025-08-07 03:49:15', '2025-08-07 03:49:15'),
	(27, 2, 'footer_section', '{"facebook_status":{"type":"select","options":{"active":"Active","inactive":"Inactive"},"value":"active"},"facebook_link":{"type":"text","value":"https:\\/\\/www.facebook.com\\/"},"x_status":{"type":"select","options":{"active":"Active","inactive":"Inactive"},"value":"active"},"x_link":{"type":"text","value":"https:\\/\\/www.twitter.com\\/"},"linkedin_status":{"type":"select","options":{"active":"Active","inactive":"Inactive"},"value":"active"},"linkedin_link":{"type":"text","value":"https:\\/\\/www.linkedin.com\\/"},"pinterest_status":{"type":"select","options":{"active":"Active","inactive":"Inactive"},"value":"active"},"pinterest_link":{"type":"text","value":"https:\\/\\/www.pinterest.com\\/"},"contact_email":{"type":"text","value":"contact@topcommerce.com"},"contact_number":{"type":"text","value":"+670 413 90 762"},"shop_pages_status":{"type":"select","options":{"active":"Active","inactive":"Inactive"},"value":"active"},"help_center_status":{"type":"select","options":{"active":"Active","inactive":"Inactive"},"value":"active"},"newsletter_status":{"type":"select","options":{"active":"Active","inactive":"Inactive"},"value":"active"},"payment_gateway_image":{"type":"file","value":"website\\/images\\/footer_2_payment_1.webp"}}', 1, '2025-08-07 03:49:15', '2025-08-07 03:49:15'),
	(28, 3, 'top_header_section', '{"offer_status":{"type":"select","options":{"active":"Active","inactive":"Inactive"},"value":"active"}}', 1, '2025-08-07 03:49:15', '2025-08-07 03:49:15'),
	(29, 3, 'hero_section', '{"action_button_url":{"type":"text","value":"\\/products"},"banner_image":{"type":"file","value":"website\\/images\\/banner_3_img.webp"}}', 1, '2025-08-07 03:49:15', '2025-08-07 03:49:15'),
	(30, 3, 'featured_category_section', '{"limit":{"type":"number","value":10}}', 1, '2025-08-07 03:49:15', '2025-08-07 03:49:15'),
	(31, 3, 'summer_sale_section', '{"image_one":{"type":"file","value":"website\\/images\\/summersale_3_img_1.webp"},"image_two":{"type":"file","value":"website\\/images\\/summersale_3_img_2.webp"},"action_link_one":{"type":"text","value":"\\/products"},"action_link_two":{"type":"text","value":"\\/products"}}', 1, '2025-08-07 03:49:15', '2025-08-07 03:49:15'),
	(32, 3, 'feature_products_section', '{"limit":{"type":"number","value":8}}', 1, '2025-08-07 03:49:15', '2025-08-07 03:49:15'),
	(33, 3, 'flash_deal_section', '{"limit":{"type":"number","value":10}}', 1, '2025-08-07 03:49:15', '2025-08-07 03:49:15'),
	(34, 3, 'top_products_section', '{"limit":{"type":"number","value":10},"banner_image":{"type":"file","value":"website\\/images\\/top_product_3_bg.webp"},"banner_link":{"type":"text","value":"\\/products"}}', 1, '2025-08-07 03:49:15', '2025-08-07 03:49:15'),
	(35, 3, 'popular_products_section', '{"limit":{"type":"number","value":10},"banner_image":{"type":"file","value":"website\\/images\\/popular_product_3_img.webp"},"banner_link":{"type":"text","value":"\\/products"}}', 1, '2025-08-07 03:49:15', '2025-08-07 03:49:15'),
	(36, 3, 'blog_section', '{"limit":{"type":"number","value":3}}', 1, '2025-08-07 03:49:15', '2025-08-07 03:49:15'),
	(37, 3, 'benefit_section', '{"area_one_icon":{"type":"file","value":"website\\/images\\/benefit_icon_5.webp"},"area_two_icon":{"type":"file","value":"website\\/images\\/benefit_icon_6.webp"},"area_three_icon":{"type":"file","value":"website\\/images\\/benefit_icon_7.webp"},"area_four_icon":{"type":"file","value":"website\\/images\\/benefit_icon_8.webp"}}', 1, '2025-08-07 03:49:15', '2025-08-07 03:49:15'),
	(38, 3, 'footer_section', '{"facebook_status":{"type":"select","options":{"active":"Active","inactive":"Inactive"},"value":"active"},"facebook_link":{"type":"text","value":"https:\\/\\/www.facebook.com\\/"},"x_status":{"type":"select","options":{"active":"Active","inactive":"Inactive"},"value":"active"},"x_link":{"type":"text","value":"https:\\/\\/www.twitter.com\\/"},"linkedin_status":{"type":"select","options":{"active":"Active","inactive":"Inactive"},"value":"active"},"linkedin_link":{"type":"text","value":"https:\\/\\/www.linkedin.com\\/"},"pinterest_status":{"type":"select","options":{"active":"Active","inactive":"Inactive"},"value":"active"},"pinterest_link":{"type":"text","value":"https:\\/\\/www.pinterest.com\\/"},"apple_store_status":{"type":"select","options":{"active":"Active","inactive":"Inactive"},"value":"active"},"apple_store_link":{"type":"text","value":"https:\\/\\/www.appstore.com\\/"},"google_store_status":{"type":"select","options":{"active":"Active","inactive":"Inactive"},"value":"active"},"google_store_link":{"type":"text","value":"https:\\/\\/www.appstore.com\\/"},"contact_email":{"type":"text","value":"contact@topcommerce.com"},"contact_number":{"type":"text","value":"+670 413 90 762"},"useful_pages_status":{"type":"select","options":{"active":"Active","inactive":"Inactive"},"value":"active"},"help_center_status":{"type":"select","options":{"active":"Active","inactive":"Inactive"},"value":"active"},"payment_gateway_image":{"type":"file","value":"website\\/images\\/footer_2_payment_1.webp"}}', 1, '2025-08-07 03:49:15', '2025-08-07 03:49:15'),
	(39, 4, 'top_header_section', '{"offer_status": {"type": "select", "options": {"active": "Active", "inactive": "Inactive"}, "value": "active"}}', 1, '2025-08-07 03:49:15', '2025-08-07 03:49:26'),
	(40, 4, 'hero_section', '{"product_one_image": {"type": "file", "value": "website\\/images\\/banner_4_img_1.webp"}, "product_one_label_image": {"type": "file", "value": "website\\/images\\/offer_shape.webp"}, "product_two_image": {"type": "file", "value": "website\\/images\\/banner_4_img_2.webp"}, "product_two_label_image": {"type": "file", "value": "website\\/images\\/offer_shape_2.webp"}, "action_link": {"type": "text", "value": "\\/products"}}', 1, '2025-08-07 03:49:15', '2025-08-07 03:49:26'),
	(41, 4, 'featured_category_section', '{"limit": {"type": "number", "value": 6}}', 1, '2025-08-07 03:49:15', '2025-08-07 03:49:26'),
	(42, 4, 'flash_deal_section', '{"limit": {"type": "number", "value": 10}, "flash_deal_start_date": {"type": "date", "value": "2025-08-05T09:49:15.616022Z"}, "flash_deal_end_date": {"type": "date", "value": "2027-08-07T09:49:15.616030Z"}}', 1, '2025-08-07 03:49:15', '2025-08-07 03:49:26'),
	(43, 4, 'hot_deal_section', '{"deal_one_image": {"type": "file", "value": "website\\/images\\/hot_deals_4_img_1.webp"}, "deal_one_button_url": {"type": "text", "value": "\\/products"}, "deal_two_image": {"type": "file", "value": "website\\/images\\/hot_deals_4_img_2.webp"}, "deal_two_label_image": {"type": "file", "value": "website\\/images\\/offer_shape_3.webp"}, "deal_two_start_time": {"type": "date", "value": "2025-08-07T09:49:15.616037Z"}, "deal_two_end_time": {"type": "date", "value": "2025-08-07T09:49:15.616039Z"}, "deal_two_button_url": {"type": "text", "value": "\\/products"}, "deal_three_image": {"type": "file", "value": "website\\/images\\/hot_deals_4_img_3.webp"}, "deal_three_button_url": {"type": "text", "value": "\\/products"}, "deal_four_image": {"type": "file", "value": "website\\/images\\/hot_deals_4_img_4.webp"}, "deal_four_button_url": {"type": "text", "value": "\\/products"}}', 1, '2025-08-07 03:49:15', '2025-08-07 03:49:26'),
	(44, 4, 'best_sales_section', '{"limit": {"type": "number", "value": 8}}', 1, '2025-08-07 03:49:15', '2025-08-07 03:49:26'),
	(45, 4, 'discount_section', '{"video_thumbnail": {"type": "file", "value": "website\\/images\\/process_4_bg_2.webp"}, "video_one_status": {"type": "select", "value": "active", "options": {"active": "Active", "inactive": "Inactive"}}, "video_one_link": {"type": "text", "value": "https:\\/\\/youtu.be\\/6h6b4LPq1Vw?si=gn8f4hZXpSKZr55e"}, "video_two_status": {"type": "select", "value": "active", "options": {"active": "Active", "inactive": "Inactive"}}, "video_two_link": {"type": "text", "value": "https:\\/\\/youtu.be\\/6h6b4LPq1Vw?si=gn8f4hZXpSKZr55e"}, "product_image": {"type": "file", "value": "website\\/images\\/process_4_img_1.webp"}, "product_label_image": {"type": "file", "value": "website\\/images\\/offer_shape_3.webp"}, "process_one_icon": {"type": "file", "value": "website\\/images\\/benefit_icon_1.webp"}, "process_two_icon": {"type": "file", "value": "website\\/images\\/benefit_icon_2.webp"}, "process_three_icon": {"type": "file", "value": "website\\/images\\/benefit_icon_3.webp"}}', 1, '2025-08-07 03:49:15', '2025-08-07 03:49:26'),
	(46, 4, 'top_selling_section', '{"action_url": {"type": "text", "value": "\\/products"}, "top_selling_price": {"type": "number", "value": "58.00"}, "top_selling_image": {"type": "file", "value": "website\\/images\\/top_selling_img.webp"}}', 1, '2025-08-07 03:49:15', '2025-08-07 03:49:26'),
	(47, 4, 'filtered_product_section', '{"product_image": {"type": "file", "value": "website\\/images\\/buy_product_img.webp"}, "product_label_image": {"type": "file", "value": "website\\/images\\/chair_shape.webp"}, "product_sku": {"type": "text", "value": "SKU-00000063"}}', 1, '2025-08-07 03:49:15', '2025-08-07 03:49:26'),
	(48, 4, 'blog_section', '{"limit": {"type": "number", "value": 8}}', 1, '2025-08-07 03:49:15', '2025-08-07 03:49:26'),
	(49, 4, 'footer_section', '{"facebook_status": {"type": "select", "options": {"active": "Active", "inactive": "Inactive"}, "value": "active"}, "facebook_link": {"type": "text", "value": "https:\\/\\/www.facebook.com\\/"}, "x_status": {"type": "select", "options": {"active": "Active", "inactive": "Inactive"}, "value": "active"}, "x_link": {"type": "text", "value": "https:\\/\\/www.twitter.com\\/"}, "linkedin_status": {"type": "select", "options": {"active": "Active", "inactive": "Inactive"}, "value": "active"}, "linkedin_link": {"type": "text", "value": "https:\\/\\/www.linkedin.com\\/"}, "pinterest_status": {"type": "select", "options": {"active": "Active", "inactive": "Inactive"}, "value": "active"}, "pinterest_link": {"type": "text", "value": "https:\\/\\/www.pinterest.com\\/"}, "contact_email": {"type": "text", "value": "contact@topcommerce.com"}, "contact_number": {"type": "text", "value": "+670 413 90 762"}, "shop_pages_status": {"type": "select", "options": {"active": "Active", "inactive": "Inactive"}, "value": "active"}, "help_center_status": {"type": "select", "options": {"active": "Active", "inactive": "Inactive"}, "value": "active"}, "newsletter_status": {"type": "select", "options": {"active": "Active", "inactive": "Inactive"}, "value": "active"}, "payment_gateway_image": {"type": "file", "value": "website\\/images\\/footer_2_payment_1.webp"}, "shop_time": {"type": "textarea", "value": "Monday - Friday : {8:00 AM - 6:00 PM}\\n                        Saturday : {10:00 AM - 6:00 PM}\\n                        Sunday: {Close}"}}', 1, '2025-08-07 03:49:15', '2025-08-07 03:49:26'),
	(50, NULL, 'login_page', '{"social_login_status":{"type":"select","options":{"active":"Active","inactive":"Inactive"},"value":"active"},"logo_image":{"type":"file","value":"\\/website\\/images\\/logo_3.webp"},"login_image":{"type":"file","value":"website\\/images\\/login_img.webp"}}', 1, '2025-08-07 03:49:15', '2025-08-07 03:49:15'),
	(51, NULL, 'register_page', '{"social_login_status":{"type":"select","options":{"active":"Active","inactive":"Inactive"},"value":"active"},"logo_image":{"type":"file","value":"\\/website\\/images\\/logo_3.webp"},"register_image":{"type":"file","value":"website\\/images\\/signup_img.webp"}}', 1, '2025-08-07 03:49:15', '2025-08-07 03:49:15'),
	(52, NULL, 'about_us_page', '{"mission_status":{"type":"select","options":{"active":"Active","inactive":"Inactive"},"value":"active"},"mission_image":{"type":"file","value":"website\\/images\\/mission_img_1.webp"},"mission_preview_image":{"type":"file","value":"website\\/images\\/mission_img_2.webp"},"vision_status":{"type":"select","options":{"active":"Active","inactive":"Inactive"},"value":"active"},"vision_image":{"type":"file","value":"website\\/images\\/vission_img_1.webp"},"vision_preview_image":{"type":"file","value":"website\\/images\\/vission_img_2.webp"},"testimonial_status":{"type":"select","options":{"active":"Active","inactive":"Inactive"},"value":"active"},"testimonial_limit":{"type":"number","value":10},"counter_status":{"type":"select","options":{"active":"Active","inactive":"Inactive"},"value":"active"},"blog_status":{"type":"select","options":{"active":"Active","inactive":"Inactive"},"value":"active"},"blog_limit":{"type":"number","value":3},"benefit_status":{"type":"select","options":{"active":"Active","inactive":"Inactive"},"value":"active"},"area_one_icon":{"type":"file","value":"website\\/images\\/benefit_icon_1.webp"},"area_two_icon":{"type":"file","value":"website\\/images\\/benefit_icon_2.webp"},"area_three_icon":{"type":"file","value":"website\\/images\\/benefit_icon_3.webp"},"area_four_icon":{"type":"file","value":"website\\/images\\/benefit_icon_4.webp"}}', 1, '2025-08-07 03:49:15', '2025-08-07 03:49:15'),
	(53, NULL, 'contact_us_page', '{"contact_info_status":{"type":"select","options":{"active":"Active","inactive":"Inactive"},"value":"active"},"contact_us_email":{"type":"text","value":"contact@topcommerce.com"},"contact_us_phone":{"type":"text","value":"Phone: 088 6578 654 87"},"contact_us_form_status":{"type":"select","options":{"active":"Active","inactive":"Inactive"},"value":"active"},"contact_image":{"type":"file","value":"website\\/images\\/contact_form_img.webp"},"map_status":{"type":"select","options":{"active":"Active","inactive":"Inactive"},"value":"active"},"map_link":{"type":"text","value":"https:\\/\\/www.google.com\\/maps\\/embed?pb=!1m18!1m12!1m3!1d58955.86762247907!2d88.3391639282542!3d22.551345723020553!2m3!1f0!2f0!3f0!3m2!1i1024!2i768!4f13.1!3m3!1m2!1s0x3a0277a2e8448a01%3A0xfc7031bafe756ae4!2sMillennium%20Park%2C%20Kolkata!5e0!3m2!1sen!2sbd!4v1710672733871!5m2!1sen!2sbd"}}', 1, '2025-08-07 03:49:15', '2025-08-07 03:49:15');

-- Dumping structure for table topcommerce.section_translations
DROP TABLE IF EXISTS `section_translations`;
CREATE TABLE IF NOT EXISTS `section_translations` (
  `id` bigint(20) unsigned NOT NULL AUTO_INCREMENT,
  `section_id` bigint(20) unsigned NOT NULL,
  `lang_code` varchar(255) NOT NULL,
  `content` longtext CHARACTER SET utf8mb4 COLLATE utf8mb4_bin NOT NULL CHECK (json_valid(`content`)),
  `created_at` timestamp NULL DEFAULT NULL,
  `updated_at` timestamp NULL DEFAULT NULL,
  PRIMARY KEY (`id`),
  KEY `section_translations_section_id_foreign` (`section_id`),
  CONSTRAINT `section_translations_section_id_foreign` FOREIGN KEY (`section_id`) REFERENCES `sections` (`id`) ON DELETE CASCADE
) ENGINE=InnoDB AUTO_INCREMENT=95 DEFAULT CHARSET=utf8mb4 COLLATE=utf8mb4_unicode_ci;

-- Dumping data for table topcommerce.section_translations: ~94 rows (approximately)
DELETE FROM `section_translations`;
INSERT INTO `section_translations` (`id`, `section_id`, `lang_code`, `content`, `created_at`, `updated_at`) VALUES
	(1, 1, 'en', '{"title":"Step into a fashion wonderland","offer_link_text":"Get Your Order","address":"25+G6 London, UK","mega_menu_title":"Up To - 35% Off","mega_menu_subtitle":"Hot Deals","mega_menu_offer_link_text":"Shop Now"}', '2025-08-07 03:49:15', '2025-08-07 03:49:15'),
	(2, 1, 'ar', '{"title":"\\u0627\\u0628\\u062f\\u0627 \\u0641\\u064a \\u0639\\u0627\\u0644\\u0645 \\u0627\\u0644\\u0627\\u062b\\u0627\\u0626\\u0631","offer_link_text":"\\u0627\\u062d\\u0635\\u0644 \\u0639\\u0644\\u0649 \\u0637\\u0644\\u0628\\u0643","address":"25+G6 \\u0644\\u0646\\u062f\\u0646\\u060c \\u0627\\u0644\\u0648\\u0644\\u0627\\u064a\\u0627\\u062a \\u0627\\u0644\\u0645\\u062a\\u062d\\u062f\\u0629","mega_menu_title":"\\u062d\\u062a\\u0649 - 35% \\u062e\\u0635\\u0645","mega_menu_subtitle":"\\u0639\\u0631\\u0648\\u0636 \\u0633\\u0639\\u0631\\u064a\\u0629","mega_menu_offer_link_text":"\\u062a\\u0633\\u0648\\u0642 \\u0627\\u0644\\u0627\\u0653\\u0646"}', '2025-08-07 03:49:15', '2025-08-07 03:49:15'),
	(3, 2, 'en', '{"subtitle":"Giant Discount Blitz!","title":"Fresh Men\\u2019s Trends For The Season.","details":"Quisque condimentum ante eu convallis sagittis sapien sapien orci nunc erat felis quam ex.","action_button_text":"Shop Now"}', '2025-08-07 03:49:15', '2025-08-07 03:49:15'),
	(4, 2, 'ar', '{"subtitle":"\\u062e\\u0635\\u0645 \\u0636\\u062e\\u0645!","title":"\\u0627\\u062a\\u062c\\u0627\\u0647\\u0627\\u062a \\u0631\\u062c\\u0627\\u0644\\u064a\\u0629 \\u062c\\u062f\\u064a\\u062f\\u0629 \\u0644\\u0647\\u0630\\u0627 \\u0627\\u0644\\u0645\\u0648\\u0633\\u0645.","details":"\\u0648\\u0643\\u0627\\u0644\\u0629 \\u0647\\u0630\\u0627 \\u0627\\u0644\\u0639\\u0627\\u0645 \\u0641\\u064a \\u062c\\u0645\\u064a\\u0639 \\u0623\\u0646\\u062d\\u0627\\u0621 \\u0627\\u0644\\u0639\\u0627\\u0644\\u0645","action_button_text":"\\u062a\\u0633\\u0648\\u0642 \\u0627\\u0644\\u0627\\u0653\\u0646"}', '2025-08-07 03:49:15', '2025-08-07 03:49:15'),
	(5, 3, 'en', '{"sub_title":"Shop by Categories","title":"Featured {Categories}"}', '2025-08-07 03:49:15', '2025-08-07 03:49:15'),
	(6, 3, 'ar', '{"sub_title":"\\u062a\\u0633\\u0648\\u0642 \\u062d\\u0633\\u0628 \\u0627\\u0644\\u0641\\u064a\\u0654\\u0627\\u062a","title":"\\u0627\\u0644\\u0641\\u064a\\u0654\\u0627\\u062a {\\u0627\\u0644\\u0645\\u0645\\u064a\\u0632\\u0629}"}', '2025-08-07 03:49:15', '2025-08-07 03:49:15'),
	(7, 4, 'en', '{"left_product_title":"Fashion Cotton Lightweight Jacket.","left_product_price_text":"Starting At :","left_product_action_text":"Shop Now","center_product_title":"Stgaubron Gaming Desktop PC","center_product_subtitle":"Desktop PC","center_product_price_text":"Starting At :","center_product_action_text":"Shop Now","right_product_title":"Fashion Cotton Lightweight Jacket.","right_product_price_text":"Starting At :","right_product_action_text":"Shop Now"}', '2025-08-07 03:49:15', '2025-08-07 03:49:15'),
	(8, 4, 'ar', '{"left_product_title":"\\u062c\\u0627\\u0643\\u064a\\u062a \\u0633\\u0644\\u064a\\u0645 \\u0644\\u064a\\u0645\\u0648\\u0646 \\u0648\\u0631\\u062f","left_product_price_text":"\\u0628\\u062f\\u0627\\u0654 \\u0645\\u0646 :","left_product_action_text":"\\u062a\\u0633\\u0648\\u0642 \\u0627\\u0644\\u0627\\u0653\\u0646","center_product_title":"\\u0643\\u0645\\u0628\\u064a\\u0648\\u062a\\u0631 \\u0645\\u0643\\u062a\\u0628\\u064a \\u0644\\u0644\\u0623\\u0644\\u0639\\u0627\\u0628 Stgaubron","center_product_price_text":"\\u0628\\u062f\\u0627\\u0654 \\u0645\\u0646 :","center_product_action_text":"\\u062a\\u0633\\u0648\\u0642 \\u0627\\u0644\\u0627\\u0653\\u0646","right_product_title":"\\u062c\\u0627\\u0643\\u064a\\u062a \\u0633\\u0644\\u064a\\u0645 \\u0644\\u064a\\u0645\\u0648\\u0646 \\u0648\\u0631\\u062f","right_product_price_text":"\\u0628\\u062f\\u0627\\u0654 \\u0645\\u0646 :","right_product_action_text":"\\u062a\\u0633\\u0648\\u0642 \\u0627\\u0644\\u0627\\u0653\\u0646"}', '2025-08-07 03:49:15', '2025-08-07 03:49:15'),
	(9, 5, 'en', '{"title":"Best Selling {Products}","sub_title":"Shop By Best Product"}', '2025-08-07 03:49:15', '2025-08-07 03:49:15'),
	(10, 5, 'ar', '{"title":"\\u0627\\u0644\\u0645\\u0646\\u062a\\u062c\\u0627\\u062a {\\u0627\\u0644\\u0645\\u0628\\u064a\\u0639\\u0629}","sub_title":"\\u062a\\u0633\\u0648\\u0642 \\u062d\\u0633\\u0628 \\u0627\\u0644\\u0645\\u0646\\u062a\\u062c\\u0627\\u062a \\u0627\\u0644\\u0645\\u0628\\u064a\\u0639\\u0629"}', '2025-08-07 03:49:15', '2025-08-07 03:49:15'),
	(11, 7, 'en', '{"title":"Product {collections}","sub_title":"Get Best sellers products"}', '2025-08-07 03:49:15', '2025-08-07 03:49:15'),
	(12, 7, 'ar', '{"title":"\\u0645\\u0646\\u062a\\u062c\\u0627\\u062a {\\u0627\\u0644\\u0645\\u062c\\u0645\\u0648\\u0639\\u0627\\u062a}","sub_title":"\\u062d\\u0635\\u0644 \\u0639\\u0644\\u0649 \\u0627\\u0644\\u0645\\u0646\\u062a\\u062c\\u0627\\u062a \\u0627\\u0644\\u0645\\u0628\\u064a\\u0639\\u0629 \\u0627\\u0644\\u0627\\u0641\\u0636\\u0644"}', '2025-08-07 03:49:15', '2025-08-07 03:49:15'),
	(13, 9, 'en', '{"cta_one_title":"Brand: Apple Watch","cta_one_subtitle":"Fitness Oxygen","action_text":"Shop Collection","product_title":"Stgaubron Gaming Desktop PC","product_price_text":"Starting At :"}', '2025-08-07 03:49:15', '2025-08-07 03:49:15'),
	(14, 9, 'ar', '{"cta_one_title":"\\u0645\\u0627\\u0631\\u0643\\u0629: \\u0633\\u0627\\u0639\\u0629 \\u0627\\u0628\\u0644","cta_one_subtitle":"\\u0641\\u064a\\u062a\\u0646\\u0633","action_text":"\\u062a\\u0633\\u0648\\u0642 \\u0627\\u0644\\u0645\\u062c\\u0645\\u0648\\u0639\\u0629","product_title":"\\u0643\\u0645\\u0628\\u064a\\u0648\\u062a\\u0631 \\u0645\\u0643\\u062a\\u0628\\u064a \\u0644\\u0644\\u0623\\u0644\\u0639\\u0627\\u0628 Stgaubron","product_price_text":"\\u0628\\u062f\\u0627\\u0654 \\u0645\\u0646 :"}', '2025-08-07 03:49:15', '2025-08-07 03:49:15'),
	(15, 10, 'en', '{"title":"Featured {Products}","sub_title":"Shop By Best Product"}', '2025-08-07 03:49:15', '2025-08-07 03:49:15'),
	(16, 10, 'ar', '{"title":"\\u0627\\u0644\\u0645\\u0646\\u062a\\u062c\\u0627\\u062a {\\u0627\\u0644\\u0645\\u0645\\u064a\\u0632\\u0629}","sub_title":"\\u062a\\u0633\\u0648\\u0642 \\u062d\\u0633\\u0628 \\u0627\\u0644\\u0645\\u0646\\u062a\\u062c\\u0627\\u062a \\u0627\\u0644\\u0645\\u0645\\u064a\\u0632\\u0629"}', '2025-08-07 03:49:15', '2025-08-07 03:49:15'),
	(17, 11, 'en', '{"title":"Flash {Deals}","sub_title":"Today\\u2019s Deals"}', '2025-08-07 03:49:15', '2025-08-07 03:49:15'),
	(18, 11, 'ar', '{"title":"\\u0635\\u0641\\u0642\\u0627\\u062a {\\u0641\\u0644\\u0627\\u0634}","sub_title":"\\u0627\\u0644\\u0635\\u0641\\u0642\\u0627\\u062a \\u0627\\u0644\\u0627\\u062b\\u0646\\u064a \\u0639\\u0634\\u0631\\u064a\\u0629"}', '2025-08-07 03:49:15', '2025-08-07 03:49:15'),
	(19, 12, 'en', '{"sub_title":"Testimonials","title":"Clients {Feedback}"}', '2025-08-07 03:49:15', '2025-08-07 03:49:15'),
	(20, 12, 'ar', '{"sub_title":"\\u0645\\u0631\\u0627\\u062c\\u0639\\u0627\\u062a \\u0627\\u0644\\u0639\\u0645\\u0644\\u0627\\u0621","title":"\\u0639\\u0645\\u0644\\u0627\\u0648\\u0654\\u0646\\u0627 {\\u0645\\u0644\\u0627\\u062d\\u0638\\u0627\\u062a}"}', '2025-08-07 03:49:15', '2025-08-07 03:49:15'),
	(21, 13, 'en', '{"title":"Latest From {Blogs}","sub_title":"Our Latest News"}', '2025-08-07 03:49:15', '2025-08-07 03:49:15'),
	(22, 13, 'ar', '{"title":"\\u0627\\u062d\\u062f\\u062b \\u0645\\u0646 {\\u0627\\u0644\\u0645\\u062f\\u0648\\u0646\\u0629}","sub_title":"\\u0627\\u062d\\u062f\\u062b \\u0627\\u0644\\u0627\\u062e\\u0628\\u0627\\u0631"}', '2025-08-07 03:49:15', '2025-08-07 03:49:15'),
	(23, 14, 'en', '{"useful_pages_title":"Useful Pages","help_center_title":"Help Center","footer_subtitle":"Nula element eulimid olio nec zeugita celestas arco quis lobortis.","address":"1000 5th Ave, New York, NY 10028, United States."}', '2025-08-07 03:49:15', '2025-08-07 03:49:15'),
	(24, 14, 'ar', '{"useful_pages_title":"\\u0635\\u0641\\u062d\\u0627\\u062a \\u0645\\u0641\\u064a\\u062f\\u0629","help_center_title":"\\u0645\\u0631\\u0643\\u0632 \\u0627\\u0644\\u0645\\u0633\\u0627\\u0639\\u062f\\u0629","footer_subtitle":"Nula element eulimid olio nec zeugita celestas arco quis lobortis.","address":"1000 5th Ave, New York, NY 10028, United States."}', '2025-08-07 03:49:15', '2025-08-07 03:49:15'),
	(25, 15, 'en', '{"offer_label":"24% OFF","offer_text":"Free shipping for orders over $99","address":"25+G6 London, UK"}', '2025-08-07 03:49:15', '2025-08-07 03:49:15'),
	(26, 15, 'ar', '{"offer_label":"24% OFF","offer_text":"\\u0627\\u0644\\u0634\\u062d\\u0646 \\u0645\\u062c\\u0627\\u0646\\u064a \\u0644\\u0644\\u0637\\u0644\\u0628\\u0627\\u062a \\u0627\\u0654\\u0643\\u062b\\u0631 \\u0645\\u0646 $99","address":"25+G6 \\u0644\\u0646\\u062f\\u0646\\u060c \\u0627\\u0644\\u0648\\u0644\\u0627\\u064a\\u0627\\u062a \\u0627\\u0644\\u0645\\u062a\\u062d\\u062f\\u0629"}', '2025-08-07 03:49:15', '2025-08-07 03:49:15'),
	(27, 16, 'en', '{"item_one_subtitle":"Hot Collection 2025","item_one_title":"Streamlined & Resilient Design.","item_one_action_button_text":"Shop Now","item_two_subtitle":"New Collection 2025","item_two_title":"Streamlined & Resilient Design.","item_two_action_button_text":"Shop Now","item_three_subtitle":"Super Collection 202","item_three_title":"Streamlined & Resilient Design.","item_three_action_button_text":"Shop Now"}', '2025-08-07 03:49:15', '2025-08-07 03:49:15'),
	(28, 16, 'ar', '{"item_one_subtilte":"\\u0645\\u062c\\u0645\\u0648\\u0639\\u0629 \\u0633\\u0627\\u0639\\u062f\\u0629 2025","item_one_title":"\\u062a\\u0635\\u0645\\u064a\\u0645 \\u0645\\u062a\\u0642\\u062f\\u0645 \\u0648\\u0645\\u0642\\u0627\\u0628\\u0644\\u0629.","item_one_action_button_text":"\\u062a\\u0633\\u0648\\u0642 \\u0627\\u0644\\u0627\\u0653\\u0646","item_two_subtilte":"\\u0645\\u062c\\u0645\\u0648\\u0639\\u0629 \\u062c\\u062f\\u064a\\u062f\\u0629 2025","item_two_title":"\\u062a\\u0635\\u0645\\u064a\\u0645 \\u0645\\u062a\\u0642\\u062f\\u0645 \\u0648\\u0645\\u0642\\u0627\\u0628\\u0644\\u0629.","item_two_action_button_text":"\\u062a\\u0633\\u0648\\u0642 \\u0627\\u0644\\u0627\\u0653\\u0646","item_three_subtilte":"\\u0645\\u062c\\u0645\\u0648\\u0639\\u0629 \\u0633\\u0648\\u0628\\u0631 202","item_three_title":"\\u062a\\u0635\\u0645\\u064a\\u0645 \\u0645\\u062a\\u0642\\u062f\\u0645 \\u0648\\u0645\\u0642\\u0627\\u0628\\u0644\\u0629."}', '2025-08-07 03:49:15', '2025-08-07 03:49:15'),
	(29, 17, 'en', '{"sub_title":"Shop by Categories","title":"Featured Categories"}', '2025-08-07 03:49:15', '2025-08-07 03:49:15'),
	(30, 17, 'ar', '{"sub_title":"\\u062a\\u0633\\u0648\\u0642 \\u062d\\u0633\\u0628 \\u0627\\u0644\\u0641\\u064a\\u0654\\u0627\\u062a","title":"\\u0627\\u0644\\u0641\\u064a\\u0654\\u0627\\u062a \\u0627\\u0644\\u0645\\u0645\\u064a\\u0632\\u0629"}', '2025-08-07 03:49:15', '2025-08-07 03:49:15'),
	(31, 18, 'en', '{"title":"Flash Deals","sub_title":"Today\\u2019s Deals"}', '2025-08-07 03:49:15', '2025-08-07 03:49:15'),
	(32, 18, 'ar', '{"title":"\\u0635\\u0641\\u0642\\u0627\\u062a \\u0641\\u0644\\u0627\\u0634","sub_title":"\\u0627\\u0644\\u0635\\u0641\\u0642\\u0627\\u062a \\u0627\\u0644\\u0627\\u062b\\u0646\\u064a \\u0639\\u0634\\u0631\\u064a\\u0629"}', '2025-08-07 03:49:15', '2025-08-07 03:49:15'),
	(33, 19, 'en', '{"new_arrival_one_title":"ICEMOOD Men\'s Shirt Casual 3 Button Basic Tee Quick T-Short Sleeve Fit T-shirt.","new_arrival_one_subtitle":"Collection 2024","new_arrival_one_action_text":"Shop Collection","new_arrival_two_title":"Edinburgh Green Top Hooded Raincoat.","new_arrival_two_subtitle":"Upcoming 2025","new_arrival_two_label":"56% OFF","new_arrival_two_action_text":"Shop Collection","new_arrival_three_title":"Child\'s Green Pique Cotton Polo Tee.","new_arrival_three_subtitle":"Up To 44% OFF","new_arrival_three_action_text":"Shop Collection"}', '2025-08-07 03:49:15', '2025-08-07 03:49:15'),
	(34, 19, 'ar', '{"new_arrival_one_title":"\\u062c\\u0648\\u062f\\u0629 \\u0645\\u0627\\u0621 \\u0645\\u0627\\u0646\\u0634\\u0633\\u062a\\u0631 \\u0645\\u0627\\u0646\\u0634\\u062a\\u0631 \\u0645\\u0627\\u0646\\u0634\\u0646\\u0634\\u0633\\u062a\\u0631 \\u0645\\u0627\\u0646\\u0634\\u0633\\u062a\\u0631 \\u0645\\u0627\\u0646\\u0634\\u0633\\u062a\\u0631 \\u0645\\u0627\\u0646\\u0634\\u0633\\u062a\\u0631 \\u0645  ","new_arrival_one_subtitle":"\\u0645\\u062c\\u0645\\u0648\\u0639\\u0629 2024","new_arrival_one_action_text":"\\u062a\\u0633\\u0648\\u0642 \\u0627\\u0644\\u0645\\u062c\\u0645\\u0648\\u0639\\u0629","new_arrival_two_title":"\\u0625\\u0646\\u062f\\u0648\\u0646\\u064a\\u0633\\u0648\\u0646 \\u063a \\u063a\\u0631\\u0641\\u0629 \\u063a\\u0631\\u0641\\u0629 \\u063a\\u0631\\u0641\\u0629 \\u063a\\u0631\\u0641\\u0629 \\u063a","new_arrival_two_subtitle":"\\u0642\\u0627\\u062f\\u0645\\u0629 2025","new_arrival_two_label":"56% OFF","new_arrival_two_action_text":"\\u062a\\u0633\\u0648\\u0642 \\u0627\\u0644\\u0645\\u062c\\u0645\\u0648\\u0639\\u0629","new_arrival_three_title":"\\u0635\\u063a\\u064a\\u0631 \\u062c\\u0632\\u0631 \\u0632\\u0631 \\u0632\\u0631 \\u0632\\u0631 \\u0632\\u0631 \\u0632\\u0631 \\u0632\\u0631 \\u0632","new_arrival_three_subtitle":"\\u062d\\u062a\\u0649 44% OFF","new_arrival_three_action_text":"\\u062a\\u0633\\u0648\\u0642 \\u0627\\u0644\\u0645\\u062c\\u0645\\u0648\\u0639\\u0629"}', '2025-08-07 03:49:15', '2025-08-07 03:49:15'),
	(35, 20, 'en', '{"sub_title":"Customer Favorites","title":"Best Selling Products"}', '2025-08-07 03:49:15', '2025-08-07 03:49:15'),
	(36, 20, 'ar', '{"sub_title":"\\u0645\\u0646\\u062a\\u062c\\u0627\\u062a \\u0627\\u0644\\u0639\\u0645\\u0644\\u0627\\u0621 \\u0627\\u0644\\u0645\\u0641\\u0636\\u0644\\u0629","title":"\\u0627\\u0644\\u0645\\u0646\\u062a\\u062c\\u0627\\u062a \\u0627\\u0644\\u0645\\u0628\\u064a\\u0639\\u0629"}', '2025-08-07 03:49:15', '2025-08-07 03:49:15'),
	(37, 21, 'en', '{"title":"Monthly discounts","sub_title":"Seasonal Closeout Sale Up to 30% Savings.","description":"Limited time offer. The deal will expires on {March 18,2024} HURRY UP! ","action_text":"Shop Collection"}', '2025-08-07 03:49:15', '2025-08-07 03:49:15'),
	(38, 21, 'ar', '{"title":"\\u0639\\u0631\\u0648\\u0636 \\u0627\\u0644\\u0634\\u0647\\u0631\\u064a\\u0629","sub_title":"\\u0639\\u0637\\u0644\\u0629 \\u0627\\u0644\\u062e\\u0635\\u0645 \\u0627\\u0644\\u0634\\u0647\\u0631\\u064a\\u0629 \\u062d\\u062a\\u0649 30% \\u0627\\u0644\\u062e\\u0635\\u0645.","description":"Limited time offer. The deal will expires on {March 18,2024} HURRY UP! ","action_text":"\\u062a\\u0633\\u0648\\u0642 \\u0627\\u0644\\u0645\\u062c\\u0645\\u0648\\u0639\\u0629"}', '2025-08-07 03:49:15', '2025-08-07 03:49:15'),
	(39, 22, 'en', '{"title":"Featured Products","sub_title":"Shop By Best Product"}', '2025-08-07 03:49:15', '2025-08-07 03:49:15'),
	(40, 22, 'ar', '{"title":"\\u0627\\u0644\\u0645\\u0646\\u062a\\u062c\\u0627\\u062a \\u0627\\u0644\\u0645\\u0645\\u064a\\u0632\\u0629","sub_title":"\\u062a\\u0633\\u0648\\u0642 \\u062d\\u0633\\u0628 \\u0627\\u0644\\u0645\\u0646\\u062a\\u062c\\u0627\\u062a \\u0627\\u0644\\u0645\\u0645\\u064a\\u0632\\u0629"}', '2025-08-07 03:49:15', '2025-08-07 03:49:15'),
	(41, 23, 'en', '{"cta_one_title":"Member Special: 24% OFF","cta_one_subtitle":"THE SUMMER 2023 COLLECTION","action_text":"Shop Collection","description":"Seasonal charm captured in summer\\u2019s latest collection."}', '2025-08-07 03:49:15', '2025-08-07 03:49:15'),
	(42, 23, 'ar', '{"cta_one_title":"\\u0645\\u0645\\u064a\\u0632\\u0627\\u062a \\u0639\\u0636\\u0648: 24% OFF","cta_one_subtitle":"\\u0645\\u062c\\u0645\\u0648\\u0639\\u0629 \\u0627\\u0644\\u0633\\u0641\\u0631\\u0629 2023","action_text":"\\u062a\\u0633\\u0648\\u0642 \\u0627\\u0644\\u0645\\u062c\\u0645\\u0648\\u0639\\u0629","description":"\\u0645\\u062c\\u0645\\u0648\\u0639\\u0629 \\u0633\\u0627\\u0639\\u062f\\u0629 \\u0645\\u0627\\u0646\\u0634\\u0633\\u062a\\u0631 \\u0645\\u0627\\u0646\\u0634\\u062a\\u0631 \\u0645\\u0627\\u0646\\u0634\\u0633\\u062a\\u0631 \\u0645\\u0627\\u0646\\u0634\\u0633\\u062a\\u0631 \\u0645\\u0627\\u0646\\u0634\\u0633\\u062a\\u0631 \\u0645\\u0627\\u0646\\u0634\\u0633\\u062a\\u0631 \\u0645  "}', '2025-08-07 03:49:15', '2025-08-07 03:49:15'),
	(43, 24, 'en', '{"hot_deal_title":"Denton Hidden Snap Ultra Stretch.","hot_deal_sub_title":"Collection 2024","hot_deal_action_text":"Shop Collection","title":"Today\'s Hot Deals","subtitle":"Best Featured Deals"}', '2025-08-07 03:49:15', '2025-08-07 03:49:15'),
	(44, 24, 'ar', '{"hot_deal_title":"Denton Hidden Snap Ultra Stretch.","hot_deal_sub_title":"\\u0645\\u062c\\u0645\\u0648\\u0639\\u0629 2024","hot_deal_action_text":"\\u062a\\u0633\\u0648\\u0642 \\u0627\\u0644\\u0645\\u062c\\u0645\\u0648\\u0639\\u0629","title":"\\u0627\\u0644\\u0639\\u0631\\u0648\\u0636 \\u0627\\u0644\\u0645\\u0645\\u064a\\u0632\\u0629","subtitle":"\\u0627\\u0644\\u0639\\u0631\\u0648\\u0636 \\u0627\\u0644\\u0645\\u0645\\u064a\\u0632\\u0629"}', '2025-08-07 03:49:15', '2025-08-07 03:49:15'),
	(45, 25, 'en', '{"title":"Latest From Blogs","sub_title":"Our Latest News"}', '2025-08-07 03:49:15', '2025-08-07 03:49:15'),
	(46, 25, 'ar', '{"title":"\\u0627\\u062d\\u062f\\u062b \\u0645\\u0646 \\u0627\\u0644\\u0645\\u062f\\u0648\\u0646\\u0629","sub_title":"\\u0627\\u062d\\u062f\\u062b \\u0627\\u0644\\u0627\\u062e\\u0628\\u0627\\u0631"}', '2025-08-07 03:49:15', '2025-08-07 03:49:15'),
	(47, 26, 'en', '{"area_one_title":"Free Shipping","area_one_sub_title":"Standard shipping for orders","area_two_title":"Flexible Payment","area_two_sub_title":"Pay with Credit Cards","area_three_title":"14 Day Returns","area_three_sub_title":"30 Days for an Exchange","area_four_title":"Premium Support","area_four_sub_title":"All Outstanding Support"}', '2025-08-07 03:49:15', '2025-08-07 03:49:15'),
	(48, 26, 'ar', '{"area_one_title":"\\u0634\\u062d\\u0646 \\u0645\\u062c\\u0627\\u0646\\u064a","area_one_sub_title":"\\u0634\\u062d\\u0646 \\u0633\\u0639\\u0631\\u064a \\u0644\\u0637\\u0644\\u0628\\u0627\\u062a","area_two_title":"\\u0627\\u0644\\u062f\\u0641\\u0639 \\u0627\\u0644\\u0645\\u0641\\u062a\\u0648\\u062d","area_two_sub_title":"\\u062f\\u0641\\u0639 \\u0628\\u0628\\u0637\\u0627\\u0642\\u0627\\u062a \\u0627\\u0644\\u0627\\u0626\\u062a\\u0645\\u0627\\u0646","area_three_title":"14 \\u064a\\u0648\\u0645\\u064b\\u0627 \\u0644\\u0644\\u0645\\u0631\\u062a\\u062c\\u0639","area_three_sub_title":"30 \\u064a\\u0648\\u0645\\u064b\\u0627 \\u0644\\u0627\\u0633\\u062a\\u0628\\u062f\\u0627\\u0644","area_four_title":"\\u062f\\u0639\\u0645 Premium","area_four_sub_title":"\\u062c\\u0645\\u064a\\u0639 \\u0627\\u0644\\u062f\\u0639\\u0645 \\u0627\\u0644\\u0645\\u0645\\u064a\\u0632"}', '2025-08-07 03:49:15', '2025-08-07 03:49:15'),
	(49, 27, 'en', '{"shop_pages_title":"Shop","help_center_title":"Information","address":"1000 5th Ave, New York, NY 10028, United States.","newsletter_subtitle":"Nula element eulimid olio nec zeugita celestas arco quis lobortis."}', '2025-08-07 03:49:15', '2025-08-07 03:49:15'),
	(50, 27, 'ar', '{"shop_pages_title":"Shop","help_center_title":"\\u0645\\u0639\\u0644\\u0648\\u0645\\u0627\\u062a","address":"1000 5th Ave, New York, NY 10028, \\u0627\\u0644\\u0648\\u0644\\u0627\\u064a\\u0627\\u062a \\u0627\\u0644\\u0645\\u062a\\u062d\\u062f\\u0629.","newsletter_subtitle":"Nula element eulimid olio nec zeugita celestas arco quis lobortis."}', '2025-08-07 03:49:15', '2025-08-07 03:49:15'),
	(51, 28, 'en', '{"offer_label":"24% OFF","offer_text":"Free shipping for orders over $99","address":"25+G6 London, UK"}', '2025-08-07 03:49:15', '2025-08-07 03:49:15'),
	(52, 28, 'ar', '{"offer_label":"24% OFF","offer_text":"\\u0627\\u0644\\u0634\\u062d\\u0646 \\u0645\\u062c\\u0627\\u0646\\u064a \\u0644\\u0644\\u0637\\u0644\\u0628\\u0627\\u062a \\u0627\\u0654\\u0643\\u062b\\u0631 \\u0645\\u0646 $99","address":"25+G6 \\u0644\\u0646\\u062f\\u0646\\u060c \\u0627\\u0644\\u0648\\u0644\\u0627\\u064a\\u0627\\u062a \\u0627\\u0644\\u0645\\u062a\\u062d\\u062f\\u0629"}', '2025-08-07 03:49:15', '2025-08-07 03:49:15'),
	(53, 29, 'en', '{"subtitle":"New Collection","title":"Shopping Online Place Fresh Produce.","details":"Nullam element eulimid olio nec zeugita mauri\'s celestas arco quis lobortis ipsum fringilla\\n                        Cras pellentesque nisl diam faucibus, at accumsan enim congue.","action_button_text":"Explore Products"}', '2025-08-07 03:49:15', '2025-08-07 03:49:15'),
	(54, 29, 'ar', '{"subtitle":"\\u0646\\u0648\\u0639\\u064a\\u0629 \\u062c\\u062f\\u064a\\u062f\\u0629","title":"\\u0645\\u0648\\u0642\\u0639 \\u0634\\u062d\\u0646 \\u0639\\u0644\\u0649 \\u0627\\u0644\\u0625\\u0646\\u062a\\u0631\\u0646\\u062a \\u0645\\u0645\\u062a\\u0627\\u0632\\u0629 \\u0627\\u0644\\u0645\\u0646\\u062a\\u062c\\u0627\\u062a.","details":"Nullam element eulimid olio nec zeugita mauri\'s celestas arco quis lobortis ipsum fringilla\\n                        Cras pellentesque nisl diam faucibus, at accumsan enim congue.","action_button_text":"\\u062a\\u062c\\u0631\\u0628\\u0629 \\u0627\\u0644\\u0645\\u0646\\u062a\\u062c\\u0627\\u062a"}', '2025-08-07 03:49:15', '2025-08-07 03:49:15'),
	(55, 30, 'en', '{"sub_title":"Shop by Categories","title":"Featured Categories"}', '2025-08-07 03:49:15', '2025-08-07 03:49:15'),
	(56, 30, 'ar', '{"sub_title":"\\u062a\\u0633\\u0648\\u0642 \\u062d\\u0633\\u0628 \\u0627\\u0644\\u0641\\u064a\\u0654\\u0627\\u062a","title":"\\u0627\\u0644\\u0641\\u064a\\u0654\\u0627\\u062a \\u0627\\u0644\\u0645\\u0645\\u064a\\u0632\\u0629"}', '2025-08-07 03:49:15', '2025-08-07 03:49:15'),
	(57, 31, 'en', '{"sub_title_one":"Fresh Vegetables","title_one":"Home Delivery of Fresh Fruits & Vegetables.","action_link_text_one":"Shop Now","sub_title_two":"Fresh Vegetables","title_two":"Delicious Steaks From Our Top Chef.","action_link_text_two":"Shop Now"}', '2025-08-07 03:49:15', '2025-08-07 03:49:15'),
	(58, 31, 'ar', '{"sub_title_one":"Fresh Vegetables","title_one":"Home Delivery of Fresh Fruits & Vegetables.","action_link_text_one":"Shop Now","sub_title_two":"Fresh Vegetables","title_two":"Delicious Steaks From Our Top Chef.","action_link_text_two":"Shop Now"}', '2025-08-07 03:49:15', '2025-08-07 03:49:15'),
	(59, 32, 'en', '{"title":"Featured Products","sub_title":"Best Seller"}', '2025-08-07 03:49:15', '2025-08-07 03:49:15'),
	(60, 32, 'ar', '{"title":"\\u0627\\u0644\\u0645\\u0646\\u062a\\u062c\\u0627\\u062a \\u0627\\u0644\\u0645\\u0645\\u064a\\u0632\\u0629","sub_title":"\\u062a\\u0633\\u0648\\u0642 \\u062d\\u0633\\u0628 \\u0627\\u0644\\u0645\\u0646\\u062a\\u062c\\u0627\\u062a \\u0627\\u0644\\u0645\\u0645\\u064a\\u0632\\u0629"}', '2025-08-07 03:49:15', '2025-08-07 03:49:15'),
	(61, 33, 'en', '{"title":"Flash Deals","sub_title":"Today\\u2019s Deals","description":"Nullam element eulimid olio nec zeugita mauri\'s celestas arco quis lobortis\\n                        Cras pellentesque nisl diam at accumsan."}', '2025-08-07 03:49:15', '2025-08-07 03:49:15'),
	(62, 33, 'ar', '{"title":"\\u0635\\u0641\\u0642\\u0627\\u062a \\u0641\\u0644\\u0627\\u0634","sub_title":"\\u0627\\u0644\\u0635\\u0641\\u0642\\u0627\\u062a \\u0627\\u0644\\u0627\\u062b\\u0646\\u064a \\u0639\\u0634\\u0631\\u064a\\u0629","description":"Nullam element eulimid olio nec zeugita mauri\'s celestas arco quis lobortis\\n                        Cras pellentesque nisl diam at accumsan."}', '2025-08-07 03:49:15', '2025-08-07 03:49:15'),
	(63, 34, 'en', '{"section_one_title":"Top Rated","section_two_title":"Top Sales","banner_title":"Home Delivery of Fresh Fruits & Vegetables.","banner_subtitle":"Fresh Vegetables","banner_link_text":"Shop Now"}', '2025-08-07 03:49:15', '2025-08-07 03:49:15'),
	(64, 34, 'ar', '{"section_one_title":"Top Rated","section_two_title":"Top Sales","banner_title":"Home Delivery of Fresh Fruits & Vegetables.","banner_subtitle":"Fresh Vegetables","banner_link_text":"Shop Now"}', '2025-08-07 03:49:15', '2025-08-07 03:49:15'),
	(65, 35, 'en', '{"title":"Trending Products","sub_title":"Most Popular","banner_title":"Leek Autumn Giant 45 Heirloom & Organic Canadian.","banner_subtitle":"Get 35% off","banner_link_text":"Shop Now"}', '2025-08-07 03:49:15', '2025-08-07 03:49:15'),
	(66, 35, 'ar', '{"title":"Trending Products","sub_title":"Most Popular","banner_title":"Leek Autumn Giant 45 Heirloom & Organic Canadian.","banner_subtitle":"Get35% off","banner_link_text":"Shop Now"}', '2025-08-07 03:49:15', '2025-08-07 03:49:15'),
	(67, 36, 'en', '{"title":"Latest Blog & News","sub_title":"Read Our Blog"}', '2025-08-07 03:49:15', '2025-08-07 03:49:15'),
	(68, 36, 'ar', '{"title":"\\u0627\\u062d\\u062f\\u062b \\u0645\\u0646 \\u0627\\u0644\\u0645\\u062f\\u0648\\u0646\\u0629","sub_title":"\\u0627\\u062d\\u062f\\u062b \\u0627\\u0644\\u0627\\u062e\\u0628\\u0627\\u0631"}', '2025-08-07 03:49:15', '2025-08-07 03:49:15'),
	(69, 37, 'en', '{"area_one_title":"Free Shipping","area_one_sub_title":"Standard shipping for orders","area_two_title":"Helpline","area_two_sub_title":"+354 5875 547","area_three_title":"24x7 Support","area_three_sub_title":"Free For Customers","area_four_title":"Returns","area_four_sub_title":"30 Days Free Exchanges"}', '2025-08-07 03:49:15', '2025-08-07 03:49:15'),
	(70, 37, 'ar', '{"area_one_title":"Free Shipping","area_one_sub_title":"Standard shipping for orders","area_two_title":"Helpline","area_two_sub_title":"+354 5875 547","area_three_title":"24x7 Support","area_three_sub_title":"Free For Customers","area_four_title":"Returns","area_four_sub_title":"30 Days Free Exchanges"}', '2025-08-07 03:49:15', '2025-08-07 03:49:15'),
	(71, 38, 'en', '{"useful_pages_title":"Useful Pages","help_center_title":"Help Center","footer_subtitle":"Nula element eulimid olio nec zeugita celestas arco quis lobortis.","address":"1000 5th Ave, New York, NY 10028, United States."}', '2025-08-07 03:49:15', '2025-08-07 03:49:15'),
	(72, 38, 'ar', '{"useful_pages_title":"\\u0635\\u0641\\u062d\\u0627\\u062a \\u0645\\u0641\\u064a\\u062f\\u0629","help_center_title":"\\u0645\\u0631\\u0643\\u0632 \\u0627\\u0644\\u0645\\u0633\\u0627\\u0639\\u062f\\u0629","footer_subtitle":"Nula element eulimid olio nec zeugita celestas arco quis lobortis.","address":"1000 5th Ave, New York, NY 10028, United States."}', '2025-08-07 03:49:15', '2025-08-07 03:49:15'),
	(73, 39, 'en', '{"offer_label":"24% OFF","offer_text":"Free shipping for orders over $99","address":"25+G6 London, UK"}', '2025-08-07 03:49:15', '2025-08-07 03:49:15'),
	(74, 39, 'ar', '{"offer_label":"24% OFF","offer_text":"\\u0627\\u0644\\u0634\\u062d\\u0646 \\u0645\\u062c\\u0627\\u0646\\u064a \\u0644\\u0644\\u0637\\u0644\\u0628\\u0627\\u062a \\u0627\\u0654\\u0643\\u062b\\u0631 \\u0645\\u0646 $99","address":"25+G6 \\u0644\\u0646\\u062f\\u0646\\u060c \\u0627\\u0644\\u0648\\u0644\\u0627\\u064a\\u0627\\u062a \\u0627\\u0644\\u0645\\u062a\\u062d\\u062f\\u0629"}', '2025-08-07 03:49:15', '2025-08-07 03:49:15'),
	(75, 40, 'en', '{"title":"Enhance a Seating {Configuration.}","label_one":"Our Materials","label_one_text":"Our Materials","label_two":"Product Size","label_two_text":"60X138X22","label_three":"Available In","label_three_text":"Greay,Yellow","action_button_text":"Shop Collection"}', '2025-08-07 03:49:15', '2025-08-07 03:49:15'),
	(76, 40, 'ar', '{"title":"Enhance a Seating {Configuration.}","label_one":"Our Materials","label_one_text":"Our Materials","label_two":"Product Size","label_two_text":"60X138X22","label_three":"Available In","label_three_text":"Greay,Yellow","action_button_text":"Shop Collection"}', '2025-08-07 03:49:15', '2025-08-07 03:49:15'),
	(77, 42, 'en', '{"title":"Flash Deals","sub_title":"Today\\u2019s Deals"}', '2025-08-07 03:49:15', '2025-08-07 03:49:15'),
	(78, 42, 'ar', '{"title":"\\u0635\\u0641\\u0642\\u0627\\u062a \\u0641\\u0644\\u0627\\u0634","sub_title":"\\u0627\\u0644\\u0635\\u0641\\u0642\\u0627\\u062a \\u0627\\u0644\\u0627\\u062b\\u0646\\u064a \\u0639\\u0634\\u0631\\u064a\\u0629"}', '2025-08-07 03:49:15', '2025-08-07 03:49:15'),
	(79, 43, 'en', '{"deal_one_title":"Office Home Office Dining Solid Material Sofa Frame Purple.","deal_one_subtitle":"Hot Deal In Week","deal_one_button_text":"Shop Now","deal_two_title":"Seasonal Blowout Up To 30% Savings","deal_two_button_text":"Shop Now","deal_three_title":"Homco Modern Touch Fabric Leisure Club.","deal_three_subtitle":"Club Chair","deal_three_button_text":"Shop Now","deal_four_title":"Homco Modern Touch Fabric Leisure Club.","deal_four_subtitle":"Club Chair","deal_four_button_text":"Shop Now"}', '2025-08-07 03:49:15', '2025-08-07 03:49:15'),
	(80, 43, 'ar', '{"deal_one_title":"Office Home Office Dining Solid Material Sofa Frame Purple.","deal_one_subtitle":"Hot Deal In Week","deal_one_button_text":"Shop Now","deal_two_title":"Seasonal Blowout Up To 30% Savings","deal_two_button_text":"Shop Now","deal_three_title":"Homco Modern Touch Fabric Leisure Club.","deal_three_subtitle":"Club Chair","deal_three_button_text":"Shop Now","deal_four_title":"Homco Modern Touch Fabric Leisure Club.","deal_four_subtitle":"Club Chair","deal_four_button_text":"Shop Now"}', '2025-08-07 03:49:15', '2025-08-07 03:49:15'),
	(81, 44, 'en', '{"title":"Best Selling Products","sub_title":"New Products"}', '2025-08-07 03:49:15', '2025-08-07 03:49:15'),
	(82, 44, 'ar', '{"title":"Best Selling Products","sub_title":"New Products"}', '2025-08-07 03:49:15', '2025-08-07 03:49:15'),
	(83, 45, 'en', '{"title":"The Future You Have Yet to Experience...!","process_one_title":"Free Shipping","process_one_subtitle":"Extra Shipping Benefit to Ensure Swift, Reliable and Stress-Free Deliveries.","process_two_title":"Flexible Payment","process_two_subtitle":"Extra Shipping Benefit to Ensure Swift, Reliable and Stress-Free Deliveries.","process_three_title":"Premium Support","process_three_subtitle":"Extra Shipping Benefit to Ensure Swift, Reliable and Stress-Free Deliveries."}', '2025-08-07 03:49:15', '2025-08-07 03:49:15'),
	(84, 45, 'ar', '{"title":"The Future You Have Yet to Experience...!","process_one_title":"Free Shipping","process_one_subtitle":"Extra Shipping Benefit to Ensure Swift, Reliable and Stress-Free Deliveries.","process_two_title":"Flexible Payment","process_two_subtitle":"Extra Shipping Benefit to Ensure Swift, Reliable and Stress-Free Deliveries.","process_three_title":"Premium Support","process_three_subtitle":"Extra Shipping Benefit to Ensure Swift, Reliable and Stress-Free Deliveries."}', '2025-08-07 03:49:15', '2025-08-07 03:49:15'),
	(85, 46, 'en', '{"title":"HomCom 34\\" Loveseat Sofa To Tufted Back.","sub_title":"Top Selling Products","top_selling_price_label":"Starting price","action_button_text":"Shop Now"}', '2025-08-07 03:49:15', '2025-08-07 03:49:15'),
	(86, 46, 'ar', '{"title":"HomCom 34\\" Loveseat Sofa To Tufted Back.","sub_title":"Top Selling Products","top_selling_price_label":"Starting price","action_button_text":"Shop Now"}', '2025-08-07 03:49:15', '2025-08-07 03:49:15'),
	(87, 48, 'en', '{"title":"Latest Blog & News","sub_title":"Read Our Blog"}', '2025-08-07 03:49:15', '2025-08-07 03:49:15'),
	(88, 48, 'ar', '{"title":"\\u0627\\u062d\\u062f\\u062b \\u0645\\u0646 \\u0627\\u0644\\u0645\\u062f\\u0648\\u0646\\u0629","sub_title":"\\u0627\\u062d\\u062f\\u062b \\u0627\\u0644\\u0627\\u062e\\u0628\\u0627\\u0631"}', '2025-08-07 03:49:15', '2025-08-07 03:49:15'),
	(89, 49, 'en', '{"hot_categories_title":"Useful Links","help_center_title":"Place of interest","address":"1000 5th Ave, New York, NY 10028, United States.","newsletter_subtitle":"Nula element eulimid olio nec zeugita celestas arco quis lobortis."}', '2025-08-07 03:49:15', '2025-08-07 03:49:15'),
	(90, 49, 'ar', '{"shop_pages_title":"Hot Categories","help_center_title":"Place of interest","address":"1000 5th Ave, New York, NY 10028, \\u0627\\u0644\\u0648\\u0644\\u0627\\u064a\\u0627\\u062a \\u0627\\u0644\\u0645\\u062a\\u062d\\u062f\\u0629.","newsletter_subtitle":"Nula element eulimid olio nec zeugita celestas arco quis lobortis.","shop_time":"Monday - Friday : {8:00 AM - 6:00 PM}\\n                        Saturday : {10:00 AM - 6:00 PM}\\n                        Sunday: {Close}"}', '2025-08-07 03:49:15', '2025-08-07 03:49:15'),
	(91, 52, 'en', '{"mission_subtitle":"Our Mission","mission_title":"Responsible & {Long-lasting} Development.","mission_description":"Suspendisse ultrices vel ipsum tristique iaculis Suspendisse ehicula nibh non sapien dictum ultrices Etiam pellentesque egestas leo.","mission_1":"Nulla ex leo gravida eget consequat et tempus nitae risus","mission_2":"Nunc in enim sed nunc eleifend facilisis","mission_3":"Donec in enim sed nunc eleifend facilisis","mission_4":"Donec in enim sed nunc eleifend facilisis","mission_background_text":"Mission","vision_subtitle":"Our Vission","vision_title":"Principled & {Eco-Conscious} Development.","vision_description":"Suspendisse ultrices vel ipsum tristique iaculis Suspendisse ehicula nibh non sapien dictum ultrices Etiam pellentesque egestas leo.","vision_1":"Nulla ex leo gravida eget consequat et tempus nitae risus","vision_2":"Zaecenas accumsan dui et nisi ziverra suscipit eget lectus quis","vision_3":"Tliquam nec ziverra nibh quis nulla quarries ullamcorpe","vision_4":"Curabitu nunc nisl placerat sit amet arcu consectetur aliquet","vision_background_text":"VISSION","testimonial_sub_title":"Testimonials","testimonial_title":"Clients {Feedback}","blog_title":"Latest From {Blogs}","blog_sub_title":"Our Latest News","area_one_title":"Free Shipping","area_one_sub_title":"Standard shipping for orders","area_two_title":"Flexible Payment","area_two_sub_title":"Pay with Credit Cards","area_three_title":"14 Day Returns","area_three_sub_title":"30 Days for an Exchange","area_four_title":"Premium Support","area_four_sub_title":"All Outstanding Support"}', '2025-08-07 03:49:15', '2025-08-07 03:49:15'),
	(92, 52, 'ar', '{"mission_subtitle":"\\u0645\\u0647\\u0645\\u062a\\u0646\\u0627","mission_title":"\\u062a\\u0637\\u0648\\u064a\\u0631 \\u0645\\u0633\\u0624\\u0648\\u0644 \\u0648{\\u0637\\u0648\\u064a\\u0644 \\u0627\\u0644\\u0623\\u0645\\u062f}.","mission_description":"\\u062a\\u0639\\u0644\\u064a\\u0642 \\u0627\\u0644\\u062a\\u0631\\u0627\\u0643\\u064a\\u0628 \\u0639\\u0644\\u0649 \\u0634\\u0643\\u0644 \\u0634\\u0628\\u0643\\u0629\\u060c \\u0648\\u062a\\u0639\\u0644\\u064a\\u0642 \\u0627\\u0644\\u0645\\u0631\\u0643\\u0628\\u0629 \\u0623\\u0633\\u0641\\u0644\\u0647\\u0627 \\u0628\\u0634\\u0643\\u0644 \\u0644\\u0627 \\u064a\\u063a\\u064a\\u0631 \\u0645\\u0646 \\u0627\\u0644\\u0634\\u0643\\u0644 \\u0627\\u0644\\u0639\\u0627\\u0645. \\u0643\\u0630\\u0644\\u0643\\u060c \\u0641\\u0625\\u0646 \\u0627\\u062e\\u062a\\u064a\\u0627\\u0631 \\u0627\\u0644\\u0646\\u0645\\u0648\\u0630\\u062c \\u0627\\u0644\\u0645\\u0646\\u0627\\u0633\\u0628 \\u0644\\u0644\\u062d\\u0631\\u0643\\u0629 \\u064a\\u0639\\u062f \\u0623\\u0645\\u0631\\u0627\\u064b \\u0645\\u0647\\u0645\\u0627\\u064b.","mission_1":"\\u0644\\u0627 \\u0634\\u064a\\u0621 \\u0625\\u0644\\u0627 \\u0627\\u0644\\u0646\\u0645\\u0648 \\u0627\\u0644\\u0645\\u062a\\u0633\\u0642 \\u0648\\u0627\\u0644\\u0648\\u0642\\u062a \\u0627\\u0644\\u0645\\u0646\\u0627\\u0633\\u0628","mission_2":"\\u0627\\u0644\\u0622\\u0646 \\u0641\\u064a \\u0627\\u0644\\u062f\\u0627\\u062e\\u0644\\u060c \\u062b\\u0645 \\u062a\\u0628\\u0633\\u064a\\u0637 \\u0627\\u0644\\u062a\\u0646\\u0641\\u064a\\u0630","mission_3":"\\u062a\\u0645 \\u0627\\u0644\\u062a\\u0646\\u0641\\u064a\\u0630 \\u0628\\u0628\\u0633\\u0627\\u0637\\u0629 \\u0648\\u0633\\u0644\\u0627\\u0633\\u0629 \\u062f\\u0627\\u062e\\u0644 \\u0627\\u0644\\u0646\\u0638\\u0627\\u0645","mission_4":"\\u062a\\u0645 \\u0627\\u0644\\u062a\\u0646\\u0641\\u064a\\u0630 \\u0628\\u0628\\u0633\\u0627\\u0637\\u0629 \\u0648\\u0633\\u0644\\u0627\\u0633\\u0629 \\u062f\\u0627\\u062e\\u0644 \\u0627\\u0644\\u0646\\u0638\\u0627\\u0645","mission_background_text":"\\u0645\\u0647\\u0645\\u0629","vision_subtitle":"\\u0631\\u0624\\u064a\\u062a\\u0646\\u0627","vision_title":"\\u062a\\u0637\\u0648\\u064a\\u0631 \\u0642\\u0627\\u0626\\u0645 \\u0639\\u0644\\u0649 \\u0627\\u0644\\u0645\\u0628\\u0627\\u062f\\u0626 \\u0648{\\u0635\\u062f\\u064a\\u0642 \\u0644\\u0644\\u0628\\u064a\\u0626\\u0629}.","vision_description":"\\u062a\\u0639\\u0644\\u064a\\u0642 \\u0627\\u0644\\u062a\\u0631\\u0627\\u0643\\u064a\\u0628 \\u0639\\u0644\\u0649 \\u0634\\u0643\\u0644 \\u0634\\u0628\\u0643\\u0629\\u060c \\u0648\\u062a\\u0639\\u0644\\u064a\\u0642 \\u0627\\u0644\\u0645\\u0631\\u0643\\u0628\\u0629 \\u0623\\u0633\\u0641\\u0644\\u0647\\u0627 \\u0628\\u0634\\u0643\\u0644 \\u0644\\u0627 \\u064a\\u063a\\u064a\\u0631 \\u0645\\u0646 \\u0627\\u0644\\u0634\\u0643\\u0644 \\u0627\\u0644\\u0639\\u0627\\u0645. \\u0643\\u0630\\u0644\\u0643\\u060c \\u0641\\u0625\\u0646 \\u0627\\u062e\\u062a\\u064a\\u0627\\u0631 \\u0627\\u0644\\u0646\\u0645\\u0648\\u0630\\u062c \\u0627\\u0644\\u0645\\u0646\\u0627\\u0633\\u0628 \\u0644\\u0644\\u062d\\u0631\\u0643\\u0629 \\u064a\\u0639\\u062f \\u0623\\u0645\\u0631\\u0627\\u064b \\u0645\\u0647\\u0645\\u0627\\u064b.","vision_1":"\\u0644\\u0627 \\u0634\\u064a\\u0621 \\u0625\\u0644\\u0627 \\u0627\\u0644\\u0646\\u0645\\u0648 \\u0627\\u0644\\u0645\\u062a\\u0633\\u0642 \\u0648\\u0627\\u0644\\u0648\\u0642\\u062a \\u0627\\u0644\\u0645\\u0646\\u0627\\u0633\\u0628","vision_2":"\\u0627\\u0644\\u0627\\u062a\\u0633\\u0627\\u0642 \\u0648\\u0627\\u0644\\u0627\\u0639\\u062a\\u0645\\u0627\\u062f \\u0639\\u0644\\u0649 \\u0627\\u0644\\u0630\\u0627\\u062a \\u0647\\u0648 \\u0645\\u0627 \\u0646\\u0633\\u0639\\u0649 \\u0625\\u0644\\u064a\\u0647","vision_3":"\\u0627\\u0644\\u062a\\u0631\\u0643\\u064a\\u0632 \\u0639\\u0644\\u0649 \\u0627\\u0644\\u0635\\u062f\\u0627\\u0642\\u0629 \\u0627\\u0644\\u0628\\u064a\\u0626\\u064a\\u0629 \\u0648\\u0627\\u0644\\u062c\\u0648\\u062f\\u0629 \\u0627\\u0644\\u0639\\u0627\\u0644\\u064a\\u0629","vision_4":"\\u0627\\u0644\\u062a\\u0637\\u0648\\u064a\\u0631 \\u0645\\u0646 \\u062e\\u0644\\u0627\\u0644 \\u0627\\u0644\\u062a\\u062e\\u0637\\u064a\\u0637 \\u0627\\u0644\\u0641\\u0639\\u0627\\u0644 \\u0648\\u0627\\u0644\\u0627\\u0628\\u062a\\u0643\\u0627\\u0631","vision_background_text":"\\u0631\\u0624\\u064a\\u0629","testimonial_sub_title":"\\u0622\\u0631\\u0627\\u0621 \\u0627\\u0644\\u0639\\u0645\\u0644\\u0627\\u0621","testimonial_title":"{\\u062a\\u0639\\u0644\\u064a\\u0642\\u0627\\u062a} \\u0627\\u0644\\u0639\\u0645\\u0644\\u0627\\u0621","blog_title":"\\u0622\\u062e\\u0631 \\u0645\\u0627 \\u0646\\u064f\\u0634\\u0631 \\u0645\\u0646 {\\u0627\\u0644\\u0645\\u062f\\u0648\\u0646\\u0627\\u062a}","blog_sub_title":"\\u0623\\u062d\\u062f\\u062b \\u0623\\u062e\\u0628\\u0627\\u0631\\u0646\\u0627","area_one_title":"\\u0634\\u062d\\u0646 \\u0645\\u062c\\u0627\\u0646\\u064a","area_one_sub_title":"\\u0634\\u062d\\u0646 \\u0642\\u064a\\u0627\\u0633\\u064a \\u0639\\u0644\\u0649 \\u0627\\u0644\\u0637\\u0644\\u0628\\u0627\\u062a","area_two_title":"\\u062f\\u0641\\u0639 \\u0645\\u0631\\u0646","area_two_sub_title":"\\u0627\\u062f\\u0641\\u0639 \\u0628\\u0627\\u0633\\u062a\\u062e\\u062f\\u0627\\u0645 \\u0628\\u0637\\u0627\\u0642\\u0627\\u062a \\u0627\\u0644\\u0627\\u0626\\u062a\\u0645\\u0627\\u0646","area_three_title":"\\u0625\\u0631\\u062c\\u0627\\u0639 \\u062e\\u0644\\u0627\\u0644 14 \\u064a\\u0648\\u0645\\u064b\\u0627","area_three_sub_title":"30 \\u064a\\u0648\\u0645\\u064b\\u0627 \\u0644\\u0644\\u062a\\u0628\\u062f\\u064a\\u0644","area_four_title":"\\u062f\\u0639\\u0645 \\u0645\\u0645\\u064a\\u0632","area_four_sub_title":"\\u062f\\u0639\\u0645 \\u0645\\u0645\\u062a\\u0627\\u0632 \\u0644\\u0644\\u062c\\u0645\\u064a\\u0639"}', '2025-08-07 03:49:15', '2025-08-07 03:49:15'),
	(93, 53, 'en', '{"contact_office_address":"7232 Broadway Suite 3087 Madison Heights, 57256","tema_up_message":"Sed nec libero ante odio mauris pellentesque eget et neque."}', '2025-08-07 03:49:15', '2025-08-07 03:49:15'),
	(94, 53, 'ar', '{"contact_office_address":"7232 Broadway Suite 3087 Madison Heights, 57256","tema_up_message":"Sed nec libero ante odio mauris pellentesque eget et neque."}', '2025-08-07 03:49:15', '2025-08-07 03:49:15');

-- Dumping structure for table topcommerce.seo_settings
DROP TABLE IF EXISTS `seo_settings`;
CREATE TABLE IF NOT EXISTS `seo_settings` (
  `id` bigint(20) unsigned NOT NULL AUTO_INCREMENT,
  `page_name` varchar(255) NOT NULL,
  `route` varchar(255) NOT NULL,
  `seo_title` text NOT NULL,
  `seo_description` text NOT NULL,
  `created_at` timestamp NULL DEFAULT NULL,
  `updated_at` timestamp NULL DEFAULT NULL,
  PRIMARY KEY (`id`)
) ENGINE=InnoDB AUTO_INCREMENT=20 DEFAULT CHARSET=utf8mb4 COLLATE=utf8mb4_unicode_ci;

-- Dumping data for table topcommerce.seo_settings: ~19 rows (approximately)
DELETE FROM `seo_settings`;
INSERT INTO `seo_settings` (`id`, `page_name`, `route`, `seo_title`, `seo_description`, `created_at`, `updated_at`) VALUES
	(1, 'Home Page', 'website.home', 'Home || WebSolutionUS', 'Home || WebSolutionUS', '2025-08-07 03:49:14', '2025-08-07 03:49:14'),
	(2, 'Product Categories', 'website.categories', 'Product Categories || WebSolutionUS', 'Product Categories || WebSolutionUS', '2025-08-07 03:49:14', '2025-08-07 03:49:14'),
	(3, 'Products', 'website.products', 'Products || WebSolutionUS', 'Products || WebSolutionUS', '2025-08-07 03:49:14', '2025-08-07 03:49:14'),
	(4, 'Flash Deal Products', 'website.flash.deals', 'Flash Deal Products || WebSolutionUS', 'Flash Deal Products || WebSolutionUS', '2025-08-07 03:49:14', '2025-08-07 03:49:14'),
	(5, 'Brands', 'website.brands', 'Brands || WebSolutionUS', 'Brands || WebSolutionUS', '2025-08-07 03:49:14', '2025-08-07 03:49:14'),
	(6, 'Shops', 'website.shops', 'Shops || WebSolutionUS', 'Shops || WebSolutionUS', '2025-08-07 03:49:14', '2025-08-07 03:49:14'),
	(7, 'Gift Cards || Coupons', 'website.gift.cards', 'Gift Cards || Coupons || WebSolutionUS', 'Gift Cards || Coupons || WebSolutionUS', '2025-08-07 03:49:14', '2025-08-07 03:49:14'),
	(8, 'Frequently Asked Questions', 'website.faq', 'Frequently Asked Questions || WebSolutionUS', 'Frequently Asked Questions || WebSolutionUS', '2025-08-07 03:49:14', '2025-08-07 03:49:14'),
	(9, 'Privacy Policy Page', 'website.privacy.policy', 'Privacy Policy || WebSolutionUS', 'Privacy Policy || WebSolutionUS', '2025-08-07 03:49:14', '2025-08-07 03:49:14'),
	(10, 'Terms and conditions Page', 'website.terms.and.conditions', 'Terms and conditions Page || WebSolutionUS', 'Terms and conditions Page || WebSolutionUS', '2025-08-07 03:49:14', '2025-08-07 03:49:14'),
	(11, 'Return-policy Page', 'website.return.policy', 'Return-policy Page || WebSolutionUS', 'Return-policy Page || WebSolutionUS', '2025-08-07 03:49:14', '2025-08-07 03:49:14'),
	(12, 'Contact Page', 'website.contact.us', 'Contact || WebSolutionUS', 'Contact || WebSolutionUS', '2025-08-07 03:49:14', '2025-08-07 03:49:14'),
	(13, 'Track Orders', 'website.track.order', 'Track Orders || WebSolutionUS', 'Track Orders || WebSolutionUS', '2025-08-07 03:49:14', '2025-08-07 03:49:14'),
	(14, 'About Page', 'website.about.us', 'About || WebSolutionUS', 'About || WebSolutionUS', '2025-08-07 03:49:14', '2025-08-07 03:49:14'),
	(15, 'Blog Page', 'website.blogs', 'Blog || WebSolutionUS', 'Blog || WebSolutionUS', '2025-08-07 03:49:14', '2025-08-07 03:49:14'),
	(16, 'Join as Seller', 'website.join-as-seller', 'Join as Seller || WebSolutionUS', 'Join as Seller || WebSolutionUS', '2025-08-07 03:49:14', '2025-08-07 03:49:14'),
	(17, 'Login', 'login', 'Login || WebSolutionUS', 'Login || WebSolutionUS', '2025-08-07 03:49:14', '2025-08-07 03:49:14'),
	(18, 'Account Register', 'register', 'Account Register || WebSolutionUS', 'Account Register || WebSolutionUS', '2025-08-07 03:49:14', '2025-08-07 03:49:14'),
	(19, 'Cart', 'website.cart', 'Cart || WebSolutionUS', 'Cart || WebSolutionUS', '2025-08-07 03:49:14', '2025-08-07 03:49:14');

-- Dumping structure for table topcommerce.settings
DROP TABLE IF EXISTS `settings`;
CREATE TABLE IF NOT EXISTS `settings` (
  `id` bigint(20) unsigned NOT NULL AUTO_INCREMENT,
  `key` varchar(255) NOT NULL,
  `value` varchar(255) NOT NULL,
  `created_at` timestamp NULL DEFAULT NULL,
  `updated_at` timestamp NULL DEFAULT NULL,
  PRIMARY KEY (`id`)
) ENGINE=InnoDB AUTO_INCREMENT=74 DEFAULT CHARSET=utf8mb4 COLLATE=utf8mb4_unicode_ci;

-- Dumping data for table topcommerce.settings: ~73 rows (approximately)
DELETE FROM `settings`;
INSERT INTO `settings` (`id`, `key`, `value`, `created_at`, `updated_at`) VALUES
	(1, 'app_name', 'Topcommerce', '2025-08-07 03:49:13', '2025-08-07 03:51:39'),
	(2, 'version', '3.0.0', '2025-08-07 03:49:13', '2025-08-07 03:49:13'),
	(3, 'logo', 'website/images/logo.webp', '2025-08-07 03:49:13', '2025-08-07 03:49:13'),
	(4, 'logo_dark', 'website/images/logo_2.webp', '2025-08-07 03:49:13', '2025-08-07 03:49:13'),
	(5, 'timezone', 'Asia/Dhaka', '2025-08-07 03:49:14', '2025-08-07 03:49:14'),
	(6, 'date_format', 'Y-m-d', '2025-08-07 03:49:14', '2025-08-07 03:49:14'),
	(7, 'time_format', 'h:i A', '2025-08-07 03:49:14', '2025-08-07 03:49:14'),
	(8, 'favicon', 'uploads/website-images/favicon.png', '2025-08-07 03:49:14', '2025-08-07 03:49:14'),
	(9, 'cookie_status', 'active', '2025-08-07 03:49:14', '2025-08-07 03:49:14'),
	(10, 'border', 'normal', '2025-08-07 03:49:14', '2025-08-07 03:49:14'),
	(11, 'corners', 'thin', '2025-08-07 03:49:14', '2025-08-07 03:49:14'),
	(12, 'background_color', '#184dec', '2025-08-07 03:49:14', '2025-08-07 03:49:14'),
	(13, 'text_color', '#fafafa', '2025-08-07 03:49:14', '2025-08-07 03:49:14'),
	(14, 'border_color', '#0a58d6', '2025-08-07 03:49:14', '2025-08-07 03:49:14'),
	(15, 'btn_bg_color', '#fffceb', '2025-08-07 03:49:14', '2025-08-07 03:49:14'),
	(16, 'btn_text_color', '#222758', '2025-08-07 03:49:14', '2025-08-07 03:49:14'),
	(17, 'link_text', 'Privacy Policy', '2025-08-07 03:49:14', '2025-08-07 03:49:14'),
	(18, 'btn_text', 'Yes', '2025-08-07 03:49:14', '2025-08-07 03:49:14'),
	(19, 'message', 'This website uses essential cookies to ensure its proper operation and tracking cookies to understand how you interact with it. The latter will be set only upon approval.', '2025-08-07 03:49:14', '2025-08-07 03:49:14'),
	(20, 'copyright_text', '2025 WebSolutionUS. All rights reserved.', '2025-08-07 03:49:14', '2025-08-07 03:49:14'),
	(21, 'recaptcha_site_key', 'recaptcha_site_key', '2025-08-07 03:49:14', '2025-08-07 03:49:14'),
	(22, 'recaptcha_secret_key', 'recaptcha_secret_key', '2025-08-07 03:49:14', '2025-08-07 03:49:14'),
	(23, 'recaptcha_status', 'inactive', '2025-08-07 03:49:14', '2025-08-07 03:49:14'),
	(24, 'tawk_status', 'inactive', '2025-08-07 03:49:14', '2025-08-07 03:49:14'),
	(25, 'tawk_chat_link', 'tawk_chat_link', '2025-08-07 03:49:14', '2025-08-07 03:49:14'),
	(26, 'googel_tag_status', 'inactive', '2025-08-07 03:49:14', '2025-08-07 03:49:14'),
	(27, 'googel_tag_id', 'google_tag_id', '2025-08-07 03:49:14', '2025-08-07 03:49:14'),
	(28, 'google_analytic_status', 'active', '2025-08-07 03:49:14', '2025-08-07 03:49:14'),
	(29, 'google_analytic_id', 'google_analytic_id', '2025-08-07 03:49:14', '2025-08-07 03:49:14'),
	(30, 'pixel_status', 'inactive', '2025-08-07 03:49:14', '2025-08-07 03:49:14'),
	(31, 'pixel_app_id', 'pixel_app_id', '2025-08-07 03:49:14', '2025-08-07 03:49:14'),
	(32, 'google_login_status', 'active', '2025-08-07 03:49:14', '2025-08-07 03:49:14'),
	(33, 'google_client_id', 'google_client_id', '2025-08-07 03:49:14', '2025-08-07 03:49:14'),
	(34, 'google_secret_id', 'google_secret_id', '2025-08-07 03:49:14', '2025-08-07 03:49:14'),
	(35, 'default_avatar', 'uploads/website-images/default-avatar.png', '2025-08-07 03:49:14', '2025-08-07 03:49:14'),
	(36, 'default_user_image', 'uploads/website-images/default-user-image.png', '2025-08-07 03:49:14', '2025-08-07 03:49:14'),
	(37, 'breadcrumb_image', 'website/images/breadcrumbs_bg.webp', '2025-08-07 03:49:14', '2025-08-07 03:49:14'),
	(38, 'admin_auth_bg', 'backend/img/admin-auth-bg.webp', '2025-08-07 03:49:14', '2025-08-07 03:49:14'),
	(39, 'admin_login_prefix', 'admin', '2025-08-07 03:49:14', '2025-08-07 03:49:14'),
	(40, 'mail_host', 'sandbox.smtp.mailtrap.io', '2025-08-07 03:49:14', '2025-08-07 05:03:40'),
	(41, 'mail_sender_email', 'sender@gmail.com', '2025-08-07 03:49:14', '2025-08-07 05:03:40'),
	(42, 'mail_username', 'mail_username', '2025-08-07 03:49:14', '2025-08-07 05:03:40'),
	(43, 'mail_password', 'mail_password', '2025-08-07 03:49:14', '2025-08-07 05:03:40'),
	(44, 'mail_port', '2525', '2025-08-07 03:49:14', '2025-08-07 05:03:40'),
	(45, 'mail_encryption', 'ssl', '2025-08-07 03:49:14', '2025-08-07 05:03:40'),
	(46, 'mail_sender_name', 'WebSolutionUs', '2025-08-07 03:49:14', '2025-08-07 05:03:40'),
	(47, 'contact_message_receiver_mail', 'receiver@gmail.com', '2025-08-07 03:49:14', '2025-08-07 03:49:14'),
	(48, 'pusher_status', 'inactive', '2025-08-07 03:49:14', '2025-08-07 03:49:14'),
	(49, 'pusher_app_id', 'pusher_app_id', '2025-08-07 03:49:14', '2025-08-07 03:49:14'),
	(50, 'pusher_app_key', 'pusher_app_key', '2025-08-07 03:49:14', '2025-08-07 03:49:14'),
	(51, 'pusher_app_secret', 'pusher_app_secret', '2025-08-07 03:49:14', '2025-08-07 03:49:14'),
	(52, 'pusher_app_cluster', 'pusher_app_cluster', '2025-08-07 03:49:14', '2025-08-07 03:49:14'),
	(53, 'maintenance_mode', '0', '2025-08-07 03:49:14', '2025-08-07 03:49:14'),
	(54, 'maintenance_image', 'uploads/website-images/maintenance.jpg', '2025-08-07 03:49:14', '2025-08-07 03:49:14'),
	(55, 'maintenance_title', 'Website Under maintenance', '2025-08-07 03:49:14', '2025-08-07 03:49:14'),
	(56, 'maintenance_description', '<p>We are currently performing maintenance on our website to<br>improve your experience. Please check back later.</p>\n            <p><a title="Websolutions" href="https://websolutionus.com/">Websolutions</a></p>', '2025-08-07 03:49:14', '2025-08-07 03:49:14'),
	(57, 'last_update_date', '2024-03-12 12:00:00', '2025-08-07 03:49:14', '2025-08-07 03:51:39'),
	(58, 'is_queueable', 'inactive', '2025-08-07 03:49:14', '2025-08-07 03:49:14'),
	(59, 'comments_auto_approved', 'active', '2025-08-07 03:49:14', '2025-08-07 03:49:14'),
	(60, 'search_engine_indexing', 'active', '2025-08-07 03:49:14', '2025-08-07 03:49:14'),
	(61, 'theme', '1', '2025-08-07 03:49:14', '2025-08-07 03:49:14'),
	(62, 'has_vendor', '1', '2025-08-07 03:49:14', '2025-08-07 03:49:14'),
	(63, 'has_app', '0', '2025-08-07 03:49:14', '2025-08-07 03:49:14'),
	(64, 'can_guest_checkout', '1', '2025-08-07 03:49:14', '2025-08-07 03:49:14'),
	(65, 'sku_prefix', 'SKU-', '2025-08-07 03:49:14', '2025-08-07 03:49:14'),
	(66, 'invoice_prefix', 'INV-', '2025-08-07 03:49:14', '2025-08-07 03:49:14'),
	(67, 'sku_length', '8', '2025-08-07 03:49:14', '2025-08-07 03:49:14'),
	(68, 'invoice_length', '8', '2025-08-07 03:49:14', '2025-08-07 03:49:14'),
	(69, 'wallet_amount_auto_approve', '1', '2025-08-07 03:49:14', '2025-08-07 03:49:14'),
	(70, 'product_commission_rate', '5', '2025-08-07 03:49:14', '2025-08-07 03:49:14'),
	(71, 'order_cancel_minutes_before', '35', '2025-08-07 03:49:14', '2025-08-07 03:49:14'),
	(72, 'show_all_homepage', '0', '2025-08-07 03:49:14', '2025-08-07 03:49:14'),
	(73, 'marketing_status', '1', '2025-08-07 03:49:14', '2025-08-07 03:49:14');

-- Dumping structure for table topcommerce.shipping_rules
DROP TABLE IF EXISTS `shipping_rules`;
CREATE TABLE IF NOT EXISTS `shipping_rules` (
  `id` bigint(20) unsigned NOT NULL AUTO_INCREMENT,
  `name` varchar(120) NOT NULL,
  `type` varchar(60) DEFAULT 'based_on_price',
  `currency_id` bigint(20) unsigned DEFAULT NULL,
  `from` decimal(15,2) DEFAULT 0.00,
  `to` decimal(15,2) DEFAULT 0.00,
  `price` decimal(15,2) DEFAULT 0.00,
  `status` tinyint(1) NOT NULL DEFAULT 1,
  `created_at` timestamp NULL DEFAULT NULL,
  `updated_at` timestamp NULL DEFAULT NULL,
  PRIMARY KEY (`id`)
) ENGINE=InnoDB AUTO_INCREMENT=3 DEFAULT CHARSET=utf8mb4 COLLATE=utf8mb4_unicode_ci;

-- Dumping data for table topcommerce.shipping_rules: ~2 rows (approximately)
DELETE FROM `shipping_rules`;
INSERT INTO `shipping_rules` (`id`, `name`, `type`, `currency_id`, `from`, `to`, `price`, `status`, `created_at`, `updated_at`) VALUES
	(1, 'Out of City', 'based_on_price', NULL, 0.00, 100000000.00, 10.00, 1, '2025-08-07 03:49:26', '2025-08-07 03:49:26'),
	(2, 'Inside City', 'based_on_price', NULL, 0.00, 100000000.00, 4.00, 1, '2025-08-07 03:49:26', '2025-08-07 03:49:26');

-- Dumping structure for table topcommerce.shipping_rule_items
DROP TABLE IF EXISTS `shipping_rule_items`;
CREATE TABLE IF NOT EXISTS `shipping_rule_items` (
  `id` bigint(20) unsigned NOT NULL AUTO_INCREMENT,
  `shipping_rule_id` bigint(20) unsigned NOT NULL,
  `country_id` text DEFAULT NULL,
  `state_id` text DEFAULT NULL,
  `city_id` text DEFAULT NULL,
  `zip_code` varchar(20) DEFAULT NULL,
  `status` tinyint(1) NOT NULL DEFAULT 1,
  `created_at` timestamp NULL DEFAULT NULL,
  `updated_at` timestamp NULL DEFAULT NULL,
  PRIMARY KEY (`id`)
) ENGINE=InnoDB DEFAULT CHARSET=utf8mb4 COLLATE=utf8mb4_unicode_ci;

-- Dumping data for table topcommerce.shipping_rule_items: ~0 rows (approximately)
DELETE FROM `shipping_rule_items`;

-- Dumping structure for table topcommerce.shipping_settings
DROP TABLE IF EXISTS `shipping_settings`;
CREATE TABLE IF NOT EXISTS `shipping_settings` (
  `id` bigint(20) unsigned NOT NULL AUTO_INCREMENT,
  `hide_other_shipping` tinyint(1) NOT NULL DEFAULT 0,
  `hide_shipping_option` tinyint(1) NOT NULL DEFAULT 0,
  `sort_shipping_direction` varchar(255) NOT NULL DEFAULT 'asc',
  `created_at` timestamp NULL DEFAULT NULL,
  `updated_at` timestamp NULL DEFAULT NULL,
  PRIMARY KEY (`id`)
) ENGINE=InnoDB AUTO_INCREMENT=2 DEFAULT CHARSET=utf8mb4 COLLATE=utf8mb4_unicode_ci;

-- Dumping data for table topcommerce.shipping_settings: ~1 rows (approximately)
DELETE FROM `shipping_settings`;
INSERT INTO `shipping_settings` (`id`, `hide_other_shipping`, `hide_shipping_option`, `sort_shipping_direction`, `created_at`, `updated_at`) VALUES
	(1, 0, 0, 'asc', '2025-08-07 03:49:26', '2025-08-07 03:49:26');

-- Dumping structure for table topcommerce.socialite_credentials
DROP TABLE IF EXISTS `socialite_credentials`;
CREATE TABLE IF NOT EXISTS `socialite_credentials` (
  `id` bigint(20) unsigned NOT NULL AUTO_INCREMENT,
  `user_id` bigint(20) unsigned NOT NULL,
  `provider_name` varchar(255) NOT NULL,
  `provider_id` varchar(255) DEFAULT NULL,
  `access_token` varchar(255) DEFAULT NULL,
  `refresh_token` varchar(255) DEFAULT NULL,
  `created_at` timestamp NULL DEFAULT NULL,
  `updated_at` timestamp NULL DEFAULT NULL,
  PRIMARY KEY (`id`)
) ENGINE=InnoDB DEFAULT CHARSET=utf8mb4 COLLATE=utf8mb4_unicode_ci;

-- Dumping data for table topcommerce.socialite_credentials: ~0 rows (approximately)
DELETE FROM `socialite_credentials`;

-- Dumping structure for table topcommerce.states
DROP TABLE IF EXISTS `states`;
CREATE TABLE IF NOT EXISTS `states` (
  `id` bigint(20) unsigned NOT NULL AUTO_INCREMENT,
  `name` varchar(255) NOT NULL,
  `country_id` bigint(20) unsigned NOT NULL,
  `created_at` timestamp NULL DEFAULT NULL,
  `updated_at` timestamp NULL DEFAULT NULL,
  PRIMARY KEY (`id`),
  KEY `states_country_id_foreign` (`country_id`),
  CONSTRAINT `states_country_id_foreign` FOREIGN KEY (`country_id`) REFERENCES `countries` (`id`) ON DELETE CASCADE
) ENGINE=InnoDB AUTO_INCREMENT=101 DEFAULT CHARSET=utf8mb4 COLLATE=utf8mb4_unicode_ci;

-- Dumping data for table topcommerce.states: ~100 rows (approximately)
DELETE FROM `states`;
INSERT INTO `states` (`id`, `name`, `country_id`, `created_at`, `updated_at`) VALUES
	(1, 'Connecticut', 1, '2025-08-07 03:49:15', '2025-08-07 03:49:15'),
	(2, 'Wisconsin', 1, '2025-08-07 03:49:15', '2025-08-07 03:49:15'),
	(3, 'Rhode Island', 1, '2025-08-07 03:49:15', '2025-08-07 03:49:15'),
	(4, 'Indiana', 1, '2025-08-07 03:49:15', '2025-08-07 03:49:15'),
	(5, 'Michigan', 1, '2025-08-07 03:49:15', '2025-08-07 03:49:15'),
	(6, 'Kentucky', 2, '2025-08-07 03:49:15', '2025-08-07 03:49:15'),
	(7, 'West Virginia', 2, '2025-08-07 03:49:15', '2025-08-07 03:49:15'),
	(8, 'Idaho', 2, '2025-08-07 03:49:15', '2025-08-07 03:49:15'),
	(9, 'Illinois', 2, '2025-08-07 03:49:15', '2025-08-07 03:49:15'),
	(10, 'Pennsylvania', 2, '2025-08-07 03:49:15', '2025-08-07 03:49:15'),
	(11, 'Utah', 3, '2025-08-07 03:49:15', '2025-08-07 03:49:15'),
	(12, 'New Jersey', 3, '2025-08-07 03:49:15', '2025-08-07 03:49:15'),
	(13, 'Maine', 3, '2025-08-07 03:49:15', '2025-08-07 03:49:15'),
	(14, 'Wisconsin', 3, '2025-08-07 03:49:15', '2025-08-07 03:49:15'),
	(15, 'Missouri', 3, '2025-08-07 03:49:15', '2025-08-07 03:49:15'),
	(16, 'California', 4, '2025-08-07 03:49:16', '2025-08-07 03:49:16'),
	(17, 'Minnesota', 4, '2025-08-07 03:49:16', '2025-08-07 03:49:16'),
	(18, 'Tennessee', 4, '2025-08-07 03:49:16', '2025-08-07 03:49:16'),
	(19, 'Ohio', 4, '2025-08-07 03:49:16', '2025-08-07 03:49:16'),
	(20, 'Alabama', 4, '2025-08-07 03:49:16', '2025-08-07 03:49:16'),
	(21, 'District of Columbia', 5, '2025-08-07 03:49:16', '2025-08-07 03:49:16'),
	(22, 'Ohio', 5, '2025-08-07 03:49:16', '2025-08-07 03:49:16'),
	(23, 'New Jersey', 5, '2025-08-07 03:49:16', '2025-08-07 03:49:16'),
	(24, 'Maine', 5, '2025-08-07 03:49:16', '2025-08-07 03:49:16'),
	(25, 'Pennsylvania', 5, '2025-08-07 03:49:16', '2025-08-07 03:49:16'),
	(26, 'Kansas', 6, '2025-08-07 03:49:16', '2025-08-07 03:49:16'),
	(27, 'Louisiana', 6, '2025-08-07 03:49:16', '2025-08-07 03:49:16'),
	(28, 'South Carolina', 6, '2025-08-07 03:49:16', '2025-08-07 03:49:16'),
	(29, 'Arkansas', 6, '2025-08-07 03:49:16', '2025-08-07 03:49:16'),
	(30, 'Michigan', 6, '2025-08-07 03:49:16', '2025-08-07 03:49:16'),
	(31, 'North Carolina', 7, '2025-08-07 03:49:16', '2025-08-07 03:49:16'),
	(32, 'Maryland', 7, '2025-08-07 03:49:16', '2025-08-07 03:49:16'),
	(33, 'New York', 7, '2025-08-07 03:49:16', '2025-08-07 03:49:16'),
	(34, 'Missouri', 7, '2025-08-07 03:49:16', '2025-08-07 03:49:16'),
	(35, 'Colorado', 7, '2025-08-07 03:49:16', '2025-08-07 03:49:16'),
	(36, 'Nebraska', 8, '2025-08-07 03:49:16', '2025-08-07 03:49:16'),
	(37, 'Montana', 8, '2025-08-07 03:49:16', '2025-08-07 03:49:16'),
	(38, 'Oklahoma', 8, '2025-08-07 03:49:16', '2025-08-07 03:49:16'),
	(39, 'Connecticut', 8, '2025-08-07 03:49:16', '2025-08-07 03:49:16'),
	(40, 'Kansas', 8, '2025-08-07 03:49:16', '2025-08-07 03:49:16'),
	(41, 'Nebraska', 9, '2025-08-07 03:49:16', '2025-08-07 03:49:16'),
	(42, 'California', 9, '2025-08-07 03:49:16', '2025-08-07 03:49:16'),
	(43, 'Louisiana', 9, '2025-08-07 03:49:16', '2025-08-07 03:49:16'),
	(44, 'Georgia', 9, '2025-08-07 03:49:16', '2025-08-07 03:49:16'),
	(45, 'Minnesota', 9, '2025-08-07 03:49:16', '2025-08-07 03:49:16'),
	(46, 'Idaho', 10, '2025-08-07 03:49:16', '2025-08-07 03:49:16'),
	(47, 'Mississippi', 10, '2025-08-07 03:49:16', '2025-08-07 03:49:16'),
	(48, 'West Virginia', 10, '2025-08-07 03:49:16', '2025-08-07 03:49:16'),
	(49, 'West Virginia', 10, '2025-08-07 03:49:16', '2025-08-07 03:49:16'),
	(50, 'Mississippi', 10, '2025-08-07 03:49:16', '2025-08-07 03:49:16'),
	(51, 'Vermont', 11, '2025-08-07 03:49:16', '2025-08-07 03:49:16'),
	(52, 'Missouri', 11, '2025-08-07 03:49:16', '2025-08-07 03:49:16'),
	(53, 'Washington', 11, '2025-08-07 03:49:16', '2025-08-07 03:49:16'),
	(54, 'Delaware', 11, '2025-08-07 03:49:16', '2025-08-07 03:49:16'),
	(55, 'Arkansas', 11, '2025-08-07 03:49:16', '2025-08-07 03:49:16'),
	(56, 'Vermont', 12, '2025-08-07 03:49:16', '2025-08-07 03:49:16'),
	(57, 'Hawaii', 12, '2025-08-07 03:49:16', '2025-08-07 03:49:16'),
	(58, 'Massachusetts', 12, '2025-08-07 03:49:16', '2025-08-07 03:49:16'),
	(59, 'Louisiana', 12, '2025-08-07 03:49:16', '2025-08-07 03:49:16'),
	(60, 'Illinois', 12, '2025-08-07 03:49:16', '2025-08-07 03:49:16'),
	(61, 'Virginia', 13, '2025-08-07 03:49:16', '2025-08-07 03:49:16'),
	(62, 'Iowa', 13, '2025-08-07 03:49:16', '2025-08-07 03:49:16'),
	(63, 'Alabama', 13, '2025-08-07 03:49:16', '2025-08-07 03:49:16'),
	(64, 'Minnesota', 13, '2025-08-07 03:49:16', '2025-08-07 03:49:16'),
	(65, 'Tennessee', 13, '2025-08-07 03:49:16', '2025-08-07 03:49:16'),
	(66, 'Wyoming', 14, '2025-08-07 03:49:16', '2025-08-07 03:49:16'),
	(67, 'California', 14, '2025-08-07 03:49:16', '2025-08-07 03:49:16'),
	(68, 'Connecticut', 14, '2025-08-07 03:49:16', '2025-08-07 03:49:16'),
	(69, 'North Dakota', 14, '2025-08-07 03:49:16', '2025-08-07 03:49:16'),
	(70, 'South Carolina', 14, '2025-08-07 03:49:16', '2025-08-07 03:49:16'),
	(71, 'Ohio', 15, '2025-08-07 03:49:16', '2025-08-07 03:49:16'),
	(72, 'Washington', 15, '2025-08-07 03:49:16', '2025-08-07 03:49:16'),
	(73, 'Massachusetts', 15, '2025-08-07 03:49:16', '2025-08-07 03:49:16'),
	(74, 'District of Columbia', 15, '2025-08-07 03:49:16', '2025-08-07 03:49:16'),
	(75, 'Kentucky', 15, '2025-08-07 03:49:16', '2025-08-07 03:49:16'),
	(76, 'New York', 16, '2025-08-07 03:49:16', '2025-08-07 03:49:16'),
	(77, 'Alabama', 16, '2025-08-07 03:49:16', '2025-08-07 03:49:16'),
	(78, 'District of Columbia', 16, '2025-08-07 03:49:16', '2025-08-07 03:49:16'),
	(79, 'New York', 16, '2025-08-07 03:49:16', '2025-08-07 03:49:16'),
	(80, 'North Carolina', 16, '2025-08-07 03:49:16', '2025-08-07 03:49:16'),
	(81, 'Nebraska', 17, '2025-08-07 03:49:16', '2025-08-07 03:49:16'),
	(82, 'Colorado', 17, '2025-08-07 03:49:17', '2025-08-07 03:49:17'),
	(83, 'Washington', 17, '2025-08-07 03:49:17', '2025-08-07 03:49:17'),
	(84, 'Iowa', 17, '2025-08-07 03:49:17', '2025-08-07 03:49:17'),
	(85, 'Tennessee', 17, '2025-08-07 03:49:17', '2025-08-07 03:49:17'),
	(86, 'Rhode Island', 18, '2025-08-07 03:49:17', '2025-08-07 03:49:17'),
	(87, 'Washington', 18, '2025-08-07 03:49:17', '2025-08-07 03:49:17'),
	(88, 'Oregon', 18, '2025-08-07 03:49:17', '2025-08-07 03:49:17'),
	(89, 'Tennessee', 18, '2025-08-07 03:49:17', '2025-08-07 03:49:17'),
	(90, 'Washington', 18, '2025-08-07 03:49:17', '2025-08-07 03:49:17'),
	(91, 'Alabama', 19, '2025-08-07 03:49:17', '2025-08-07 03:49:17'),
	(92, 'Maryland', 19, '2025-08-07 03:49:17', '2025-08-07 03:49:17'),
	(93, 'West Virginia', 19, '2025-08-07 03:49:17', '2025-08-07 03:49:17'),
	(94, 'Alaska', 19, '2025-08-07 03:49:17', '2025-08-07 03:49:17'),
	(95, 'Connecticut', 19, '2025-08-07 03:49:17', '2025-08-07 03:49:17'),
	(96, 'District of Columbia', 20, '2025-08-07 03:49:17', '2025-08-07 03:49:17'),
	(97, 'Virginia', 20, '2025-08-07 03:49:17', '2025-08-07 03:49:17'),
	(98, 'Oklahoma', 20, '2025-08-07 03:49:17', '2025-08-07 03:49:17'),
	(99, 'Arkansas', 20, '2025-08-07 03:49:17', '2025-08-07 03:49:17'),
	(100, 'North Carolina', 20, '2025-08-07 03:49:17', '2025-08-07 03:49:17');

-- Dumping structure for table topcommerce.stocks
DROP TABLE IF EXISTS `stocks`;
CREATE TABLE IF NOT EXISTS `stocks` (
  `id` bigint(20) unsigned NOT NULL AUTO_INCREMENT,
  `product_id` bigint(20) unsigned NOT NULL,
  `sku` varchar(255) NOT NULL,
  `type` varchar(255) DEFAULT NULL,
  `quantity` int(11) NOT NULL,
  `created_at` timestamp NULL DEFAULT NULL,
  `updated_at` timestamp NULL DEFAULT NULL,
  PRIMARY KEY (`id`),
  UNIQUE KEY `stocks_sku_unique` (`sku`),
  KEY `stocks_product_id_foreign` (`product_id`),
  CONSTRAINT `stocks_product_id_foreign` FOREIGN KEY (`product_id`) REFERENCES `products` (`id`) ON DELETE CASCADE
) ENGINE=InnoDB AUTO_INCREMENT=168 DEFAULT CHARSET=utf8mb4 COLLATE=utf8mb4_unicode_ci;

-- Dumping data for table topcommerce.stocks: ~167 rows (approximately)
DELETE FROM `stocks`;
INSERT INTO `stocks` (`id`, `product_id`, `sku`, `type`, `quantity`, `created_at`, `updated_at`) VALUES
	(1, 1, 'SKU-00000001', NULL, 153, '2025-08-07 03:49:21', '2025-08-07 03:49:21'),
	(2, 2, 'SKU-00000002', NULL, 257, '2025-08-07 03:49:21', '2025-08-07 03:49:21'),
	(3, 3, 'SKU-00000003', NULL, 286, '2025-08-07 03:49:21', '2025-08-07 03:49:21'),
	(4, 3, 'S-Dark Black-SKU-00000003', 'variant', 10, '2025-08-07 03:49:21', '2025-08-07 03:49:21'),
	(5, 3, 'XXL-Violet-SKU-00000003', 'variant', 81, '2025-08-07 03:49:21', '2025-08-07 03:49:21'),
	(6, 3, 'M-Red-SKU-00000003', 'variant', 40, '2025-08-07 03:49:21', '2025-08-07 03:49:21'),
	(7, 4, 'SKU-00000004', NULL, 211, '2025-08-07 03:49:21', '2025-08-07 03:49:21'),
	(8, 4, 'XL-Violet-SKU-00000004', 'variant', 33, '2025-08-07 03:49:21', '2025-08-07 03:49:21'),
	(9, 4, 'XXL-Sky Blue-SKU-00000004', 'variant', 30, '2025-08-07 03:49:21', '2025-08-07 03:49:21'),
	(10, 4, 'XXL-Red-SKU-00000004', 'variant', 92, '2025-08-07 03:49:21', '2025-08-07 03:49:21'),
	(11, 4, 'XXL-Black-SKU-00000004', 'variant', 94, '2025-08-07 03:49:21', '2025-08-07 03:49:21'),
	(12, 5, 'SKU-00000005', NULL, 30, '2025-08-07 03:49:21', '2025-08-07 03:49:21'),
	(13, 6, 'SKU-00000006', NULL, 134, '2025-08-07 03:49:21', '2025-08-07 03:49:21'),
	(14, 6, 'S-Sky Blue-SKU-00000006', 'variant', 22, '2025-08-07 03:49:21', '2025-08-07 03:49:21'),
	(15, 6, 'X-Black-SKU-00000006', 'variant', 73, '2025-08-07 03:49:21', '2025-08-07 03:49:21'),
	(16, 6, 'L-Sky Blue-SKU-00000006', 'variant', 77, '2025-08-07 03:49:21', '2025-08-07 03:49:21'),
	(17, 6, 'X-White-SKU-00000006', 'variant', 53, '2025-08-07 03:49:21', '2025-08-07 03:49:21'),
	(18, 7, 'SKU-00000007', NULL, 121, '2025-08-07 03:49:22', '2025-08-07 03:49:22'),
	(19, 7, 'L-Green-SKU-00000007', 'variant', 18, '2025-08-07 03:49:22', '2025-08-07 03:49:22'),
	(20, 7, 'XL-White-SKU-00000007', 'variant', 41, '2025-08-07 03:49:22', '2025-08-07 03:49:22'),
	(21, 7, 'S-Pink-SKU-00000007', 'variant', 87, '2025-08-07 03:49:22', '2025-08-07 03:49:22'),
	(22, 7, 'X-Pink-SKU-00000007', 'variant', 16, '2025-08-07 03:49:22', '2025-08-07 03:49:22'),
	(23, 7, 'X-Black-SKU-00000007', 'variant', 70, '2025-08-07 03:49:22', '2025-08-07 03:49:22'),
	(24, 8, 'SKU-00000008', NULL, 49, '2025-08-07 03:49:22', '2025-08-07 03:49:22'),
	(25, 9, 'SKU-00000009', NULL, 256, '2025-08-07 03:49:22', '2025-08-07 03:49:22'),
	(26, 10, 'SKU-00000010', NULL, 300, '2025-08-07 03:49:22', '2025-08-07 03:49:22'),
	(27, 10, 'S-Sky Blue-SKU-00000010', 'variant', 92, '2025-08-07 03:49:22', '2025-08-07 03:49:22'),
	(28, 10, 'X-Black-SKU-00000010', 'variant', 98, '2025-08-07 03:49:22', '2025-08-07 03:49:22'),
	(29, 10, 'L-Sky Blue-SKU-00000010', 'variant', 86, '2025-08-07 03:49:22', '2025-08-07 03:49:22'),
	(30, 10, 'S-Black-SKU-00000010', 'variant', 35, '2025-08-07 03:49:22', '2025-08-07 03:49:22'),
	(31, 10, 'M-Black-SKU-00000010', 'variant', 86, '2025-08-07 03:49:22', '2025-08-07 03:49:22'),
	(32, 11, 'SKU-00000011', NULL, 192, '2025-08-07 03:49:22', '2025-08-07 03:49:22'),
	(33, 11, 'M-Dark Black-SKU-00000011', 'variant', 58, '2025-08-07 03:49:22', '2025-08-07 03:49:22'),
	(34, 11, 'M-Sky Blue-SKU-00000011', 'variant', 88, '2025-08-07 03:49:22', '2025-08-07 03:49:22'),
	(35, 11, 'X-Violet-SKU-00000011', 'variant', 72, '2025-08-07 03:49:22', '2025-08-07 03:49:22'),
	(36, 11, 'M-White-SKU-00000011', 'variant', 97, '2025-08-07 03:49:22', '2025-08-07 03:49:22'),
	(37, 11, 'L-Yellow-SKU-00000011', 'variant', 36, '2025-08-07 03:49:22', '2025-08-07 03:49:22'),
	(38, 11, 'M-Black-SKU-00000011', 'variant', 37, '2025-08-07 03:49:22', '2025-08-07 03:49:22'),
	(39, 12, 'SKU-00000012', NULL, 96, '2025-08-07 03:49:22', '2025-08-07 03:49:22'),
	(40, 13, 'SKU-00000013', NULL, 32, '2025-08-07 03:49:22', '2025-08-07 03:49:22'),
	(41, 14, 'SKU-00000014', NULL, 245, '2025-08-07 03:49:22', '2025-08-07 03:49:22'),
	(42, 15, 'SKU-00000015', NULL, 63, '2025-08-07 03:49:22', '2025-08-07 03:49:22'),
	(43, 16, 'SKU-00000016', NULL, 15, '2025-08-07 03:49:22', '2025-08-07 03:49:22'),
	(44, 17, 'SKU-00000017', NULL, 142, '2025-08-07 03:49:22', '2025-08-07 03:49:22'),
	(45, 18, 'SKU-00000018', NULL, 259, '2025-08-07 03:49:22', '2025-08-07 03:49:22'),
	(46, 19, 'SKU-00000019', NULL, 219, '2025-08-07 03:49:22', '2025-08-07 03:49:22'),
	(47, 20, 'SKU-00000020', NULL, 269, '2025-08-07 03:49:22', '2025-08-07 03:49:22'),
	(48, 21, 'SKU-00000021', NULL, 285, '2025-08-07 03:49:22', '2025-08-07 03:49:22'),
	(49, 22, 'SKU-00000022', NULL, 269, '2025-08-07 03:49:22', '2025-08-07 03:49:22'),
	(50, 23, 'SKU-00000023', NULL, 196, '2025-08-07 03:49:22', '2025-08-07 03:49:22'),
	(51, 23, 'X-White-SKU-00000023', 'variant', 47, '2025-08-07 03:49:22', '2025-08-07 03:49:22'),
	(52, 23, 'X-Sky Blue-SKU-00000023', 'variant', 77, '2025-08-07 03:49:22', '2025-08-07 03:49:22'),
	(53, 24, 'SKU-00000024', NULL, 212, '2025-08-07 03:49:23', '2025-08-07 03:49:23'),
	(54, 25, 'SKU-00000025', NULL, 132, '2025-08-07 03:49:23', '2025-08-07 03:49:23'),
	(55, 27, 'SKU-00000027', NULL, 248, '2025-08-07 03:49:23', '2025-08-07 03:49:23'),
	(56, 28, 'SKU-00000028', NULL, 294, '2025-08-07 03:49:23', '2025-08-07 03:49:23'),
	(57, 29, 'SKU-00000029', NULL, 176, '2025-08-07 03:49:23', '2025-08-07 03:49:23'),
	(58, 29, 'L-Sky Blue-SKU-00000029', 'variant', 27, '2025-08-07 03:49:23', '2025-08-07 03:49:23'),
	(59, 29, 'XL-Green-SKU-00000029', 'variant', 93, '2025-08-07 03:49:23', '2025-08-07 03:49:23'),
	(60, 29, 'XL-Sky Blue-SKU-00000029', 'variant', 64, '2025-08-07 03:49:23', '2025-08-07 03:49:23'),
	(61, 29, 'M-White-SKU-00000029', 'variant', 78, '2025-08-07 03:49:23', '2025-08-07 03:49:23'),
	(62, 29, 'X-Violet-SKU-00000029', 'variant', 98, '2025-08-07 03:49:23', '2025-08-07 03:49:23'),
	(63, 30, 'SKU-00000030', NULL, 158, '2025-08-07 03:49:23', '2025-08-07 03:49:23'),
	(64, 31, 'SKU-00000031', NULL, 81, '2025-08-07 03:49:23', '2025-08-07 03:49:23'),
	(65, 32, 'SKU-00000032', NULL, 139, '2025-08-07 03:49:23', '2025-08-07 03:49:23'),
	(66, 32, 'XXL-Black-SKU-00000032', 'variant', 39, '2025-08-07 03:49:23', '2025-08-07 03:49:23'),
	(67, 32, 'XXL-Yellow-SKU-00000032', 'variant', 68, '2025-08-07 03:49:23', '2025-08-07 03:49:23'),
	(68, 32, 'XL-Sky Blue-SKU-00000032', 'variant', 41, '2025-08-07 03:49:23', '2025-08-07 03:49:23'),
	(69, 32, 'XXL-Pink-SKU-00000032', 'variant', 54, '2025-08-07 03:49:23', '2025-08-07 03:49:23'),
	(70, 32, 'XL-Yellow-SKU-00000032', 'variant', 17, '2025-08-07 03:49:23', '2025-08-07 03:49:23'),
	(71, 33, 'SKU-00000033', NULL, 151, '2025-08-07 03:49:23', '2025-08-07 03:49:23'),
	(72, 34, 'SKU-00000034', NULL, 87, '2025-08-07 03:49:23', '2025-08-07 03:49:23'),
	(73, 35, 'SKU-00000035', NULL, 149, '2025-08-07 03:49:23', '2025-08-07 03:49:23'),
	(74, 35, 'XXL-Dark Black-SKU-00000035', 'variant', 22, '2025-08-07 03:49:23', '2025-08-07 03:49:23'),
	(75, 35, 'S-Green-SKU-00000035', 'variant', 61, '2025-08-07 03:49:23', '2025-08-07 03:49:23'),
	(76, 36, 'SKU-00000036', NULL, 186, '2025-08-07 03:49:23', '2025-08-07 03:49:23'),
	(77, 36, 'M-Red-SKU-00000036', 'variant', 76, '2025-08-07 03:49:23', '2025-08-07 03:49:23'),
	(78, 36, 'XL-Dark Black-SKU-00000036', 'variant', 36, '2025-08-07 03:49:23', '2025-08-07 03:49:23'),
	(79, 36, 'X-Violet-SKU-00000036', 'variant', 34, '2025-08-07 03:49:23', '2025-08-07 03:49:23'),
	(80, 36, 'L-Yellow-SKU-00000036', 'variant', 79, '2025-08-07 03:49:23', '2025-08-07 03:49:23'),
	(81, 37, 'SKU-00000037', NULL, 147, '2025-08-07 03:49:23', '2025-08-07 03:49:23'),
	(82, 37, 'S-Red-SKU-00000037', 'variant', 12, '2025-08-07 03:49:23', '2025-08-07 03:49:23'),
	(83, 37, 'XXL-Sky Blue-SKU-00000037', 'variant', 32, '2025-08-07 03:49:23', '2025-08-07 03:49:23'),
	(84, 37, 'S-Black-SKU-00000037', 'variant', 91, '2025-08-07 03:49:23', '2025-08-07 03:49:23'),
	(85, 38, 'SKU-00000038', NULL, 23, '2025-08-07 03:49:23', '2025-08-07 03:49:23'),
	(86, 39, 'SKU-00000039', NULL, 298, '2025-08-07 03:49:23', '2025-08-07 03:49:23'),
	(87, 39, 'S-Red-SKU-00000039', 'variant', 24, '2025-08-07 03:49:23', '2025-08-07 03:49:23'),
	(88, 39, 'XL-Red-SKU-00000039', 'variant', 57, '2025-08-07 03:49:23', '2025-08-07 03:49:23'),
	(89, 40, 'SKU-00000040', NULL, 121, '2025-08-07 03:49:24', '2025-08-07 03:49:24'),
	(90, 41, 'SKU-00000041', NULL, 288, '2025-08-07 03:49:24', '2025-08-07 03:49:24'),
	(91, 41, 'XL-Yellow-SKU-00000041', 'variant', 26, '2025-08-07 03:49:24', '2025-08-07 03:49:24'),
	(92, 41, 'S-Dark Black-SKU-00000041', 'variant', 89, '2025-08-07 03:49:24', '2025-08-07 03:49:24'),
	(93, 42, 'SKU-00000042', NULL, 22, '2025-08-07 03:49:24', '2025-08-07 03:49:24'),
	(94, 42, 'XXL-Red-SKU-00000042', 'variant', 43, '2025-08-07 03:49:24', '2025-08-07 03:49:24'),
	(95, 42, 'XL-White-SKU-00000042', 'variant', 68, '2025-08-07 03:49:24', '2025-08-07 03:49:24'),
	(96, 42, 'XL-Violet-SKU-00000042', 'variant', 87, '2025-08-07 03:49:24', '2025-08-07 03:49:24'),
	(97, 43, 'SKU-00000043', NULL, 169, '2025-08-07 03:49:24', '2025-08-07 03:49:24'),
	(98, 44, 'SKU-00000044', NULL, 50, '2025-08-07 03:49:24', '2025-08-07 03:49:24'),
	(99, 45, 'SKU-00000045', NULL, 192, '2025-08-07 03:49:24', '2025-08-07 03:49:24'),
	(100, 45, 'M-Pink-SKU-00000045', 'variant', 83, '2025-08-07 03:49:24', '2025-08-07 03:49:24'),
	(101, 45, 'X-Yellow-SKU-00000045', 'variant', 56, '2025-08-07 03:49:24', '2025-08-07 03:49:24'),
	(102, 45, 'XXL-Black-SKU-00000045', 'variant', 61, '2025-08-07 03:49:24', '2025-08-07 03:49:24'),
	(103, 45, 'XXL-Green-SKU-00000045', 'variant', 84, '2025-08-07 03:49:24', '2025-08-07 03:49:24'),
	(104, 46, 'SKU-00000046', NULL, 217, '2025-08-07 03:49:24', '2025-08-07 03:49:24'),
	(105, 47, 'SKU-00000047', NULL, 261, '2025-08-07 03:49:24', '2025-08-07 03:49:24'),
	(106, 48, 'SKU-00000048', NULL, 267, '2025-08-07 03:49:24', '2025-08-07 03:49:24'),
	(107, 49, 'SKU-00000049', NULL, 192, '2025-08-07 03:49:24', '2025-08-07 03:49:24'),
	(108, 50, 'SKU-00000050', NULL, 202, '2025-08-07 03:49:24', '2025-08-07 03:49:24'),
	(109, 51, 'SKU-00000051', NULL, 45, '2025-08-07 03:49:24', '2025-08-07 03:49:24'),
	(110, 52, 'SKU-00000052', NULL, 116, '2025-08-07 03:49:24', '2025-08-07 03:49:24'),
	(111, 53, 'SKU-00000053', NULL, 289, '2025-08-07 03:49:24', '2025-08-07 03:49:24'),
	(112, 54, 'SKU-00000054', NULL, 195, '2025-08-07 03:49:24', '2025-08-07 03:49:24'),
	(113, 55, 'SKU-00000055', NULL, 156, '2025-08-07 03:49:24', '2025-08-07 03:49:24'),
	(114, 55, 'XL-Green-SKU-00000055', 'variant', 95, '2025-08-07 03:49:24', '2025-08-07 03:49:24'),
	(115, 55, 'L-Red-SKU-00000055', 'variant', 38, '2025-08-07 03:49:24', '2025-08-07 03:49:24'),
	(116, 56, 'SKU-00000056', NULL, 68, '2025-08-07 03:49:24', '2025-08-07 03:49:24'),
	(117, 57, 'SKU-00000057', NULL, 30, '2025-08-07 03:49:24', '2025-08-07 03:49:24'),
	(118, 57, 'L-Yellow-SKU-00000057', 'variant', 37, '2025-08-07 03:49:24', '2025-08-07 03:49:24'),
	(119, 57, 'XXL-Black-SKU-00000057', 'variant', 92, '2025-08-07 03:49:24', '2025-08-07 03:49:24'),
	(120, 57, 'XL-Pink-SKU-00000057', 'variant', 92, '2025-08-07 03:49:25', '2025-08-07 03:49:25'),
	(121, 57, 'X-Black-SKU-00000057', 'variant', 54, '2025-08-07 03:49:25', '2025-08-07 03:49:25'),
	(122, 57, 'M-Dark Black-SKU-00000057', 'variant', 35, '2025-08-07 03:49:25', '2025-08-07 03:49:25'),
	(123, 58, 'SKU-00000058', NULL, 234, '2025-08-07 03:49:25', '2025-08-07 03:49:25'),
	(124, 59, 'SKU-00000059', NULL, 97, '2025-08-07 03:49:25', '2025-08-07 03:49:25'),
	(125, 59, 'XL-Black-SKU-00000059', 'variant', 98, '2025-08-07 03:49:25', '2025-08-07 03:49:25'),
	(126, 59, 'X-Violet-SKU-00000059', 'variant', 89, '2025-08-07 03:49:25', '2025-08-07 03:49:25'),
	(127, 59, 'M-White-SKU-00000059', 'variant', 60, '2025-08-07 03:49:25', '2025-08-07 03:49:25'),
	(128, 59, 'M-Dark Black-SKU-00000059', 'variant', 59, '2025-08-07 03:49:25', '2025-08-07 03:49:25'),
	(129, 60, 'SKU-00000060', NULL, 290, '2025-08-07 03:49:25', '2025-08-07 03:49:25'),
	(130, 61, 'SKU-00000061', NULL, 230, '2025-08-07 03:49:25', '2025-08-07 03:49:25'),
	(131, 62, 'SKU-00000062', NULL, 247, '2025-08-07 03:49:25', '2025-08-07 03:49:25'),
	(132, 62, 'X-Red-SKU-00000062', 'variant', 75, '2025-08-07 03:49:25', '2025-08-07 03:49:25'),
	(133, 62, 'XL-Red-SKU-00000062', 'variant', 93, '2025-08-07 03:49:25', '2025-08-07 03:49:25'),
	(134, 62, 'X-Violet-SKU-00000062', 'variant', 83, '2025-08-07 03:49:25', '2025-08-07 03:49:25'),
	(135, 62, 'XL-Black-SKU-00000062', 'variant', 92, '2025-08-07 03:49:25', '2025-08-07 03:49:25'),
	(136, 62, 'L-Pink-SKU-00000062', 'variant', 23, '2025-08-07 03:49:25', '2025-08-07 03:49:25'),
	(137, 63, 'SKU-00000063', NULL, 292, '2025-08-07 03:49:25', '2025-08-07 03:49:25'),
	(138, 64, 'SKU-00000064', NULL, 294, '2025-08-07 03:49:25', '2025-08-07 03:49:25'),
	(139, 64, 'XL-Yellow-SKU-00000064', 'variant', 51, '2025-08-07 03:49:25', '2025-08-07 03:49:25'),
	(140, 64, 'XL-Red-SKU-00000064', 'variant', 74, '2025-08-07 03:49:25', '2025-08-07 03:49:25'),
	(141, 64, 'XXL-Yellow-SKU-00000064', 'variant', 92, '2025-08-07 03:49:25', '2025-08-07 03:49:25'),
	(142, 64, 'L-Green-SKU-00000064', 'variant', 45, '2025-08-07 03:49:25', '2025-08-07 03:49:25'),
	(143, 64, 'L-Sky Blue-SKU-00000064', 'variant', 27, '2025-08-07 03:49:25', '2025-08-07 03:49:25'),
	(144, 64, 'L-Dark Black-SKU-00000064', 'variant', 43, '2025-08-07 03:49:25', '2025-08-07 03:49:25'),
	(145, 65, 'SKU-00000065', NULL, 136, '2025-08-07 03:49:25', '2025-08-07 03:49:25'),
	(146, 66, 'SKU-00000066', NULL, 75, '2025-08-07 03:49:25', '2025-08-07 03:49:25'),
	(147, 67, 'SKU-00000067', NULL, 129, '2025-08-07 03:49:25', '2025-08-07 03:49:25'),
	(148, 68, 'SKU-00000068', NULL, 106, '2025-08-07 03:49:25', '2025-08-07 03:49:25'),
	(149, 69, 'SKU-00000069', NULL, 149, '2025-08-07 03:49:25', '2025-08-07 03:49:25'),
	(150, 70, 'SKU-00000070', NULL, 211, '2025-08-07 03:49:25', '2025-08-07 03:49:25'),
	(151, 71, 'SKU-00000071', NULL, 200, '2025-08-07 03:49:25', '2025-08-07 03:49:25'),
	(152, 72, 'SKU-00000072', NULL, 169, '2025-08-07 03:49:25', '2025-08-07 03:49:25'),
	(153, 73, 'SKU-00000073', NULL, 217, '2025-08-07 03:49:25', '2025-08-07 03:49:25'),
	(154, 74, 'SKU-00000074', NULL, 180, '2025-08-07 03:49:25', '2025-08-07 03:49:25'),
	(155, 75, 'SKU-00000075', NULL, 87, '2025-08-07 03:49:26', '2025-08-07 03:49:26'),
	(156, 76, 'SKU-00000076', NULL, 279, '2025-08-07 03:49:26', '2025-08-07 03:49:26'),
	(157, 77, 'SKU-00000077', NULL, 20, '2025-08-07 03:49:26', '2025-08-07 03:49:26'),
	(158, 78, 'SKU-00000078', NULL, 280, '2025-08-07 03:49:26', '2025-08-07 03:49:26'),
	(159, 79, 'SKU-00000079', NULL, 66, '2025-08-07 03:49:26', '2025-08-07 03:49:26'),
	(160, 80, 'SKU-00000080', NULL, 56, '2025-08-07 03:49:26', '2025-08-07 03:49:26'),
	(161, 80, 'M-Green-SKU-00000080', 'variant', 67, '2025-08-07 03:49:26', '2025-08-07 03:49:26'),
	(162, 80, 'L-Green-SKU-00000080', 'variant', 37, '2025-08-07 03:49:26', '2025-08-07 03:49:26'),
	(163, 80, 'L-Sky Blue-SKU-00000080', 'variant', 36, '2025-08-07 03:49:26', '2025-08-07 03:49:26'),
	(164, 80, 'S-Red-SKU-00000080', 'variant', 78, '2025-08-07 03:49:26', '2025-08-07 03:49:26'),
	(165, 80, 'XXL-Red-SKU-00000080', 'variant', 99, '2025-08-07 03:49:26', '2025-08-07 03:49:26'),
	(166, 80, 'XL-Sky Blue-SKU-00000080', 'variant', 59, '2025-08-07 03:49:26', '2025-08-07 03:49:26'),
	(167, 81, 'SKU-00000081', NULL, 52, '2025-08-07 03:49:26', '2025-08-07 03:49:26');

-- Dumping structure for table topcommerce.tags
DROP TABLE IF EXISTS `tags`;
CREATE TABLE IF NOT EXISTS `tags` (
  `id` bigint(20) unsigned NOT NULL AUTO_INCREMENT,
  `slug` varchar(255) NOT NULL,
  `created_at` timestamp NULL DEFAULT NULL,
  `updated_at` timestamp NULL DEFAULT NULL,
  PRIMARY KEY (`id`),
  UNIQUE KEY `tags_slug_unique` (`slug`)
) ENGINE=InnoDB AUTO_INCREMENT=31 DEFAULT CHARSET=utf8mb4 COLLATE=utf8mb4_unicode_ci;

-- Dumping data for table topcommerce.tags: ~30 rows (approximately)
DELETE FROM `tags`;
INSERT INTO `tags` (`id`, `slug`, `created_at`, `updated_at`) VALUES
	(1, 'aspernatur', '2025-08-07 03:49:21', '2025-08-07 03:49:21'),
	(2, 'et-doloremque', '2025-08-07 03:49:21', '2025-08-07 03:49:21'),
	(3, 'velit', '2025-08-07 03:49:21', '2025-08-07 03:49:21'),
	(4, 'ipsum', '2025-08-07 03:49:21', '2025-08-07 03:49:21'),
	(5, 'deleniti', '2025-08-07 03:49:21', '2025-08-07 03:49:21'),
	(6, 'omnis-sequi', '2025-08-07 03:49:21', '2025-08-07 03:49:21'),
	(7, 'quibusdam', '2025-08-07 03:49:21', '2025-08-07 03:49:21'),
	(8, 'ipsa-et', '2025-08-07 03:49:21', '2025-08-07 03:49:21'),
	(9, 'nostrum', '2025-08-07 03:49:21', '2025-08-07 03:49:21'),
	(10, 'nam-occaecati', '2025-08-07 03:49:21', '2025-08-07 03:49:21'),
	(11, 'nihil-in', '2025-08-07 03:49:21', '2025-08-07 03:49:21'),
	(12, 'quod-aut', '2025-08-07 03:49:21', '2025-08-07 03:49:21'),
	(13, 'voluptate-qui', '2025-08-07 03:49:21', '2025-08-07 03:49:21'),
	(14, 'repellendus', '2025-08-07 03:49:21', '2025-08-07 03:49:21'),
	(15, 'necessitatibus', '2025-08-07 03:49:21', '2025-08-07 03:49:21'),
	(16, 'expedita', '2025-08-07 03:49:21', '2025-08-07 03:49:21'),
	(17, 'vel', '2025-08-07 03:49:21', '2025-08-07 03:49:21'),
	(18, 'temporibus', '2025-08-07 03:49:21', '2025-08-07 03:49:21'),
	(19, 'iusto', '2025-08-07 03:49:21', '2025-08-07 03:49:21'),
	(20, 'sapiente', '2025-08-07 03:49:21', '2025-08-07 03:49:21'),
	(21, 'facilis-fugit', '2025-08-07 03:49:21', '2025-08-07 03:49:21'),
	(22, 'est-facilis', '2025-08-07 03:49:21', '2025-08-07 03:49:21'),
	(23, 'sint', '2025-08-07 03:49:21', '2025-08-07 03:49:21'),
	(24, 'repellendus-nihil', '2025-08-07 03:49:21', '2025-08-07 03:49:21'),
	(25, 'explicabo', '2025-08-07 03:49:21', '2025-08-07 03:49:21'),
	(26, 'officiis', '2025-08-07 03:49:21', '2025-08-07 03:49:21'),
	(27, 'alias', '2025-08-07 03:49:21', '2025-08-07 03:49:21'),
	(28, 'quaerat-aperiam', '2025-08-07 03:49:21', '2025-08-07 03:49:21'),
	(29, 'vero', '2025-08-07 03:49:21', '2025-08-07 03:49:21'),
	(30, 'rerum-quo', '2025-08-07 03:49:21', '2025-08-07 03:49:21');

-- Dumping structure for table topcommerce.tag_translations
DROP TABLE IF EXISTS `tag_translations`;
CREATE TABLE IF NOT EXISTS `tag_translations` (
  `id` int(10) unsigned NOT NULL AUTO_INCREMENT,
  `tag_id` bigint(20) unsigned NOT NULL,
  `lang_code` varchar(255) NOT NULL,
  `name` varchar(255) NOT NULL,
  PRIMARY KEY (`id`),
  UNIQUE KEY `tag_translations_tag_id_lang_code_unique` (`tag_id`,`lang_code`),
  CONSTRAINT `tag_translations_tag_id_foreign` FOREIGN KEY (`tag_id`) REFERENCES `tags` (`id`) ON DELETE CASCADE
) ENGINE=InnoDB AUTO_INCREMENT=61 DEFAULT CHARSET=utf8mb4 COLLATE=utf8mb4_unicode_ci;

-- Dumping data for table topcommerce.tag_translations: ~60 rows (approximately)
DELETE FROM `tag_translations`;
INSERT INTO `tag_translations` (`id`, `tag_id`, `lang_code`, `name`) VALUES
	(1, 1, 'en', 'Aspernatur'),
	(2, 1, 'ar', 'Aspernatur'),
	(3, 2, 'en', 'Et Doloremque'),
	(4, 2, 'ar', 'Et Doloremque'),
	(5, 3, 'en', 'Velit'),
	(6, 3, 'ar', 'Velit'),
	(7, 4, 'en', 'Ipsum'),
	(8, 4, 'ar', 'Ipsum'),
	(9, 5, 'en', 'Deleniti'),
	(10, 5, 'ar', 'Deleniti'),
	(11, 6, 'en', 'Omnis Sequi'),
	(12, 6, 'ar', 'Omnis Sequi'),
	(13, 7, 'en', 'Quibusdam'),
	(14, 7, 'ar', 'Quibusdam'),
	(15, 8, 'en', 'Ipsa Et'),
	(16, 8, 'ar', 'Ipsa Et'),
	(17, 9, 'en', 'Nostrum'),
	(18, 9, 'ar', 'Nostrum'),
	(19, 10, 'en', 'Nam Occaecati'),
	(20, 10, 'ar', 'Nam Occaecati'),
	(21, 11, 'en', 'Nihil In'),
	(22, 11, 'ar', 'Nihil In'),
	(23, 12, 'en', 'Quod Aut'),
	(24, 12, 'ar', 'Quod Aut'),
	(25, 13, 'en', 'Voluptate Qui'),
	(26, 13, 'ar', 'Voluptate Qui'),
	(27, 14, 'en', 'Repellendus'),
	(28, 14, 'ar', 'Repellendus'),
	(29, 15, 'en', 'Necessitatibus'),
	(30, 15, 'ar', 'Necessitatibus'),
	(31, 16, 'en', 'Expedita'),
	(32, 16, 'ar', 'Expedita'),
	(33, 17, 'en', 'Vel'),
	(34, 17, 'ar', 'Vel'),
	(35, 18, 'en', 'Temporibus'),
	(36, 18, 'ar', 'Temporibus'),
	(37, 19, 'en', 'Iusto'),
	(38, 19, 'ar', 'Iusto'),
	(39, 20, 'en', 'Sapiente'),
	(40, 20, 'ar', 'Sapiente'),
	(41, 21, 'en', 'Facilis Fugit'),
	(42, 21, 'ar', 'Facilis Fugit'),
	(43, 22, 'en', 'Est Facilis'),
	(44, 22, 'ar', 'Est Facilis'),
	(45, 23, 'en', 'Sint'),
	(46, 23, 'ar', 'Sint'),
	(47, 24, 'en', 'Repellendus Nihil'),
	(48, 24, 'ar', 'Repellendus Nihil'),
	(49, 25, 'en', 'Explicabo'),
	(50, 25, 'ar', 'Explicabo'),
	(51, 26, 'en', 'Officiis'),
	(52, 26, 'ar', 'Officiis'),
	(53, 27, 'en', 'Alias'),
	(54, 27, 'ar', 'Alias'),
	(55, 28, 'en', 'Quaerat Aperiam'),
	(56, 28, 'ar', 'Quaerat Aperiam'),
	(57, 29, 'en', 'Vero'),
	(58, 29, 'ar', 'Vero'),
	(59, 30, 'en', 'Rerum Quo'),
	(60, 30, 'ar', 'Rerum Quo');

-- Dumping structure for table topcommerce.taxes
DROP TABLE IF EXISTS `taxes`;
CREATE TABLE IF NOT EXISTS `taxes` (
  `id` bigint(20) unsigned NOT NULL AUTO_INCREMENT,
  `slug` varchar(255) NOT NULL,
  `percentage` decimal(8,2) NOT NULL,
  `status` tinyint(1) NOT NULL DEFAULT 1,
  `created_at` timestamp NULL DEFAULT NULL,
  `updated_at` timestamp NULL DEFAULT NULL,
  PRIMARY KEY (`id`)
) ENGINE=InnoDB AUTO_INCREMENT=7 DEFAULT CHARSET=utf8mb4 COLLATE=utf8mb4_unicode_ci;

-- Dumping data for table topcommerce.taxes: ~6 rows (approximately)
DELETE FROM `taxes`;
INSERT INTO `taxes` (`id`, `slug`, `percentage`, `status`, `created_at`, `updated_at`) VALUES
	(1, 'vat', 0.50, 1, '2025-08-07 03:49:19', '2025-08-07 03:49:19'),
	(2, 'gst', 0.11, 1, '2025-08-07 03:49:19', '2025-08-07 03:49:19'),
	(3, 'service_tax', 0.16, 1, '2025-08-07 03:49:19', '2025-08-07 03:49:19'),
	(4, 'income_tax', 0.10, 1, '2025-08-07 03:49:19', '2025-08-07 03:49:19'),
	(5, 'corporate_tax', 0.43, 1, '2025-08-07 03:49:19', '2025-08-07 03:49:19'),
	(6, 'sales_tax', 0.30, 1, '2025-08-07 03:49:19', '2025-08-07 03:49:19');

-- Dumping structure for table topcommerce.tax_translations
DROP TABLE IF EXISTS `tax_translations`;
CREATE TABLE IF NOT EXISTS `tax_translations` (
  `id` bigint(20) unsigned NOT NULL AUTO_INCREMENT,
  `tax_id` bigint(20) unsigned NOT NULL,
  `lang_code` varchar(255) NOT NULL,
  `title` varchar(255) NOT NULL,
  `created_at` timestamp NULL DEFAULT NULL,
  `updated_at` timestamp NULL DEFAULT NULL,
  PRIMARY KEY (`id`),
  KEY `tax_translations_tax_id_foreign` (`tax_id`),
  CONSTRAINT `tax_translations_tax_id_foreign` FOREIGN KEY (`tax_id`) REFERENCES `taxes` (`id`)
) ENGINE=InnoDB AUTO_INCREMENT=13 DEFAULT CHARSET=utf8mb4 COLLATE=utf8mb4_unicode_ci;

-- Dumping data for table topcommerce.tax_translations: ~12 rows (approximately)
DELETE FROM `tax_translations`;
INSERT INTO `tax_translations` (`id`, `tax_id`, `lang_code`, `title`, `created_at`, `updated_at`) VALUES
	(1, 1, 'en', 'Vat', '2025-08-07 03:49:19', '2025-08-07 03:49:19'),
	(2, 1, 'ar', 'Vat', '2025-08-07 03:49:19', '2025-08-07 03:49:19'),
	(3, 2, 'en', 'Gst', '2025-08-07 03:49:19', '2025-08-07 03:49:19'),
	(4, 2, 'ar', 'Gst', '2025-08-07 03:49:19', '2025-08-07 03:49:19'),
	(5, 3, 'en', 'Service_Tax', '2025-08-07 03:49:19', '2025-08-07 03:49:19'),
	(6, 3, 'ar', 'Service_Tax', '2025-08-07 03:49:19', '2025-08-07 03:49:19'),
	(7, 4, 'en', 'Income_Tax', '2025-08-07 03:49:19', '2025-08-07 03:49:19'),
	(8, 4, 'ar', 'Income_Tax', '2025-08-07 03:49:19', '2025-08-07 03:49:19'),
	(9, 5, 'en', 'Corporate_Tax', '2025-08-07 03:49:19', '2025-08-07 03:49:19'),
	(10, 5, 'ar', 'Corporate_Tax', '2025-08-07 03:49:19', '2025-08-07 03:49:19'),
	(11, 6, 'en', 'Sales_Tax', '2025-08-07 03:49:19', '2025-08-07 03:49:19'),
	(12, 6, 'ar', 'Sales_Tax', '2025-08-07 03:49:19', '2025-08-07 03:49:19');

-- Dumping structure for table topcommerce.testimonials
DROP TABLE IF EXISTS `testimonials`;
CREATE TABLE IF NOT EXISTS `testimonials` (
  `id` bigint(20) unsigned NOT NULL AUTO_INCREMENT,
  `image` varchar(255) DEFAULT NULL,
  `rating` varchar(255) DEFAULT '0',
  `status` tinyint(1) NOT NULL DEFAULT 1,
  `created_at` timestamp NULL DEFAULT NULL,
  `updated_at` timestamp NULL DEFAULT NULL,
  PRIMARY KEY (`id`)
) ENGINE=InnoDB AUTO_INCREMENT=6 DEFAULT CHARSET=utf8mb4 COLLATE=utf8mb4_unicode_ci;

-- Dumping data for table topcommerce.testimonials: ~5 rows (approximately)
DELETE FROM `testimonials`;
INSERT INTO `testimonials` (`id`, `image`, `rating`, `status`, `created_at`, `updated_at`) VALUES
	(1, 'website/images/testimonial_img_1.webp', '5', 1, '2025-08-07 03:49:19', '2025-08-07 03:49:19'),
	(2, 'website/images/testimonial_img_2.webp', '5', 1, '2025-08-07 03:49:19', '2025-08-07 03:49:19'),
	(3, 'website/images/testimonial_img_3.webp', '5', 1, '2025-08-07 03:49:19', '2025-08-07 03:49:19'),
	(4, 'website/images/testimonial_img_4.webp', '5', 1, '2025-08-07 03:49:19', '2025-08-07 03:49:19'),
	(5, 'website/images/testimonial_img_2.webp', '5', 1, '2025-08-07 03:49:19', '2025-08-07 03:49:19');

-- Dumping structure for table topcommerce.testimonial_translations
DROP TABLE IF EXISTS `testimonial_translations`;
CREATE TABLE IF NOT EXISTS `testimonial_translations` (
  `id` bigint(20) unsigned NOT NULL AUTO_INCREMENT,
  `testimonial_id` bigint(20) unsigned NOT NULL,
  `lang_code` varchar(255) NOT NULL,
  `name` varchar(255) NOT NULL,
  `designation` varchar(255) NOT NULL,
  `comment` text NOT NULL,
  `created_at` timestamp NULL DEFAULT NULL,
  `updated_at` timestamp NULL DEFAULT NULL,
  PRIMARY KEY (`id`),
  KEY `testimonial_translations_lang_code_index` (`lang_code`)
) ENGINE=InnoDB AUTO_INCREMENT=11 DEFAULT CHARSET=utf8mb4 COLLATE=utf8mb4_unicode_ci;

-- Dumping data for table topcommerce.testimonial_translations: ~10 rows (approximately)
DELETE FROM `testimonial_translations`;
INSERT INTO `testimonial_translations` (`id`, `testimonial_id`, `lang_code`, `name`, `designation`, `comment`, `created_at`, `updated_at`) VALUES
	(1, 1, 'en', 'Hanson Deck', 'Graphic Designer', 'Nauris ut ex dui. Quisque bibendum posuere ague nam puros malasada suscept urn mantis leo. Maecenas macules locus imperdiet luctus turpis porta.', '2025-08-07 03:49:19', '2025-08-07 03:49:19'),
	(2, 1, 'ar', 'Hanson Deck', 'Graphic Designer', 'Nauris ut ex dui. Quisque bibendum posuere ague nam puros malasada suscept urn mantis leo. Maecenas macules locus imperdiet luctus turpis porta.', '2025-08-07 03:49:19', '2025-08-07 03:49:19'),
	(3, 2, 'en', 'Ravi O Leigh', 'Digital Marketer', 'Nauris ut ex dui. Quisque bibendum posuere ague nam puros malasada suscept urn mantis leo. Maecenas macules locus imperdiet luctus turpis porta.', '2025-08-07 03:49:19', '2025-08-07 03:49:19'),
	(4, 2, 'ar', 'Ravi O Leigh', 'Digital Marketer', 'Nauris ut ex dui. Quisque bibendum posuere ague nam puros malasada suscept urn mantis leo. Maecenas macules locus imperdiet luctus turpis porta.', '2025-08-07 03:49:19', '2025-08-07 03:49:19'),
	(5, 3, 'en', 'Fleece Marigold', 'product design', 'Nauris ut ex dui. Quisque bibendum posuere ague nam puros malasada suscept urn mantis leo. Maecenas macules locus imperdiet luctus turpis porta.', '2025-08-07 03:49:19', '2025-08-07 03:49:19'),
	(6, 3, 'ar', 'Fleece Marigold', 'product design', 'Nauris ut ex dui. Quisque bibendum posuere ague nam puros malasada suscept urn mantis leo. Maecenas macules locus imperdiet luctus turpis porta.', '2025-08-07 03:49:19', '2025-08-07 03:49:19'),
	(7, 4, 'en', 'Nalcolm Function', 'co founder', 'Nauris ut ex dui. Quisque bibendum posuere ague nam puros malasada suscept urn mantis leo. Maecenas macules locus imperdiet luctus turpis porta.', '2025-08-07 03:49:19', '2025-08-07 03:49:19'),
	(8, 4, 'ar', 'Nalcolm Function', 'co founder', 'Nauris ut ex dui. Quisque bibendum posuere ague nam puros malasada suscept urn mantis leo. Maecenas macules locus imperdiet luctus turpis porta.', '2025-08-07 03:49:19', '2025-08-07 03:49:19'),
	(9, 5, 'en', 'Ravi Leigh', 'Digital Creator', 'Nauris ut ex dui. Quisque bibendum posuere ague nam puros malasada suscept urn mantis leo. Maecenas macules locus imperdiet luctus turpis porta.', '2025-08-07 03:49:19', '2025-08-07 03:49:19'),
	(10, 5, 'ar', 'Ravi Leigh', 'Digital Creator', 'Nauris ut ex dui. Quisque bibendum posuere ague nam puros malasada suscept urn mantis leo. Maecenas macules locus imperdiet luctus turpis porta.', '2025-08-07 03:49:19', '2025-08-07 03:49:19');

-- Dumping structure for table topcommerce.transaction_histories
DROP TABLE IF EXISTS `transaction_histories`;
CREATE TABLE IF NOT EXISTS `transaction_histories` (
  `id` bigint(20) unsigned NOT NULL AUTO_INCREMENT,
  `order_id` bigint(20) unsigned DEFAULT NULL,
  `user_id` bigint(20) unsigned DEFAULT NULL,
  `vendor_id` bigint(20) unsigned DEFAULT NULL,
  `payment_method` varchar(255) DEFAULT NULL,
  `transaction_id` varchar(255) DEFAULT NULL,
  `payment_details` text DEFAULT NULL,
  `amount` decimal(10,2) DEFAULT NULL,
  `currency` varchar(255) DEFAULT NULL,
  `status` varchar(255) NOT NULL DEFAULT 'success',
  `created_at` timestamp NULL DEFAULT NULL,
  `updated_at` timestamp NULL DEFAULT NULL,
  PRIMARY KEY (`id`)
) ENGINE=InnoDB AUTO_INCREMENT=9 DEFAULT CHARSET=utf8mb4 COLLATE=utf8mb4_unicode_ci;

-- Dumping data for table topcommerce.transaction_histories: ~8 rows (approximately)
DELETE FROM `transaction_histories`;
INSERT INTO `transaction_histories` (`id`, `order_id`, `user_id`, `vendor_id`, `payment_method`, `transaction_id`, `payment_details`, `amount`, `currency`, `status`, `created_at`, `updated_at`) VALUES
	(1, 8, NULL, 1, 'stripe', 'txn_3RtR0YLdrMGLvvfW0bZtmuv4', '{"transaction_id":"txn_3RtR0YLdrMGLvvfW0bZtmuv4","amount":304872,"currency":"usd","paid":true,"description":"Topcommerce","seller_message":"Payment complete.","payment_method":"card_1RtR0XLdrMGLvvfWwecJ7bMB","card_last4_digit":"4242","card_brand":"visa - US","receipt_url":"https:\\/\\/pay.stripe.com\\/receipts\\/payment\\/CAcaFwoVYWNjdF8xRkRScGdMZHJNR0x2dmZXKIv-0cQGMgZyTivZ6hE6LBaWAWZNnyZZlI_SwbSvcj4x5J4rHlclUjl-yfjFpZaFifTae9oRmLZDa5PX","status":"succeeded"}', 3048.72, 'usd', 'completed', '2025-08-07 04:25:24', '2025-08-07 04:25:24'),
	(2, 10, 1001, 6, 'stripe', 'txn_3RtR26LdrMGLvvfW0FFGfZCU', '{"transaction_id":"txn_3RtR26LdrMGLvvfW0FFGfZCU","amount":57310,"currency":"usd","paid":true,"description":"Topcommerce","seller_message":"Payment complete.","payment_method":"card_1RtR25LdrMGLvvfW4gMljMS6","card_last4_digit":"4242","card_brand":"visa - US","receipt_url":"https:\\/\\/pay.stripe.com\\/receipts\\/payment\\/CAcaFwoVYWNjdF8xRkRScGdMZHJNR0x2dmZXKOr-0cQGMgZgRNO9f7Y6LBZWXCCsT-CTVPfFuZ6ANAmk3Ys1HpCDRaVltmcoOKgDz4hqs-kZhLINeTS6","status":"succeeded"}', 573.10, 'usd', 'completed', '2025-08-07 04:27:00', '2025-08-07 04:27:00'),
	(3, 11, 1001, 1, 'stripe', 'txn_3RtRPULdrMGLvvfW3BRPzIfm', '{"transaction_id":"txn_3RtRPULdrMGLvvfW3BRPzIfm","amount":327075,"currency":"usd","paid":true,"description":"Topcommerce","seller_message":"Payment complete.","payment_method":"card_1RtRPTLdrMGLvvfWyt9VX6GV","card_last4_digit":"4242","card_brand":"visa - US","receipt_url":"https:\\/\\/pay.stripe.com\\/receipts\\/payment\\/CAcaFwoVYWNjdF8xRkRScGdMZHJNR0x2dmZXKJWK0sQGMgZMBEJ3LIM6LBZi1wRBwJMG3cna7yDrQqFIE5NfjbbuPtX33ZtNtnaGSngUQ_IsGot0xJDl","status":"succeeded"}', 3270.75, 'usd', 'completed', '2025-08-07 04:51:10', '2025-08-07 04:51:10'),
	(4, 12, 1001, 8, 'stripe', 'txn_3RtRPULdrMGLvvfW3BRPzIfm', '{"transaction_id":"txn_3RtRPULdrMGLvvfW3BRPzIfm","amount":327075,"currency":"usd","paid":true,"description":"Topcommerce","seller_message":"Payment complete.","payment_method":"card_1RtRPTLdrMGLvvfWyt9VX6GV","card_last4_digit":"4242","card_brand":"visa - US","receipt_url":"https:\\/\\/pay.stripe.com\\/receipts\\/payment\\/CAcaFwoVYWNjdF8xRkRScGdMZHJNR0x2dmZXKJWK0sQGMgZMBEJ3LIM6LBZi1wRBwJMG3cna7yDrQqFIE5NfjbbuPtX33ZtNtnaGSngUQ_IsGot0xJDl","status":"succeeded"}', 3270.75, 'usd', 'completed', '2025-08-07 04:51:16', '2025-08-07 04:51:16'),
	(5, 13, 1001, 7, 'stripe', 'txn_3RtRPULdrMGLvvfW3BRPzIfm', '{"transaction_id":"txn_3RtRPULdrMGLvvfW3BRPzIfm","amount":327075,"currency":"usd","paid":true,"description":"Topcommerce","seller_message":"Payment complete.","payment_method":"card_1RtRPTLdrMGLvvfWyt9VX6GV","card_last4_digit":"4242","card_brand":"visa - US","receipt_url":"https:\\/\\/pay.stripe.com\\/receipts\\/payment\\/CAcaFwoVYWNjdF8xRkRScGdMZHJNR0x2dmZXKJWK0sQGMgZMBEJ3LIM6LBZi1wRBwJMG3cna7yDrQqFIE5NfjbbuPtX33ZtNtnaGSngUQ_IsGot0xJDl","status":"succeeded"}', 3270.75, 'usd', 'completed', '2025-08-07 04:51:24', '2025-08-07 04:51:24'),
	(6, 9, 1001, 5, 'stripe', 'txn_3RtR26LdrMGLvvfW0FFGfZCU', '{"transaction_id":"txn_3RtR26LdrMGLvvfW0FFGfZCU","amount":57310,"currency":"usd","paid":true,"description":"Topcommerce","seller_message":"Payment complete.","payment_method":"card_1RtR25LdrMGLvvfW4gMljMS6","card_last4_digit":"4242","card_brand":"visa - US","receipt_url":"https:\\/\\/pay.stripe.com\\/receipts\\/payment\\/CAcaFwoVYWNjdF8xRkRScGdMZHJNR0x2dmZXKOr-0cQGMgZgRNO9f7Y6LBZWXCCsT-CTVPfFuZ6ANAmk3Ys1HpCDRaVltmcoOKgDz4hqs-kZhLINeTS6","status":"succeeded"}', 573.10, 'usd', 'completed', '2025-08-07 04:54:06', '2025-08-07 04:54:06'),
	(7, 14, 1002, 5, 'stripe', 'txn_3RtRWVLdrMGLvvfW16awTpyw', '{"transaction_id":"txn_3RtRWVLdrMGLvvfW16awTpyw","amount":120132,"currency":"usd","paid":true,"description":"Topcommerce","seller_message":"Payment complete.","payment_method":"card_1RtRWULdrMGLvvfWFdpOHzqx","card_last4_digit":"4242","card_brand":"visa - US","receipt_url":"https:\\/\\/pay.stripe.com\\/receipts\\/payment\\/CAcaFwoVYWNjdF8xRkRScGdMZHJNR0x2dmZXKMiN0sQGMgZb-9F4OVo6LBYbIa0rwxv8OWvScxW05HKbeSEtfIUBPxDXw3X1A6fJhcwJJs5_-mrvyrBa","status":"succeeded"}', 1201.32, 'usd', 'completed', '2025-08-07 04:58:25', '2025-08-07 04:58:25'),
	(8, 15, 1002, 8, 'stripe', 'txn_3RtRWVLdrMGLvvfW16awTpyw', '{"transaction_id":"txn_3RtRWVLdrMGLvvfW16awTpyw","amount":120132,"currency":"usd","paid":true,"description":"Topcommerce","seller_message":"Payment complete.","payment_method":"card_1RtRWULdrMGLvvfWFdpOHzqx","card_last4_digit":"4242","card_brand":"visa - US","receipt_url":"https:\\/\\/pay.stripe.com\\/receipts\\/payment\\/CAcaFwoVYWNjdF8xRkRScGdMZHJNR0x2dmZXKMiN0sQGMgZb-9F4OVo6LBYbIa0rwxv8OWvScxW05HKbeSEtfIUBPxDXw3X1A6fJhcwJJs5_-mrvyrBa","status":"succeeded"}', 1201.32, 'usd', 'completed', '2025-08-07 04:58:31', '2025-08-07 04:58:31');

-- Dumping structure for table topcommerce.unit_types
DROP TABLE IF EXISTS `unit_types`;
CREATE TABLE IF NOT EXISTS `unit_types` (
  `id` bigint(20) unsigned NOT NULL AUTO_INCREMENT,
  `name` varchar(250) NOT NULL,
  `ShortName` varchar(192) NOT NULL,
  `base_unit` int(11) DEFAULT NULL,
  `operator` char(192) DEFAULT '*',
  `operator_value` double DEFAULT 1,
  `status` tinyint(1) NOT NULL DEFAULT 0,
  `created_at` timestamp NULL DEFAULT NULL,
  `updated_at` timestamp NULL DEFAULT NULL,
  PRIMARY KEY (`id`),
  KEY `base_unit` (`base_unit`)
) ENGINE=InnoDB AUTO_INCREMENT=6 DEFAULT CHARSET=utf8mb4 COLLATE=utf8mb4_unicode_ci;

-- Dumping data for table topcommerce.unit_types: ~5 rows (approximately)
DELETE FROM `unit_types`;
INSERT INTO `unit_types` (`id`, `name`, `ShortName`, `base_unit`, `operator`, `operator_value`, `status`, `created_at`, `updated_at`) VALUES
	(1, 'Kilogram', 'kg', NULL, '*', 1, 1, '2025-08-07 03:49:21', '2025-08-07 03:49:21'),
	(2, 'Gram', 'g', 1, '/', 1000, 1, '2025-08-07 03:49:21', '2025-08-07 03:49:21'),
	(3, 'Liter', 'l', NULL, '*', 1, 1, '2025-08-07 03:49:21', '2025-08-07 03:49:21'),
	(4, 'Milliliter', 'ml', 3, '/', 1000, 1, '2025-08-07 03:49:21', '2025-08-07 03:49:21'),
	(5, 'Piece', 'pc', NULL, '*', 1, 1, '2025-08-07 03:49:21', '2025-08-07 03:49:21');

-- Dumping structure for table topcommerce.users
DROP TABLE IF EXISTS `users`;
CREATE TABLE IF NOT EXISTS `users` (
  `id` bigint(20) unsigned NOT NULL AUTO_INCREMENT,
  `name` varchar(255) NOT NULL,
  `email` varchar(255) NOT NULL,
  `email_verified_at` timestamp NULL DEFAULT NULL,
  `password` varchar(255) NOT NULL,
  `image` varchar(255) DEFAULT NULL,
  `bio` text DEFAULT NULL,
  `phone` varchar(255) DEFAULT NULL,
  `birthday` date DEFAULT NULL,
  `gender` enum('male','female','other') DEFAULT NULL,
  `country_id` varchar(255) DEFAULT NULL,
  `state_id` varchar(255) DEFAULT NULL,
  `city_id` varchar(255) DEFAULT NULL,
  `zip_code` varchar(255) DEFAULT NULL,
  `address` varchar(255) DEFAULT NULL,
  `forget_password_token` varchar(255) DEFAULT NULL,
  `verification_token` varchar(255) DEFAULT NULL,
  `is_banned` varchar(255) NOT NULL DEFAULT 'no',
  `status` varchar(255) NOT NULL DEFAULT 'active',
  `remember_token` varchar(100) DEFAULT NULL,
  `created_at` timestamp NULL DEFAULT NULL,
  `updated_at` timestamp NULL DEFAULT NULL,
  `wallet_balance` decimal(8,2) NOT NULL DEFAULT 0.00,
  PRIMARY KEY (`id`),
  UNIQUE KEY `users_email_unique` (`email`)
) ENGINE=InnoDB AUTO_INCREMENT=1010 DEFAULT CHARSET=utf8mb4 COLLATE=utf8mb4_unicode_ci;

-- Dumping data for table topcommerce.users: ~9 rows (approximately)
DELETE FROM `users`;
INSERT INTO `users` (`id`, `name`, `email`, `email_verified_at`, `password`, `image`, `bio`, `phone`, `birthday`, `gender`, `country_id`, `state_id`, `city_id`, `zip_code`, `address`, `forget_password_token`, `verification_token`, `is_banned`, `status`, `remember_token`, `created_at`, `updated_at`, `wallet_balance`) VALUES
	(1001, 'John Doe', 'user@gmail.com', '2025-08-07 03:49:17', '$2y$12$/SXC46ptUyTA4kowUUw7Pe0ZDnCVPxit/AFrOw9kXyuA8xdRwH0TS', NULL, 'Et eos aut fuga nihil recusandae. Asperiores rem rerum qui distinctio perspiciatis aut.', '1-260-953-4711', '1981-05-16', 'male', '4', '19', '92', '60965', '1749 Jakubowski Mews\nNew Lora, ME 77555', NULL, NULL, 'no', 'active', NULL, '2025-08-07 03:49:17', '2025-08-07 03:49:17', 0.00),
	(1002, 'John Vendor', 'vendor@gmail.com', '2025-08-07 03:49:17', '$2y$12$r//TTcJNB8ihNzNatiPfButKRXklhDGyV5TapvB39yia/JktwNUwi', NULL, 'Sit eos expedita aut dolorem. Iusto sit nulla omnis id et.', '985.546.4597', '2015-02-01', 'male', '4', '18', '87', '24405-9847', '5741 Armand Hills\nGleasonfort, MD 04639-8120', NULL, NULL, 'no', 'active', NULL, '2025-08-07 03:49:17', '2025-08-07 04:55:49', 995.36),
	(1003, 'Lavada Metz', 'lonzo.corkery@example.net', '2025-08-07 03:49:17', '$2y$12$dTpPdhyetfKyvCQe9cyrEuCiw1E2mz73k8Dl05wv6F6Fy.HnhysZC', NULL, NULL, NULL, NULL, NULL, NULL, NULL, NULL, NULL, NULL, NULL, NULL, 'no', 'active', NULL, '2025-08-07 03:49:18', '2025-08-07 03:49:18', 0.00),
	(1004, 'Ms. Jackie Schmitt', 'alessia37@example.com', '2025-08-07 03:49:18', '$2y$12$Mymk7.VgjASl9K2h/sQYqux00tth/mLt0LyMCWGkOolZA.cpoaTlW', NULL, NULL, NULL, NULL, NULL, NULL, NULL, NULL, NULL, NULL, NULL, NULL, 'no', 'active', NULL, '2025-08-07 03:49:18', '2025-08-07 03:49:18', 0.00),
	(1005, 'Carmelo Mertz', 'dejon.block@example.com', '2025-08-07 03:49:18', '$2y$12$PSSOk1RaSy.s4W5Q4McmnOLWPnB1f31kRAxUr1skP8OspWyjIAXWu', NULL, NULL, NULL, NULL, NULL, NULL, NULL, NULL, NULL, NULL, NULL, NULL, 'no', 'active', NULL, '2025-08-07 03:49:18', '2025-08-07 03:49:18', 0.00),
	(1006, 'Bart Wehner', 'ujaskolski@example.com', '2025-08-07 03:49:18', '$2y$12$S2nnLKg60Fzbp0r4OVWoKOAUIvUw/uhY02X9ZwH5o5o4.au9rGcW6', NULL, NULL, NULL, NULL, NULL, NULL, NULL, NULL, NULL, NULL, NULL, NULL, 'no', 'active', NULL, '2025-08-07 03:49:18', '2025-08-07 04:58:17', 114.68),
	(1007, 'Faye Legros', 'feil.lonny@example.net', '2025-08-07 03:49:18', '$2y$12$.Rz8lOjF/M7vxKMJp64rvuRSX3kbJMKQ8W7t65BFzVZ26WoSsRv1y', NULL, NULL, NULL, NULL, NULL, NULL, NULL, NULL, NULL, NULL, NULL, NULL, 'no', 'active', NULL, '2025-08-07 03:49:18', '2025-08-07 04:26:52', 479.50),
	(1008, 'Ciara Carter I', 'ucruickshank@example.com', '2025-08-07 03:49:18', '$2y$12$EJ5dahLDHTR71.N1LZEaCOlAejjCxrp8uMVArqNwZ7ZbU5U5f.TdW', NULL, NULL, NULL, NULL, NULL, NULL, NULL, NULL, NULL, NULL, NULL, NULL, 'no', 'active', NULL, '2025-08-07 03:49:18', '2025-08-07 04:51:20', 1081.33),
	(1009, 'Chesley Luettgen', 'ella.wilderman@example.com', '2025-08-07 03:49:18', '$2y$12$aV8ghutlDD/rCPWIwctjfujGWRdIaC5EkLMSGwjzaoVsq6Cp8x/im', NULL, NULL, NULL, NULL, NULL, NULL, NULL, NULL, NULL, NULL, NULL, NULL, 'no', 'active', NULL, '2025-08-07 03:49:19', '2025-08-07 04:58:28', 3245.82);

-- Dumping structure for table topcommerce.variants
DROP TABLE IF EXISTS `variants`;
CREATE TABLE IF NOT EXISTS `variants` (
  `id` bigint(20) unsigned NOT NULL AUTO_INCREMENT,
  `product_id` bigint(20) unsigned NOT NULL,
  `price` decimal(10,2) NOT NULL DEFAULT 0.00,
  `offer_price` decimal(10,2) DEFAULT NULL,
  `offer_price_type` enum('fixed','percentage') DEFAULT 'fixed',
  `offer_price_start` date DEFAULT NULL,
  `offer_price_end` date DEFAULT NULL,
  `is_flash_deal` tinyint(1) NOT NULL DEFAULT 0,
  `flash_deal_start` date DEFAULT NULL,
  `flash_deal_end` date DEFAULT NULL,
  `flash_deal_price` decimal(10,2) NOT NULL DEFAULT 0.00,
  `flash_deal_qty` int(11) NOT NULL DEFAULT 0,
  `is_default` tinyint(1) NOT NULL DEFAULT 0,
  `status` tinyint(1) NOT NULL DEFAULT 1,
  `image` varchar(255) DEFAULT NULL,
  `sku` varchar(255) DEFAULT NULL,
  `created_at` timestamp NULL DEFAULT NULL,
  `updated_at` timestamp NULL DEFAULT NULL,
  PRIMARY KEY (`id`),
  UNIQUE KEY `variants_sku_unique` (`sku`),
  KEY `variants_product_id_foreign` (`product_id`),
  CONSTRAINT `variants_product_id_foreign` FOREIGN KEY (`product_id`) REFERENCES `products` (`id`) ON DELETE CASCADE
) ENGINE=InnoDB AUTO_INCREMENT=92 DEFAULT CHARSET=utf8mb4 COLLATE=utf8mb4_unicode_ci;

-- Dumping data for table topcommerce.variants: ~91 rows (approximately)
DELETE FROM `variants`;
INSERT INTO `variants` (`id`, `product_id`, `price`, `offer_price`, `offer_price_type`, `offer_price_start`, `offer_price_end`, `is_flash_deal`, `flash_deal_start`, `flash_deal_end`, `flash_deal_price`, `flash_deal_qty`, `is_default`, `status`, `image`, `sku`, `created_at`, `updated_at`) VALUES
	(1, 3, 1310.31, NULL, 'fixed', NULL, NULL, 0, NULL, NULL, 0.00, 0, 1, 1, 'website/images/products/product_12.webp', 'S-Dark Black-SKU-00000003', '2025-08-07 03:49:21', '2025-08-07 03:49:21'),
	(2, 3, 1151.36, NULL, 'fixed', NULL, NULL, 0, NULL, NULL, 0.00, 0, 0, 1, 'website/images/products/product_56.webp', 'XXL-Violet-SKU-00000003', '2025-08-07 03:49:21', '2025-08-07 03:49:21'),
	(3, 3, 1278.37, NULL, 'fixed', NULL, NULL, 0, NULL, NULL, 0.00, 0, 0, 1, 'website/images/products/product_15.webp', 'M-Red-SKU-00000003', '2025-08-07 03:49:21', '2025-08-07 03:49:21'),
	(4, 4, 190.73, NULL, 'fixed', NULL, NULL, 0, NULL, NULL, 0.00, 0, 1, 1, 'website/images/products/product_15.webp', 'XL-Violet-SKU-00000004', '2025-08-07 03:49:21', '2025-08-07 03:49:21'),
	(5, 4, 71.10, NULL, 'fixed', NULL, NULL, 0, NULL, NULL, 0.00, 0, 0, 1, 'website/images/products/product_25.webp', 'XXL-Sky Blue-SKU-00000004', '2025-08-07 03:49:21', '2025-08-07 03:49:21'),
	(6, 4, 126.84, NULL, 'fixed', NULL, NULL, 0, NULL, NULL, 0.00, 0, 0, 1, 'website/images/products/product_48.webp', 'XXL-Red-SKU-00000004', '2025-08-07 03:49:21', '2025-08-07 03:49:21'),
	(7, 4, 174.59, NULL, 'fixed', NULL, NULL, 0, NULL, NULL, 0.00, 0, 0, 1, 'website/images/products/product_4.webp', 'XXL-Black-SKU-00000004', '2025-08-07 03:49:21', '2025-08-07 03:49:21'),
	(8, 6, 270.17, NULL, 'fixed', NULL, NULL, 0, NULL, NULL, 0.00, 0, 1, 1, 'website/images/products/product_5.webp', 'S-Sky Blue-SKU-00000006', '2025-08-07 03:49:21', '2025-08-07 03:49:21'),
	(9, 6, 422.45, NULL, 'fixed', NULL, NULL, 0, NULL, NULL, 0.00, 0, 0, 1, 'website/images/products/product_48.webp', 'X-Black-SKU-00000006', '2025-08-07 03:49:21', '2025-08-07 03:49:21'),
	(10, 6, 168.10, NULL, 'fixed', NULL, NULL, 0, NULL, NULL, 0.00, 0, 0, 1, 'website/images/products/product_36.webp', 'L-Sky Blue-SKU-00000006', '2025-08-07 03:49:21', '2025-08-07 03:49:21'),
	(11, 6, 223.06, NULL, 'fixed', NULL, NULL, 0, NULL, NULL, 0.00, 0, 0, 1, 'website/images/products/product_42.webp', 'X-White-SKU-00000006', '2025-08-07 03:49:21', '2025-08-07 03:49:21'),
	(12, 7, 96.96, NULL, 'fixed', NULL, NULL, 0, NULL, NULL, 0.00, 0, 1, 1, 'website/images/products/product_17.webp', 'L-Green-SKU-00000007', '2025-08-07 03:49:22', '2025-08-07 03:49:22'),
	(13, 7, 95.69, NULL, 'fixed', NULL, NULL, 0, NULL, NULL, 0.00, 0, 0, 1, 'website/images/products/product_24.webp', 'XL-White-SKU-00000007', '2025-08-07 03:49:22', '2025-08-07 03:49:22'),
	(14, 7, 76.26, NULL, 'fixed', NULL, NULL, 0, NULL, NULL, 0.00, 0, 0, 1, 'website/images/products/product_7.webp', 'S-Pink-SKU-00000007', '2025-08-07 03:49:22', '2025-08-07 03:49:22'),
	(15, 7, 100.48, NULL, 'fixed', NULL, NULL, 0, NULL, NULL, 0.00, 0, 0, 1, 'website/images/products/product_5.webp', 'X-Pink-SKU-00000007', '2025-08-07 03:49:22', '2025-08-07 03:49:22'),
	(16, 7, 84.27, NULL, 'fixed', NULL, NULL, 0, NULL, NULL, 0.00, 0, 0, 1, 'website/images/products/product_48.webp', 'X-Black-SKU-00000007', '2025-08-07 03:49:22', '2025-08-07 03:49:22'),
	(17, 10, 1292.53, NULL, 'fixed', NULL, NULL, 0, NULL, NULL, 0.00, 0, 1, 1, 'website/images/products/product_31.webp', 'S-Sky Blue-SKU-00000010', '2025-08-07 03:49:22', '2025-08-07 03:49:22'),
	(18, 10, 1300.49, NULL, 'fixed', NULL, NULL, 0, NULL, NULL, 0.00, 0, 0, 1, 'website/images/products/product_8.webp', 'X-Black-SKU-00000010', '2025-08-07 03:49:22', '2025-08-07 03:49:22'),
	(19, 10, 1355.02, NULL, 'fixed', NULL, NULL, 0, NULL, NULL, 0.00, 0, 0, 1, 'website/images/products/product_24.webp', 'L-Sky Blue-SKU-00000010', '2025-08-07 03:49:22', '2025-08-07 03:49:22'),
	(20, 10, 1386.41, NULL, 'fixed', NULL, NULL, 0, NULL, NULL, 0.00, 0, 0, 1, 'website/images/products/product_17.webp', 'S-Black-SKU-00000010', '2025-08-07 03:49:22', '2025-08-07 03:49:22'),
	(21, 10, 1268.40, NULL, 'fixed', NULL, NULL, 0, NULL, NULL, 0.00, 0, 0, 1, 'website/images/products/product_38.webp', 'M-Black-SKU-00000010', '2025-08-07 03:49:22', '2025-08-07 03:49:22'),
	(22, 11, 548.71, NULL, 'fixed', NULL, NULL, 0, NULL, NULL, 0.00, 0, 1, 1, 'website/images/products/product_3.webp', 'M-Dark Black-SKU-00000011', '2025-08-07 03:49:22', '2025-08-07 03:49:22'),
	(23, 11, 354.11, NULL, 'fixed', NULL, NULL, 0, NULL, NULL, 0.00, 0, 0, 1, 'website/images/products/product_43.webp', 'M-Sky Blue-SKU-00000011', '2025-08-07 03:49:22', '2025-08-07 03:49:22'),
	(24, 11, 579.97, NULL, 'fixed', NULL, NULL, 0, NULL, NULL, 0.00, 0, 0, 1, 'website/images/products/product_31.webp', 'X-Violet-SKU-00000011', '2025-08-07 03:49:22', '2025-08-07 03:49:22'),
	(25, 11, 537.54, NULL, 'fixed', NULL, NULL, 0, NULL, NULL, 0.00, 0, 0, 1, 'website/images/products/product_52.webp', 'M-White-SKU-00000011', '2025-08-07 03:49:22', '2025-08-07 03:49:22'),
	(26, 11, 426.22, NULL, 'fixed', NULL, NULL, 0, NULL, NULL, 0.00, 0, 0, 1, 'website/images/products/product_48.webp', 'L-Yellow-SKU-00000011', '2025-08-07 03:49:22', '2025-08-07 03:49:22'),
	(27, 11, 559.81, NULL, 'fixed', NULL, NULL, 0, NULL, NULL, 0.00, 0, 0, 1, 'website/images/products/product_15.webp', 'M-Black-SKU-00000011', '2025-08-07 03:49:22', '2025-08-07 03:49:22'),
	(28, 23, 1652.14, NULL, 'fixed', NULL, NULL, 0, NULL, NULL, 0.00, 0, 1, 1, 'website/images/products/product_3.webp', 'X-White-SKU-00000023', '2025-08-07 03:49:22', '2025-08-07 03:49:22'),
	(29, 23, 1529.47, NULL, 'fixed', NULL, NULL, 0, NULL, NULL, 0.00, 0, 0, 1, 'website/images/products/product_17.webp', 'X-Sky Blue-SKU-00000023', '2025-08-07 03:49:22', '2025-08-07 03:49:22'),
	(30, 26, 585.37, NULL, 'fixed', NULL, NULL, 0, NULL, NULL, 0.00, 0, 1, 1, 'website/images/products/product_40.webp', 'XXL-Black-SKU-00000026', '2025-08-07 03:49:23', '2025-08-07 03:49:23'),
	(31, 26, 501.14, NULL, 'fixed', NULL, NULL, 0, NULL, NULL, 0.00, 0, 0, 1, 'website/images/products/product_33.webp', 'XL-Green-SKU-00000026', '2025-08-07 03:49:23', '2025-08-07 03:49:23'),
	(32, 26, 522.20, NULL, 'fixed', NULL, NULL, 0, NULL, NULL, 0.00, 0, 0, 1, 'website/images/products/product_17.webp', 'M-Dark Black-SKU-00000026', '2025-08-07 03:49:23', '2025-08-07 03:49:23'),
	(33, 26, 408.76, NULL, 'fixed', NULL, NULL, 0, NULL, NULL, 0.00, 0, 0, 1, 'website/images/products/product_44.webp', 'X-Black-SKU-00000026', '2025-08-07 03:49:23', '2025-08-07 03:49:23'),
	(34, 29, 1367.85, NULL, 'fixed', NULL, NULL, 0, NULL, NULL, 0.00, 0, 1, 1, 'website/images/products/product_6.webp', 'L-Sky Blue-SKU-00000029', '2025-08-07 03:49:23', '2025-08-07 03:49:23'),
	(35, 29, 1416.78, NULL, 'fixed', NULL, NULL, 0, NULL, NULL, 0.00, 0, 0, 1, 'website/images/products/product_49.webp', 'XL-Green-SKU-00000029', '2025-08-07 03:49:23', '2025-08-07 03:49:23'),
	(36, 29, 1411.93, NULL, 'fixed', NULL, NULL, 0, NULL, NULL, 0.00, 0, 0, 1, 'website/images/products/product_32.webp', 'XL-Sky Blue-SKU-00000029', '2025-08-07 03:49:23', '2025-08-07 03:49:23'),
	(37, 29, 1230.60, NULL, 'fixed', NULL, NULL, 0, NULL, NULL, 0.00, 0, 0, 1, 'website/images/products/product_17.webp', 'M-White-SKU-00000029', '2025-08-07 03:49:23', '2025-08-07 03:49:23'),
	(38, 29, 1371.21, NULL, 'fixed', NULL, NULL, 0, NULL, NULL, 0.00, 0, 0, 1, 'website/images/products/product_48.webp', 'X-Violet-SKU-00000029', '2025-08-07 03:49:23', '2025-08-07 03:49:23'),
	(39, 32, 656.06, NULL, 'fixed', NULL, NULL, 0, NULL, NULL, 0.00, 0, 1, 1, 'website/images/products/product_45.webp', 'XXL-Black-SKU-00000032', '2025-08-07 03:49:23', '2025-08-07 03:49:23'),
	(40, 32, 698.74, NULL, 'fixed', NULL, NULL, 0, NULL, NULL, 0.00, 0, 0, 1, 'website/images/products/product_15.webp', 'XXL-Yellow-SKU-00000032', '2025-08-07 03:49:23', '2025-08-07 03:49:23'),
	(41, 32, 762.82, NULL, 'fixed', NULL, NULL, 0, NULL, NULL, 0.00, 0, 0, 1, 'website/images/products/product_57.webp', 'XL-Sky Blue-SKU-00000032', '2025-08-07 03:49:23', '2025-08-07 03:49:23'),
	(42, 32, 745.05, NULL, 'fixed', NULL, NULL, 0, NULL, NULL, 0.00, 0, 0, 1, 'website/images/products/product_33.webp', 'XXL-Pink-SKU-00000032', '2025-08-07 03:49:23', '2025-08-07 03:49:23'),
	(43, 32, 702.13, NULL, 'fixed', NULL, NULL, 0, NULL, NULL, 0.00, 0, 0, 1, 'website/images/products/product_43.webp', 'XL-Yellow-SKU-00000032', '2025-08-07 03:49:23', '2025-08-07 03:49:23'),
	(44, 35, 942.79, NULL, 'fixed', NULL, NULL, 0, NULL, NULL, 0.00, 0, 1, 1, 'website/images/products/product_15.webp', 'XXL-Dark Black-SKU-00000035', '2025-08-07 03:49:23', '2025-08-07 03:49:23'),
	(45, 35, 1022.15, NULL, 'fixed', NULL, NULL, 0, NULL, NULL, 0.00, 0, 0, 1, 'website/images/products/product_2.webp', 'S-Green-SKU-00000035', '2025-08-07 03:49:23', '2025-08-07 03:49:23'),
	(46, 36, 312.45, NULL, 'fixed', NULL, NULL, 0, NULL, NULL, 0.00, 0, 1, 1, 'website/images/products/product_10.webp', 'M-Red-SKU-00000036', '2025-08-07 03:49:23', '2025-08-07 03:49:23'),
	(47, 36, 362.38, NULL, 'fixed', NULL, NULL, 0, NULL, NULL, 0.00, 0, 0, 1, 'website/images/products/product_8.webp', 'XL-Dark Black-SKU-00000036', '2025-08-07 03:49:23', '2025-08-07 03:49:23'),
	(48, 36, 284.59, NULL, 'fixed', NULL, NULL, 0, NULL, NULL, 0.00, 0, 0, 1, 'website/images/products/product_55.webp', 'X-Violet-SKU-00000036', '2025-08-07 03:49:23', '2025-08-07 03:49:23'),
	(49, 36, 311.45, NULL, 'fixed', NULL, NULL, 0, NULL, NULL, 0.00, 0, 0, 1, 'website/images/products/product_15.webp', 'L-Yellow-SKU-00000036', '2025-08-07 03:49:23', '2025-08-07 03:49:23'),
	(50, 37, 1660.12, NULL, 'fixed', NULL, NULL, 0, NULL, NULL, 0.00, 0, 1, 1, 'website/images/products/product_33.webp', 'S-Red-SKU-00000037', '2025-08-07 03:49:23', '2025-08-07 03:49:23'),
	(51, 37, 1766.83, NULL, 'fixed', NULL, NULL, 0, NULL, NULL, 0.00, 0, 0, 1, 'website/images/products/product_43.webp', 'XXL-Sky Blue-SKU-00000037', '2025-08-07 03:49:23', '2025-08-07 03:49:23'),
	(52, 37, 1619.01, NULL, 'fixed', NULL, NULL, 0, NULL, NULL, 0.00, 0, 0, 1, 'website/images/products/product_36.webp', 'S-Black-SKU-00000037', '2025-08-07 03:49:23', '2025-08-07 03:49:23'),
	(53, 39, 1315.02, NULL, 'fixed', NULL, NULL, 0, NULL, NULL, 0.00, 0, 1, 1, 'website/images/products/product_34.webp', 'S-Red-SKU-00000039', '2025-08-07 03:49:23', '2025-08-07 03:49:23'),
	(54, 39, 1498.18, NULL, 'fixed', NULL, NULL, 0, NULL, NULL, 0.00, 0, 0, 1, 'website/images/products/product_2.webp', 'XL-Red-SKU-00000039', '2025-08-07 03:49:23', '2025-08-07 03:49:23'),
	(55, 41, 469.57, NULL, 'fixed', NULL, NULL, 0, NULL, NULL, 0.00, 0, 1, 1, 'website/images/products/product_7.webp', 'XL-Yellow-SKU-00000041', '2025-08-07 03:49:24', '2025-08-07 03:49:24'),
	(56, 41, 492.43, NULL, 'fixed', NULL, NULL, 0, NULL, NULL, 0.00, 0, 0, 1, 'website/images/products/product_4.webp', 'S-Dark Black-SKU-00000041', '2025-08-07 03:49:24', '2025-08-07 03:49:24'),
	(57, 42, 1867.96, NULL, 'fixed', NULL, NULL, 0, NULL, NULL, 0.00, 0, 1, 1, 'website/images/products/product_14.webp', 'XXL-Red-SKU-00000042', '2025-08-07 03:49:24', '2025-08-07 03:49:24'),
	(58, 42, 1840.13, NULL, 'fixed', NULL, NULL, 0, NULL, NULL, 0.00, 0, 0, 1, 'website/images/products/product_48.webp', 'XL-White-SKU-00000042', '2025-08-07 03:49:24', '2025-08-07 03:49:24'),
	(59, 42, 1976.94, NULL, 'fixed', NULL, NULL, 0, NULL, NULL, 0.00, 0, 0, 1, 'website/images/products/product_12.webp', 'XL-Violet-SKU-00000042', '2025-08-07 03:49:24', '2025-08-07 03:49:24'),
	(60, 45, 1418.91, NULL, 'fixed', NULL, NULL, 0, NULL, NULL, 0.00, 0, 1, 1, 'website/images/products/product_55.webp', 'M-Pink-SKU-00000045', '2025-08-07 03:49:24', '2025-08-07 03:49:24'),
	(61, 45, 1503.85, NULL, 'fixed', NULL, NULL, 0, NULL, NULL, 0.00, 0, 0, 1, 'website/images/products/product_6.webp', 'X-Yellow-SKU-00000045', '2025-08-07 03:49:24', '2025-08-07 03:49:24'),
	(62, 45, 1396.28, NULL, 'fixed', NULL, NULL, 0, NULL, NULL, 0.00, 0, 0, 1, 'website/images/products/product_55.webp', 'XXL-Black-SKU-00000045', '2025-08-07 03:49:24', '2025-08-07 03:49:24'),
	(63, 45, 1439.05, NULL, 'fixed', NULL, NULL, 0, NULL, NULL, 0.00, 0, 0, 1, 'website/images/products/product_35.webp', 'XXL-Green-SKU-00000045', '2025-08-07 03:49:24', '2025-08-07 03:49:24'),
	(64, 55, 141.15, NULL, 'fixed', NULL, NULL, 0, NULL, NULL, 0.00, 0, 1, 1, 'website/images/products/product_51.webp', 'XL-Green-SKU-00000055', '2025-08-07 03:49:24', '2025-08-07 03:49:24'),
	(65, 55, 137.11, NULL, 'fixed', NULL, NULL, 0, NULL, NULL, 0.00, 0, 0, 1, 'website/images/products/product_55.webp', 'L-Red-SKU-00000055', '2025-08-07 03:49:24', '2025-08-07 03:49:24'),
	(66, 57, 428.69, NULL, 'fixed', NULL, NULL, 0, NULL, NULL, 0.00, 0, 1, 1, 'website/images/products/product_52.webp', 'L-Yellow-SKU-00000057', '2025-08-07 03:49:24', '2025-08-07 03:49:24'),
	(67, 57, 390.95, NULL, 'fixed', NULL, NULL, 0, NULL, NULL, 0.00, 0, 0, 1, 'website/images/products/product_43.webp', 'XXL-Black-SKU-00000057', '2025-08-07 03:49:24', '2025-08-07 03:49:24'),
	(68, 57, 388.54, NULL, 'fixed', NULL, NULL, 0, NULL, NULL, 0.00, 0, 0, 1, 'website/images/products/product_30.webp', 'XL-Pink-SKU-00000057', '2025-08-07 03:49:24', '2025-08-07 03:49:24'),
	(69, 57, 305.60, NULL, 'fixed', NULL, NULL, 0, NULL, NULL, 0.00, 0, 0, 1, 'website/images/products/product_24.webp', 'X-Black-SKU-00000057', '2025-08-07 03:49:25', '2025-08-07 03:49:25'),
	(70, 57, 400.20, NULL, 'fixed', NULL, NULL, 0, NULL, NULL, 0.00, 0, 0, 1, 'website/images/products/product_46.webp', 'M-Dark Black-SKU-00000057', '2025-08-07 03:49:25', '2025-08-07 03:49:25'),
	(71, 59, 1313.09, NULL, 'fixed', NULL, NULL, 0, NULL, NULL, 0.00, 0, 1, 1, 'website/images/products/product_12.webp', 'XL-Black-SKU-00000059', '2025-08-07 03:49:25', '2025-08-07 03:49:25'),
	(72, 59, 1105.78, NULL, 'fixed', NULL, NULL, 0, NULL, NULL, 0.00, 0, 0, 1, 'website/images/products/product_2.webp', 'X-Violet-SKU-00000059', '2025-08-07 03:49:25', '2025-08-07 03:49:25'),
	(73, 59, 1374.35, NULL, 'fixed', NULL, NULL, 0, NULL, NULL, 0.00, 0, 0, 1, 'website/images/products/product_33.webp', 'M-White-SKU-00000059', '2025-08-07 03:49:25', '2025-08-07 03:49:25'),
	(74, 59, 1371.51, NULL, 'fixed', NULL, NULL, 0, NULL, NULL, 0.00, 0, 0, 1, 'website/images/products/product_14.webp', 'M-Dark Black-SKU-00000059', '2025-08-07 03:49:25', '2025-08-07 03:49:25'),
	(75, 62, 1105.68, NULL, 'fixed', NULL, NULL, 0, NULL, NULL, 0.00, 0, 1, 1, 'website/images/products/product_53.webp', 'X-Red-SKU-00000062', '2025-08-07 03:49:25', '2025-08-07 03:49:25'),
	(76, 62, 964.10, NULL, 'fixed', NULL, NULL, 0, NULL, NULL, 0.00, 0, 0, 1, 'website/images/products/product_24.webp', 'XL-Red-SKU-00000062', '2025-08-07 03:49:25', '2025-08-07 03:49:25'),
	(77, 62, 1088.59, NULL, 'fixed', NULL, NULL, 0, NULL, NULL, 0.00, 0, 0, 1, 'website/images/products/product_10.webp', 'X-Violet-SKU-00000062', '2025-08-07 03:49:25', '2025-08-07 03:49:25'),
	(78, 62, 1008.84, NULL, 'fixed', NULL, NULL, 0, NULL, NULL, 0.00, 0, 0, 1, 'website/images/products/product_49.webp', 'XL-Black-SKU-00000062', '2025-08-07 03:49:25', '2025-08-07 03:49:25'),
	(79, 62, 1048.66, NULL, 'fixed', NULL, NULL, 0, NULL, NULL, 0.00, 0, 0, 1, 'website/images/products/product_41.webp', 'L-Pink-SKU-00000062', '2025-08-07 03:49:25', '2025-08-07 03:49:25'),
	(80, 64, 349.74, NULL, 'fixed', NULL, NULL, 0, NULL, NULL, 0.00, 0, 1, 1, 'website/images/products/product_16.webp', 'XL-Yellow-SKU-00000064', '2025-08-07 03:49:25', '2025-08-07 03:49:25'),
	(81, 64, 357.20, NULL, 'fixed', NULL, NULL, 0, NULL, NULL, 0.00, 0, 0, 1, 'website/images/products/product_34.webp', 'XL-Red-SKU-00000064', '2025-08-07 03:49:25', '2025-08-07 03:49:25'),
	(82, 64, 474.88, NULL, 'fixed', NULL, NULL, 0, NULL, NULL, 0.00, 0, 0, 1, 'website/images/products/product_53.webp', 'XXL-Yellow-SKU-00000064', '2025-08-07 03:49:25', '2025-08-07 03:49:25'),
	(83, 64, 515.64, NULL, 'fixed', NULL, NULL, 0, NULL, NULL, 0.00, 0, 0, 1, 'website/images/products/product_54.webp', 'L-Green-SKU-00000064', '2025-08-07 03:49:25', '2025-08-07 03:49:25'),
	(84, 64, 409.18, NULL, 'fixed', NULL, NULL, 0, NULL, NULL, 0.00, 0, 0, 1, 'website/images/products/product_3.webp', 'L-Sky Blue-SKU-00000064', '2025-08-07 03:49:25', '2025-08-07 03:49:25'),
	(85, 64, 446.56, NULL, 'fixed', NULL, NULL, 0, NULL, NULL, 0.00, 0, 0, 1, 'website/images/products/product_10.webp', 'L-Dark Black-SKU-00000064', '2025-08-07 03:49:25', '2025-08-07 03:49:25'),
	(86, 80, 1078.15, NULL, 'fixed', NULL, NULL, 0, NULL, NULL, 0.00, 0, 1, 1, 'website/images/products/product_5.webp', 'M-Green-SKU-00000080', '2025-08-07 03:49:26', '2025-08-07 03:49:26'),
	(87, 80, 1121.77, NULL, 'fixed', NULL, NULL, 0, NULL, NULL, 0.00, 0, 0, 1, 'website/images/products/product_36.webp', 'L-Green-SKU-00000080', '2025-08-07 03:49:26', '2025-08-07 03:49:26'),
	(88, 80, 1186.79, NULL, 'fixed', NULL, NULL, 0, NULL, NULL, 0.00, 0, 0, 1, 'website/images/products/product_52.webp', 'L-Sky Blue-SKU-00000080', '2025-08-07 03:49:26', '2025-08-07 03:49:26'),
	(89, 80, 1292.24, NULL, 'fixed', NULL, NULL, 0, NULL, NULL, 0.00, 0, 0, 1, 'website/images/products/product_33.webp', 'S-Red-SKU-00000080', '2025-08-07 03:49:26', '2025-08-07 03:49:26'),
	(90, 80, 1280.15, NULL, 'fixed', NULL, NULL, 0, NULL, NULL, 0.00, 0, 0, 1, 'website/images/products/product_58.webp', 'XXL-Red-SKU-00000080', '2025-08-07 03:49:26', '2025-08-07 03:49:26'),
	(91, 80, 1243.93, NULL, 'fixed', NULL, NULL, 0, NULL, NULL, 0.00, 0, 0, 1, 'website/images/products/product_55.webp', 'XL-Sky Blue-SKU-00000080', '2025-08-07 03:49:26', '2025-08-07 03:49:26');

-- Dumping structure for table topcommerce.variant_options
DROP TABLE IF EXISTS `variant_options`;
CREATE TABLE IF NOT EXISTS `variant_options` (
  `id` bigint(20) unsigned NOT NULL AUTO_INCREMENT,
  `variant_id` bigint(20) unsigned NOT NULL,
  `attribute_id` bigint(20) unsigned NOT NULL,
  `attribute_value_id` bigint(20) unsigned NOT NULL,
  `created_at` timestamp NULL DEFAULT NULL,
  `updated_at` timestamp NULL DEFAULT NULL,
  PRIMARY KEY (`id`),
  KEY `variant_options_variant_id_foreign` (`variant_id`),
  KEY `variant_options_attribute_id_foreign` (`attribute_id`),
  KEY `variant_options_attribute_value_id_foreign` (`attribute_value_id`),
  CONSTRAINT `variant_options_attribute_id_foreign` FOREIGN KEY (`attribute_id`) REFERENCES `attributes` (`id`) ON DELETE CASCADE,
  CONSTRAINT `variant_options_attribute_value_id_foreign` FOREIGN KEY (`attribute_value_id`) REFERENCES `attribute_values` (`id`) ON DELETE CASCADE,
  CONSTRAINT `variant_options_variant_id_foreign` FOREIGN KEY (`variant_id`) REFERENCES `variants` (`id`) ON DELETE CASCADE
) ENGINE=InnoDB AUTO_INCREMENT=183 DEFAULT CHARSET=utf8mb4 COLLATE=utf8mb4_unicode_ci;

-- Dumping data for table topcommerce.variant_options: ~182 rows (approximately)
DELETE FROM `variant_options`;
INSERT INTO `variant_options` (`id`, `variant_id`, `attribute_id`, `attribute_value_id`, `created_at`, `updated_at`) VALUES
	(1, 1, 1, 1, '2025-08-07 03:49:21', '2025-08-07 03:49:21'),
	(2, 1, 2, 15, '2025-08-07 03:49:21', '2025-08-07 03:49:21'),
	(3, 2, 1, 7, '2025-08-07 03:49:21', '2025-08-07 03:49:21'),
	(4, 2, 2, 11, '2025-08-07 03:49:21', '2025-08-07 03:49:21'),
	(5, 3, 1, 3, '2025-08-07 03:49:21', '2025-08-07 03:49:21'),
	(6, 3, 2, 8, '2025-08-07 03:49:21', '2025-08-07 03:49:21'),
	(7, 4, 1, 6, '2025-08-07 03:49:21', '2025-08-07 03:49:21'),
	(8, 4, 2, 11, '2025-08-07 03:49:21', '2025-08-07 03:49:21'),
	(9, 5, 1, 7, '2025-08-07 03:49:21', '2025-08-07 03:49:21'),
	(10, 5, 2, 16, '2025-08-07 03:49:21', '2025-08-07 03:49:21'),
	(11, 6, 1, 7, '2025-08-07 03:49:21', '2025-08-07 03:49:21'),
	(12, 6, 2, 8, '2025-08-07 03:49:21', '2025-08-07 03:49:21'),
	(13, 7, 1, 7, '2025-08-07 03:49:21', '2025-08-07 03:49:21'),
	(14, 7, 2, 14, '2025-08-07 03:49:21', '2025-08-07 03:49:21'),
	(15, 8, 1, 1, '2025-08-07 03:49:21', '2025-08-07 03:49:21'),
	(16, 8, 2, 16, '2025-08-07 03:49:21', '2025-08-07 03:49:21'),
	(17, 9, 1, 4, '2025-08-07 03:49:21', '2025-08-07 03:49:21'),
	(18, 9, 2, 14, '2025-08-07 03:49:21', '2025-08-07 03:49:21'),
	(19, 10, 1, 5, '2025-08-07 03:49:21', '2025-08-07 03:49:21'),
	(20, 10, 2, 16, '2025-08-07 03:49:21', '2025-08-07 03:49:21'),
	(21, 11, 1, 4, '2025-08-07 03:49:21', '2025-08-07 03:49:21'),
	(22, 11, 2, 13, '2025-08-07 03:49:21', '2025-08-07 03:49:21'),
	(23, 12, 1, 5, '2025-08-07 03:49:22', '2025-08-07 03:49:22'),
	(24, 12, 2, 9, '2025-08-07 03:49:22', '2025-08-07 03:49:22'),
	(25, 13, 1, 6, '2025-08-07 03:49:22', '2025-08-07 03:49:22'),
	(26, 13, 2, 13, '2025-08-07 03:49:22', '2025-08-07 03:49:22'),
	(27, 14, 1, 1, '2025-08-07 03:49:22', '2025-08-07 03:49:22'),
	(28, 14, 2, 12, '2025-08-07 03:49:22', '2025-08-07 03:49:22'),
	(29, 15, 1, 4, '2025-08-07 03:49:22', '2025-08-07 03:49:22'),
	(30, 15, 2, 12, '2025-08-07 03:49:22', '2025-08-07 03:49:22'),
	(31, 16, 1, 4, '2025-08-07 03:49:22', '2025-08-07 03:49:22'),
	(32, 16, 2, 14, '2025-08-07 03:49:22', '2025-08-07 03:49:22'),
	(33, 17, 1, 1, '2025-08-07 03:49:22', '2025-08-07 03:49:22'),
	(34, 17, 2, 16, '2025-08-07 03:49:22', '2025-08-07 03:49:22'),
	(35, 18, 1, 4, '2025-08-07 03:49:22', '2025-08-07 03:49:22'),
	(36, 18, 2, 14, '2025-08-07 03:49:22', '2025-08-07 03:49:22'),
	(37, 19, 1, 5, '2025-08-07 03:49:22', '2025-08-07 03:49:22'),
	(38, 19, 2, 16, '2025-08-07 03:49:22', '2025-08-07 03:49:22'),
	(39, 20, 1, 1, '2025-08-07 03:49:22', '2025-08-07 03:49:22'),
	(40, 20, 2, 14, '2025-08-07 03:49:22', '2025-08-07 03:49:22'),
	(41, 21, 1, 3, '2025-08-07 03:49:22', '2025-08-07 03:49:22'),
	(42, 21, 2, 14, '2025-08-07 03:49:22', '2025-08-07 03:49:22'),
	(43, 22, 1, 3, '2025-08-07 03:49:22', '2025-08-07 03:49:22'),
	(44, 22, 2, 15, '2025-08-07 03:49:22', '2025-08-07 03:49:22'),
	(45, 23, 1, 3, '2025-08-07 03:49:22', '2025-08-07 03:49:22'),
	(46, 23, 2, 16, '2025-08-07 03:49:22', '2025-08-07 03:49:22'),
	(47, 24, 1, 4, '2025-08-07 03:49:22', '2025-08-07 03:49:22'),
	(48, 24, 2, 11, '2025-08-07 03:49:22', '2025-08-07 03:49:22'),
	(49, 25, 1, 3, '2025-08-07 03:49:22', '2025-08-07 03:49:22'),
	(50, 25, 2, 13, '2025-08-07 03:49:22', '2025-08-07 03:49:22'),
	(51, 26, 1, 5, '2025-08-07 03:49:22', '2025-08-07 03:49:22'),
	(52, 26, 2, 10, '2025-08-07 03:49:22', '2025-08-07 03:49:22'),
	(53, 27, 1, 3, '2025-08-07 03:49:22', '2025-08-07 03:49:22'),
	(54, 27, 2, 14, '2025-08-07 03:49:22', '2025-08-07 03:49:22'),
	(55, 28, 1, 4, '2025-08-07 03:49:22', '2025-08-07 03:49:22'),
	(56, 28, 2, 13, '2025-08-07 03:49:22', '2025-08-07 03:49:22'),
	(57, 29, 1, 4, '2025-08-07 03:49:22', '2025-08-07 03:49:22'),
	(58, 29, 2, 16, '2025-08-07 03:49:22', '2025-08-07 03:49:22'),
	(59, 30, 1, 7, '2025-08-07 03:49:23', '2025-08-07 03:49:23'),
	(60, 30, 2, 14, '2025-08-07 03:49:23', '2025-08-07 03:49:23'),
	(61, 31, 1, 6, '2025-08-07 03:49:23', '2025-08-07 03:49:23'),
	(62, 31, 2, 9, '2025-08-07 03:49:23', '2025-08-07 03:49:23'),
	(63, 32, 1, 3, '2025-08-07 03:49:23', '2025-08-07 03:49:23'),
	(64, 32, 2, 15, '2025-08-07 03:49:23', '2025-08-07 03:49:23'),
	(65, 33, 1, 4, '2025-08-07 03:49:23', '2025-08-07 03:49:23'),
	(66, 33, 2, 14, '2025-08-07 03:49:23', '2025-08-07 03:49:23'),
	(67, 34, 1, 5, '2025-08-07 03:49:23', '2025-08-07 03:49:23'),
	(68, 34, 2, 16, '2025-08-07 03:49:23', '2025-08-07 03:49:23'),
	(69, 35, 1, 6, '2025-08-07 03:49:23', '2025-08-07 03:49:23'),
	(70, 35, 2, 9, '2025-08-07 03:49:23', '2025-08-07 03:49:23'),
	(71, 36, 1, 6, '2025-08-07 03:49:23', '2025-08-07 03:49:23'),
	(72, 36, 2, 16, '2025-08-07 03:49:23', '2025-08-07 03:49:23'),
	(73, 37, 1, 3, '2025-08-07 03:49:23', '2025-08-07 03:49:23'),
	(74, 37, 2, 13, '2025-08-07 03:49:23', '2025-08-07 03:49:23'),
	(75, 38, 1, 4, '2025-08-07 03:49:23', '2025-08-07 03:49:23'),
	(76, 38, 2, 11, '2025-08-07 03:49:23', '2025-08-07 03:49:23'),
	(77, 39, 1, 7, '2025-08-07 03:49:23', '2025-08-07 03:49:23'),
	(78, 39, 2, 14, '2025-08-07 03:49:23', '2025-08-07 03:49:23'),
	(79, 40, 1, 7, '2025-08-07 03:49:23', '2025-08-07 03:49:23'),
	(80, 40, 2, 10, '2025-08-07 03:49:23', '2025-08-07 03:49:23'),
	(81, 41, 1, 6, '2025-08-07 03:49:23', '2025-08-07 03:49:23'),
	(82, 41, 2, 16, '2025-08-07 03:49:23', '2025-08-07 03:49:23'),
	(83, 42, 1, 7, '2025-08-07 03:49:23', '2025-08-07 03:49:23'),
	(84, 42, 2, 12, '2025-08-07 03:49:23', '2025-08-07 03:49:23'),
	(85, 43, 1, 6, '2025-08-07 03:49:23', '2025-08-07 03:49:23'),
	(86, 43, 2, 10, '2025-08-07 03:49:23', '2025-08-07 03:49:23'),
	(87, 44, 1, 7, '2025-08-07 03:49:23', '2025-08-07 03:49:23'),
	(88, 44, 2, 15, '2025-08-07 03:49:23', '2025-08-07 03:49:23'),
	(89, 45, 1, 1, '2025-08-07 03:49:23', '2025-08-07 03:49:23'),
	(90, 45, 2, 9, '2025-08-07 03:49:23', '2025-08-07 03:49:23'),
	(91, 46, 1, 3, '2025-08-07 03:49:23', '2025-08-07 03:49:23'),
	(92, 46, 2, 8, '2025-08-07 03:49:23', '2025-08-07 03:49:23'),
	(93, 47, 1, 6, '2025-08-07 03:49:23', '2025-08-07 03:49:23'),
	(94, 47, 2, 15, '2025-08-07 03:49:23', '2025-08-07 03:49:23'),
	(95, 48, 1, 4, '2025-08-07 03:49:23', '2025-08-07 03:49:23'),
	(96, 48, 2, 11, '2025-08-07 03:49:23', '2025-08-07 03:49:23'),
	(97, 49, 1, 5, '2025-08-07 03:49:23', '2025-08-07 03:49:23'),
	(98, 49, 2, 10, '2025-08-07 03:49:23', '2025-08-07 03:49:23'),
	(99, 50, 1, 1, '2025-08-07 03:49:23', '2025-08-07 03:49:23'),
	(100, 50, 2, 8, '2025-08-07 03:49:23', '2025-08-07 03:49:23'),
	(101, 51, 1, 7, '2025-08-07 03:49:23', '2025-08-07 03:49:23'),
	(102, 51, 2, 16, '2025-08-07 03:49:23', '2025-08-07 03:49:23'),
	(103, 52, 1, 1, '2025-08-07 03:49:23', '2025-08-07 03:49:23'),
	(104, 52, 2, 14, '2025-08-07 03:49:23', '2025-08-07 03:49:23'),
	(105, 53, 1, 1, '2025-08-07 03:49:23', '2025-08-07 03:49:23'),
	(106, 53, 2, 8, '2025-08-07 03:49:23', '2025-08-07 03:49:23'),
	(107, 54, 1, 6, '2025-08-07 03:49:24', '2025-08-07 03:49:24'),
	(108, 54, 2, 8, '2025-08-07 03:49:24', '2025-08-07 03:49:24'),
	(109, 55, 1, 6, '2025-08-07 03:49:24', '2025-08-07 03:49:24'),
	(110, 55, 2, 10, '2025-08-07 03:49:24', '2025-08-07 03:49:24'),
	(111, 56, 1, 1, '2025-08-07 03:49:24', '2025-08-07 03:49:24'),
	(112, 56, 2, 15, '2025-08-07 03:49:24', '2025-08-07 03:49:24'),
	(113, 57, 1, 7, '2025-08-07 03:49:24', '2025-08-07 03:49:24'),
	(114, 57, 2, 8, '2025-08-07 03:49:24', '2025-08-07 03:49:24'),
	(115, 58, 1, 6, '2025-08-07 03:49:24', '2025-08-07 03:49:24'),
	(116, 58, 2, 13, '2025-08-07 03:49:24', '2025-08-07 03:49:24'),
	(117, 59, 1, 6, '2025-08-07 03:49:24', '2025-08-07 03:49:24'),
	(118, 59, 2, 11, '2025-08-07 03:49:24', '2025-08-07 03:49:24'),
	(119, 60, 1, 3, '2025-08-07 03:49:24', '2025-08-07 03:49:24'),
	(120, 60, 2, 12, '2025-08-07 03:49:24', '2025-08-07 03:49:24'),
	(121, 61, 1, 4, '2025-08-07 03:49:24', '2025-08-07 03:49:24'),
	(122, 61, 2, 10, '2025-08-07 03:49:24', '2025-08-07 03:49:24'),
	(123, 62, 1, 7, '2025-08-07 03:49:24', '2025-08-07 03:49:24'),
	(124, 62, 2, 14, '2025-08-07 03:49:24', '2025-08-07 03:49:24'),
	(125, 63, 1, 7, '2025-08-07 03:49:24', '2025-08-07 03:49:24'),
	(126, 63, 2, 9, '2025-08-07 03:49:24', '2025-08-07 03:49:24'),
	(127, 64, 1, 6, '2025-08-07 03:49:24', '2025-08-07 03:49:24'),
	(128, 64, 2, 9, '2025-08-07 03:49:24', '2025-08-07 03:49:24'),
	(129, 65, 1, 5, '2025-08-07 03:49:24', '2025-08-07 03:49:24'),
	(130, 65, 2, 8, '2025-08-07 03:49:24', '2025-08-07 03:49:24'),
	(131, 66, 1, 5, '2025-08-07 03:49:24', '2025-08-07 03:49:24'),
	(132, 66, 2, 10, '2025-08-07 03:49:24', '2025-08-07 03:49:24'),
	(133, 67, 1, 7, '2025-08-07 03:49:24', '2025-08-07 03:49:24'),
	(134, 67, 2, 14, '2025-08-07 03:49:24', '2025-08-07 03:49:24'),
	(135, 68, 1, 6, '2025-08-07 03:49:25', '2025-08-07 03:49:25'),
	(136, 68, 2, 12, '2025-08-07 03:49:25', '2025-08-07 03:49:25'),
	(137, 69, 1, 4, '2025-08-07 03:49:25', '2025-08-07 03:49:25'),
	(138, 69, 2, 14, '2025-08-07 03:49:25', '2025-08-07 03:49:25'),
	(139, 70, 1, 3, '2025-08-07 03:49:25', '2025-08-07 03:49:25'),
	(140, 70, 2, 15, '2025-08-07 03:49:25', '2025-08-07 03:49:25'),
	(141, 71, 1, 6, '2025-08-07 03:49:25', '2025-08-07 03:49:25'),
	(142, 71, 2, 14, '2025-08-07 03:49:25', '2025-08-07 03:49:25'),
	(143, 72, 1, 4, '2025-08-07 03:49:25', '2025-08-07 03:49:25'),
	(144, 72, 2, 11, '2025-08-07 03:49:25', '2025-08-07 03:49:25'),
	(145, 73, 1, 3, '2025-08-07 03:49:25', '2025-08-07 03:49:25'),
	(146, 73, 2, 13, '2025-08-07 03:49:25', '2025-08-07 03:49:25'),
	(147, 74, 1, 3, '2025-08-07 03:49:25', '2025-08-07 03:49:25'),
	(148, 74, 2, 15, '2025-08-07 03:49:25', '2025-08-07 03:49:25'),
	(149, 75, 1, 4, '2025-08-07 03:49:25', '2025-08-07 03:49:25'),
	(150, 75, 2, 8, '2025-08-07 03:49:25', '2025-08-07 03:49:25'),
	(151, 76, 1, 6, '2025-08-07 03:49:25', '2025-08-07 03:49:25'),
	(152, 76, 2, 8, '2025-08-07 03:49:25', '2025-08-07 03:49:25'),
	(153, 77, 1, 4, '2025-08-07 03:49:25', '2025-08-07 03:49:25'),
	(154, 77, 2, 11, '2025-08-07 03:49:25', '2025-08-07 03:49:25'),
	(155, 78, 1, 6, '2025-08-07 03:49:25', '2025-08-07 03:49:25'),
	(156, 78, 2, 14, '2025-08-07 03:49:25', '2025-08-07 03:49:25'),
	(157, 79, 1, 5, '2025-08-07 03:49:25', '2025-08-07 03:49:25'),
	(158, 79, 2, 12, '2025-08-07 03:49:25', '2025-08-07 03:49:25'),
	(159, 80, 1, 6, '2025-08-07 03:49:25', '2025-08-07 03:49:25'),
	(160, 80, 2, 10, '2025-08-07 03:49:25', '2025-08-07 03:49:25'),
	(161, 81, 1, 6, '2025-08-07 03:49:25', '2025-08-07 03:49:25'),
	(162, 81, 2, 8, '2025-08-07 03:49:25', '2025-08-07 03:49:25'),
	(163, 82, 1, 7, '2025-08-07 03:49:25', '2025-08-07 03:49:25'),
	(164, 82, 2, 10, '2025-08-07 03:49:25', '2025-08-07 03:49:25'),
	(165, 83, 1, 5, '2025-08-07 03:49:25', '2025-08-07 03:49:25'),
	(166, 83, 2, 9, '2025-08-07 03:49:25', '2025-08-07 03:49:25'),
	(167, 84, 1, 5, '2025-08-07 03:49:25', '2025-08-07 03:49:25'),
	(168, 84, 2, 16, '2025-08-07 03:49:25', '2025-08-07 03:49:25'),
	(169, 85, 1, 5, '2025-08-07 03:49:25', '2025-08-07 03:49:25'),
	(170, 85, 2, 15, '2025-08-07 03:49:25', '2025-08-07 03:49:25'),
	(171, 86, 1, 3, '2025-08-07 03:49:26', '2025-08-07 03:49:26'),
	(172, 86, 2, 9, '2025-08-07 03:49:26', '2025-08-07 03:49:26'),
	(173, 87, 1, 5, '2025-08-07 03:49:26', '2025-08-07 03:49:26'),
	(174, 87, 2, 9, '2025-08-07 03:49:26', '2025-08-07 03:49:26'),
	(175, 88, 1, 5, '2025-08-07 03:49:26', '2025-08-07 03:49:26'),
	(176, 88, 2, 16, '2025-08-07 03:49:26', '2025-08-07 03:49:26'),
	(177, 89, 1, 1, '2025-08-07 03:49:26', '2025-08-07 03:49:26'),
	(178, 89, 2, 8, '2025-08-07 03:49:26', '2025-08-07 03:49:26'),
	(179, 90, 1, 7, '2025-08-07 03:49:26', '2025-08-07 03:49:26'),
	(180, 90, 2, 8, '2025-08-07 03:49:26', '2025-08-07 03:49:26'),
	(181, 91, 1, 6, '2025-08-07 03:49:26', '2025-08-07 03:49:26'),
	(182, 91, 2, 16, '2025-08-07 03:49:26', '2025-08-07 03:49:26');

-- Dumping structure for table topcommerce.vendors
DROP TABLE IF EXISTS `vendors`;
CREATE TABLE IF NOT EXISTS `vendors` (
  `id` bigint(20) unsigned NOT NULL AUTO_INCREMENT,
  `user_id` int(11) NOT NULL,
  `banner_image` varchar(255) DEFAULT NULL,
  `logo_image` varchar(255) DEFAULT NULL,
  `phone` varchar(255) DEFAULT NULL,
  `email` varchar(255) DEFAULT NULL,
  `shop_name` varchar(255) NOT NULL,
  `shop_slug` varchar(255) NOT NULL,
  `open_at` varchar(255) DEFAULT NULL,
  `closed_at` varchar(255) DEFAULT NULL,
  `address` varchar(255) DEFAULT NULL,
  `seo_title` text DEFAULT NULL,
  `seo_description` text DEFAULT NULL,
  `status` int(11) NOT NULL DEFAULT 0,
  `is_featured` int(11) NOT NULL DEFAULT 0,
  `top_rated` int(11) NOT NULL DEFAULT 0,
  `verification_token` varchar(255) DEFAULT NULL,
  `is_verified` tinyint(1) NOT NULL DEFAULT 0,
  `created_at` timestamp NULL DEFAULT NULL,
  `updated_at` timestamp NULL DEFAULT NULL,
  PRIMARY KEY (`id`)
) ENGINE=InnoDB AUTO_INCREMENT=9 DEFAULT CHARSET=utf8mb4 COLLATE=utf8mb4_unicode_ci;

-- Dumping data for table topcommerce.vendors: ~8 rows (approximately)
DELETE FROM `vendors`;
INSERT INTO `vendors` (`id`, `user_id`, `banner_image`, `logo_image`, `phone`, `email`, `shop_name`, `shop_slug`, `open_at`, `closed_at`, `address`, `seo_title`, `seo_description`, `status`, `is_featured`, `top_rated`, `verification_token`, `is_verified`, `created_at`, `updated_at`) VALUES
	(1, 1002, 'website/images/vendor_img_1.webp', 'website/images/vendor_logo.webp', '(680) 968-5093', 'cturcotte@kiehn.com', 'Mrs. Belle Goyette', 'mrs-belle-goyette', '09:00', '18:00', '455 Rosamond Pines Apt. 219\nReaganside, AZ 14111-1806', 'Koepp, VonRueden and Sanford', 'Ritchie-Goodwin', 1, 0, 0, NULL, 1, '2025-08-07 03:49:17', '2025-08-07 03:49:17'),
	(2, 1003, 'website/images/vendor_img_1.webp', 'website/images/vendor_logo.webp', '+1 (678) 589-6653', 'lonzo.corkery@example.net', 'Lebsack-Mitchell', 'cummerata-walker-and-kautzer', '09:00', '18:00', '961 Homenick Plains Apt. 076\nNew Buford, IN 18565', 'Beahan, Kuvalis and Lehner', 'Koch, Stark and Bruen', 1, 0, 0, NULL, 1, '2025-08-07 03:49:18', '2025-08-07 03:49:18'),
	(3, 1004, 'website/images/vendor_img_2.webp', 'website/images/vendor_logo.webp', '1-678-748-0021', 'alessia37@example.com', 'Lynch-Lueilwitz', 'wilderman-plc', '09:00', '18:00', '517 Esmeralda Divide Apt. 652\nEast Nedrabury, VT 96526', 'Bradtke, Abernathy and Ondricka', 'Mraz Group', 1, 0, 0, NULL, 1, '2025-08-07 03:49:18', '2025-08-07 03:49:18'),
	(4, 1005, 'website/images/vendor_img_3.webp', 'website/images/vendor_logo.webp', '331.203.0474', 'dejon.block@example.com', 'Koch Group', 'witting-group', '09:00', '18:00', '3787 Lindsey Shoals\nShieldsmouth, NY 68470', 'Rice Group', 'Zulauf Ltd', 1, 0, 0, NULL, 1, '2025-08-07 03:49:18', '2025-08-07 03:49:18'),
	(5, 1006, 'website/images/vendor_img_4.webp', 'website/images/vendor_logo.webp', '1-253-997-4113', 'ujaskolski@example.com', 'Bernier-Swift', 'kris-inc', '09:00', '18:00', '49558 Durgan Prairie\nSchambergermouth, HI 18109-6277', 'Langosh, Kertzmann and Kautzer', 'Torphy-Farrell', 1, 0, 0, NULL, 1, '2025-08-07 03:49:18', '2025-08-07 03:49:18'),
	(6, 1007, 'website/images/vendor_img_5.webp', 'website/images/vendor_logo.webp', '(505) 382-4755', 'feil.lonny@example.net', 'Muller PLC', 'gorczany-ltd', '09:00', '18:00', '93560 Katelin Groves Apt. 501\nJacobsbury, NH 14031', 'Schmitt Ltd', 'Doyle-Padberg', 1, 0, 0, NULL, 1, '2025-08-07 03:49:18', '2025-08-07 03:49:18'),
	(7, 1008, 'website/images/vendor_img_6.webp', 'website/images/vendor_logo.webp', '+1-860-254-2286', 'ucruickshank@example.com', 'Johnston-Maggio', 'jacobs-and-sons', '09:00', '18:00', '75279 Pagac Fords\nNorth Ford, SD 48059-2507', 'Schowalter, Beahan and Gerlach', 'Reichel, White and Barrows', 1, 0, 0, NULL, 1, '2025-08-07 03:49:18', '2025-08-07 03:49:18'),
	(8, 1009, 'website/images/vendor_img_7.webp', 'website/images/vendor_logo.webp', '732-667-8513', 'ella.wilderman@example.com', 'Murazik, Mann and Torphy', 'kuvalis-streich-and-grady', '09:00', '18:00', '8041 Baumbach Estate\nWalshshire, PA 10852-1334', 'Roob-Weber', 'Cormier-Skiles', 1, 0, 0, NULL, 1, '2025-08-07 03:49:19', '2025-08-07 03:49:19');

-- Dumping structure for table topcommerce.wallet_histories
DROP TABLE IF EXISTS `wallet_histories`;
CREATE TABLE IF NOT EXISTS `wallet_histories` (
  `id` bigint(20) unsigned NOT NULL AUTO_INCREMENT,
  `user_id` bigint(20) unsigned NOT NULL,
  `vendor_id` bigint(20) unsigned DEFAULT NULL,
  `product_id` bigint(20) unsigned DEFAULT NULL,
  `order_id` bigint(20) unsigned DEFAULT NULL,
  `order_details_id` bigint(20) unsigned DEFAULT NULL,
  `withdraw_request_id` bigint(20) unsigned DEFAULT NULL,
  `transaction_type` enum('credit','debit') NOT NULL DEFAULT 'credit',
  `amount` decimal(8,2) NOT NULL,
  `transaction_id` varchar(255) NOT NULL,
  `payment_gateway` varchar(255) NOT NULL,
  `payment_status` enum('pending','processing','completed','failed','rejected') NOT NULL DEFAULT 'pending',
  `created_at` timestamp NULL DEFAULT NULL,
  `updated_at` timestamp NULL DEFAULT NULL,
  PRIMARY KEY (`id`),
  KEY `wallet_histories_user_id_foreign` (`user_id`),
  CONSTRAINT `wallet_histories_user_id_foreign` FOREIGN KEY (`user_id`) REFERENCES `users` (`id`) ON DELETE CASCADE
) ENGINE=InnoDB AUTO_INCREMENT=10 DEFAULT CHARSET=utf8mb4 COLLATE=utf8mb4_unicode_ci;

-- Dumping data for table topcommerce.wallet_histories: ~9 rows (approximately)
DELETE FROM `wallet_histories`;
INSERT INTO `wallet_histories` (`id`, `user_id`, `vendor_id`, `product_id`, `order_id`, `order_details_id`, `withdraw_request_id`, `transaction_type`, `amount`, `transaction_id`, `payment_gateway`, `payment_status`, `created_at`, `updated_at`) VALUES
	(1, 1002, 1, 11, 8, 10, NULL, 'credit', 522.68, 'txn_3RtR0YLdrMGLvvfW0bZtmuv4', 'stripe', 'completed', '2025-08-07 04:25:16', '2025-08-07 04:25:16'),
	(2, 1007, 6, 9, 10, 12, NULL, 'credit', 479.50, 'txn_3RtR26LdrMGLvvfW0FFGfZCU', 'stripe', 'completed', '2025-08-07 04:26:52', '2025-08-07 04:26:52'),
	(3, 1002, 1, 11, 11, 13, NULL, 'credit', 522.68, 'txn_3RtRPULdrMGLvvfW3BRPzIfm', 'stripe', 'completed', '2025-08-07 04:51:03', '2025-08-07 04:51:03'),
	(4, 1009, 8, 17, 12, 14, NULL, 'credit', 1474.69, 'txn_3RtRPULdrMGLvvfW3BRPzIfm', 'stripe', 'completed', '2025-08-07 04:51:13', '2025-08-07 04:51:13'),
	(5, 1008, 7, 1, 13, 15, NULL, 'credit', 1081.33, 'txn_3RtRPULdrMGLvvfW3BRPzIfm', 'stripe', 'completed', '2025-08-07 04:51:20', '2025-08-07 04:51:20'),
	(6, 1006, 5, 7, 9, 11, NULL, 'credit', 57.34, 'txn_3RtR26LdrMGLvvfW0FFGfZCU', 'stripe', 'completed', '2025-08-07 04:54:12', '2025-08-07 04:54:12'),
	(7, 1002, 1, NULL, NULL, NULL, 1, 'debit', 50.00, 'withdraw_6894863509f9a', 'PayPal', 'completed', '2025-08-07 04:55:49', '2025-08-07 04:55:49'),
	(8, 1006, 5, 7, 14, 16, NULL, 'credit', 57.34, 'txn_3RtRWVLdrMGLvvfW16awTpyw', 'stripe', 'completed', '2025-08-07 04:58:17', '2025-08-07 04:58:17'),
	(9, 1009, 8, 12, 15, 17, NULL, 'credit', 1771.13, 'txn_3RtRWVLdrMGLvvfW16awTpyw', 'stripe', 'completed', '2025-08-07 04:58:28', '2025-08-07 04:58:28');

-- Dumping structure for table topcommerce.wishlists
DROP TABLE IF EXISTS `wishlists`;
CREATE TABLE IF NOT EXISTS `wishlists` (
  `id` bigint(20) unsigned NOT NULL AUTO_INCREMENT,
  `user_id` bigint(20) unsigned NOT NULL,
  `product_id` bigint(20) unsigned NOT NULL,
  `created_at` timestamp NULL DEFAULT NULL,
  `updated_at` timestamp NULL DEFAULT NULL,
  PRIMARY KEY (`id`)
) ENGINE=InnoDB AUTO_INCREMENT=21 DEFAULT CHARSET=utf8mb4 COLLATE=utf8mb4_unicode_ci;

-- Dumping data for table topcommerce.wishlists: ~20 rows (approximately)
DELETE FROM `wishlists`;
INSERT INTO `wishlists` (`id`, `user_id`, `product_id`, `created_at`, `updated_at`) VALUES
	(1, 1001, 39, '2025-08-07 03:49:26', '2025-08-07 03:49:26'),
	(2, 1001, 45, '2025-08-07 03:49:26', '2025-08-07 03:49:26'),
	(3, 1001, 52, '2025-08-07 03:49:26', '2025-08-07 03:49:26'),
	(4, 1001, 16, '2025-08-07 03:49:26', '2025-08-07 03:49:26'),
	(5, 1001, 40, '2025-08-07 03:49:26', '2025-08-07 03:49:26'),
	(6, 1001, 81, '2025-08-07 03:49:26', '2025-08-07 03:49:26'),
	(7, 1001, 6, '2025-08-07 03:49:26', '2025-08-07 03:49:26'),
	(8, 1001, 70, '2025-08-07 03:49:26', '2025-08-07 03:49:26'),
	(9, 1001, 9, '2025-08-07 03:49:26', '2025-08-07 03:49:26'),
	(10, 1001, 75, '2025-08-07 03:49:26', '2025-08-07 03:49:26'),
	(11, 1001, 40, '2025-08-07 03:49:26', '2025-08-07 03:49:26'),
	(12, 1001, 27, '2025-08-07 03:49:26', '2025-08-07 03:49:26'),
	(13, 1001, 36, '2025-08-07 03:49:26', '2025-08-07 03:49:26'),
	(14, 1001, 22, '2025-08-07 03:49:26', '2025-08-07 03:49:26'),
	(15, 1001, 41, '2025-08-07 03:49:26', '2025-08-07 03:49:26'),
	(16, 1001, 35, '2025-08-07 03:49:26', '2025-08-07 03:49:26'),
	(17, 1001, 32, '2025-08-07 03:49:26', '2025-08-07 03:49:26'),
	(18, 1001, 30, '2025-08-07 03:49:26', '2025-08-07 03:49:26'),
	(19, 1001, 34, '2025-08-07 03:49:26', '2025-08-07 03:49:26'),
	(20, 1001, 38, '2025-08-07 03:49:26', '2025-08-07 03:49:26');

-- Dumping structure for table topcommerce.withdraw_methods
DROP TABLE IF EXISTS `withdraw_methods`;
CREATE TABLE IF NOT EXISTS `withdraw_methods` (
  `id` bigint(20) unsigned NOT NULL AUTO_INCREMENT,
  `name` varchar(255) NOT NULL,
  `min_amount` decimal(8,2) NOT NULL DEFAULT 0.00,
  `max_amount` decimal(8,2) NOT NULL DEFAULT 0.00,
  `withdraw_charge` decimal(8,2) NOT NULL DEFAULT 0.00,
  `description` text DEFAULT NULL,
  `status` enum('active','inactive') NOT NULL DEFAULT 'active',
  `created_at` timestamp NULL DEFAULT NULL,
  `updated_at` timestamp NULL DEFAULT NULL,
  PRIMARY KEY (`id`)
) ENGINE=InnoDB AUTO_INCREMENT=5 DEFAULT CHARSET=utf8mb4 COLLATE=utf8mb4_unicode_ci;

-- Dumping data for table topcommerce.withdraw_methods: ~4 rows (approximately)
DELETE FROM `withdraw_methods`;
INSERT INTO `withdraw_methods` (`id`, `name`, `min_amount`, `max_amount`, `withdraw_charge`, `description`, `status`, `created_at`, `updated_at`) VALUES
	(1, 'PayPal', 50.00, 1000.00, 0.00, '<p>Please provide the necessary information for payment</p><ol><li>Your payment email</li><li>Your Holder name</li></ol>', 'active', '2025-08-07 03:49:15', '2025-08-07 03:49:15'),
	(2, 'Stripe', 50.00, 1000.00, 0.00, '<p>Please provide the necessary information for payment</p><ol><li>Your payment email</li><li>Your Holder name</li></ol>', 'active', '2025-08-07 03:49:15', '2025-08-07 03:49:15'),
	(3, 'Razorpay', 50.00, 1000.00, 0.00, '<p>Please provide the necessary information for payment</p><ol><li>Your payment email</li><li>Your Holder name</li></ol>', 'active', '2025-08-07 03:49:15', '2025-08-07 03:49:15'),
	(4, 'Bank', 50.00, 1000.00, 0.00, '<p>Please provide the necessary information for payment</p><ol><li>Your Account number</li><li>Your branch name</li><li>Your routing number</li></ol>', 'active', '2025-08-07 03:49:15', '2025-08-07 03:49:15');

-- Dumping structure for table topcommerce.withdraw_requests
DROP TABLE IF EXISTS `withdraw_requests`;
CREATE TABLE IF NOT EXISTS `withdraw_requests` (
  `id` bigint(20) unsigned NOT NULL AUTO_INCREMENT,
  `user_id` bigint(20) unsigned NOT NULL,
  `vendor_id` bigint(20) unsigned DEFAULT NULL,
  `method` varchar(255) NOT NULL,
  `total_amount` decimal(8,2) NOT NULL DEFAULT 0.00,
  `withdraw_amount` decimal(8,2) NOT NULL DEFAULT 0.00,
  `withdraw_charge` decimal(8,2) NOT NULL DEFAULT 0.00,
  `account_info` text NOT NULL,
  `status` enum('pending','approved','rejected') NOT NULL DEFAULT 'pending',
  `approved_date` varchar(255) DEFAULT NULL,
  `created_at` timestamp NULL DEFAULT NULL,
  `updated_at` timestamp NULL DEFAULT NULL,
  PRIMARY KEY (`id`),
  KEY `withdraw_requests_user_id_foreign` (`user_id`),
  CONSTRAINT `withdraw_requests_user_id_foreign` FOREIGN KEY (`user_id`) REFERENCES `users` (`id`) ON DELETE CASCADE
) ENGINE=InnoDB AUTO_INCREMENT=3 DEFAULT CHARSET=utf8mb4 COLLATE=utf8mb4_unicode_ci;

-- Dumping data for table topcommerce.withdraw_requests: ~2 rows (approximately)
DELETE FROM `withdraw_requests`;
INSERT INTO `withdraw_requests` (`id`, `user_id`, `vendor_id`, `method`, `total_amount`, `withdraw_amount`, `withdraw_charge`, `account_info`, `status`, `approved_date`, `created_at`, `updated_at`) VALUES
	(1, 1002, 1, 'PayPal', 50.00, 50.00, 0.00, 'Name: Jhon Frusk\r\nEmail: jhonf.co@gmail.com', 'approved', '2025-08-07 10:55:49', '2025-08-07 04:55:22', '2025-08-07 04:55:49'),
	(2, 1002, 1, 'Stripe', 60.00, 60.00, 0.00, 'Email: jhonF.co@gmail.com\r\nName: Jhon Frask', 'pending', NULL, '2025-08-07 04:56:20', '2025-08-07 04:56:20');

/*!40103 SET TIME_ZONE=IFNULL(@OLD_TIME_ZONE, 'system') */;
/*!40101 SET SQL_MODE=IFNULL(@OLD_SQL_MODE, '') */;
/*!40014 SET FOREIGN_KEY_CHECKS=IFNULL(@OLD_FOREIGN_KEY_CHECKS, 1) */;
/*!40101 SET CHARACTER_SET_CLIENT=@OLD_CHARACTER_SET_CLIENT */;
/*!40111 SET SQL_NOTES=IFNULL(@OLD_SQL_NOTES, 1) */;

SET FOREIGN_KEY_CHECKS=1;